Indexing opening suite...
Started game 1 of 2000000 (fc3-256l1 vs v0.1.0)
Started game 2 of 2000000 (v0.1.0 vs fc3-256l1)
Started game 3 of 2000000 (fc3-256l1 vs v0.1.0)
Started game 4 of 2000000 (v0.1.0 vs fc3-256l1)
Finished game 4 (v0.1.0 vs fc3-256l1): 1-0 {White wins by adjudication}
Score of fc3-256l1 vs v0.1.0: 0 - 1 - 0  [0.000] 1
Started game 5 of 2000000 (fc3-256l1 vs v0.1.0)
Finished game 3 (fc3-256l1 vs v0.1.0): 1/2-1/2 {Draw by 3-fold repetition}
Score of fc3-256l1 vs v0.1.0: 0 - 1 - 1  [0.250] 2
Started game 6 of 2000000 (v0.1.0 vs fc3-256l1)
Finished game 1 (fc3-256l1 vs v0.1.0): 0-1 {Black wins by adjudication}
Score of fc3-256l1 vs v0.1.0: 0 - 2 - 1  [0.167] 3
Started game 7 of 2000000 (fc3-256l1 vs v0.1.0)
Finished game 2 (v0.1.0 vs fc3-256l1): 0-1 {Black wins by adjudication}
Score of fc3-256l1 vs v0.1.0: 1 - 2 - 1  [0.375] 4
Started game 8 of 2000000 (v0.1.0 vs fc3-256l1)
Finished game 5 (fc3-256l1 vs v0.1.0): 0-1 {Black wins by adjudication}
Score of fc3-256l1 vs v0.1.0: 1 - 3 - 1  [0.300] 5
Started game 9 of 2000000 (fc3-256l1 vs v0.1.0)
Finished game 6 (v0.1.0 vs fc3-256l1): 1/2-1/2 {Draw by 3-fold repetition}
Score of fc3-256l1 vs v0.1.0: 1 - 3 - 2  [0.333] 6
Started game 10 of 2000000 (v0.1.0 vs fc3-256l1)
Finished game 7 (fc3-256l1 vs v0.1.0): 0-1 {Black wins by adjudication}
Score of fc3-256l1 vs v0.1.0: 1 - 4 - 2  [0.286] 7
Started game 11 of 2000000 (fc3-256l1 vs v0.1.0)
Finished game 8 (v0.1.0 vs fc3-256l1): 0-1 {Black wins by adjudication}
Score of fc3-256l1 vs v0.1.0: 2 - 4 - 2  [0.375] 8
Started game 12 of 2000000 (v0.1.0 vs fc3-256l1)
Finished game 10 (v0.1.0 vs fc3-256l1): 1-0 {White wins by adjudication}
Score of fc3-256l1 vs v0.1.0: 2 - 5 - 2  [0.333] 9
Started game 13 of 2000000 (fc3-256l1 vs v0.1.0)
Finished game 9 (fc3-256l1 vs v0.1.0): 1/2-1/2 {Draw by 3-fold repetition}
Score of fc3-256l1 vs v0.1.0: 2 - 5 - 3  [0.350] 10
Started game 14 of 2000000 (v0.1.0 vs fc3-256l1)
Finished game 12 (v0.1.0 vs fc3-256l1): 1-0 {White wins by adjudication}
Score of fc3-256l1 vs v0.1.0: 2 - 6 - 3  [0.318] 11
Started game 15 of 2000000 (fc3-256l1 vs v0.1.0)
Finished game 11 (fc3-256l1 vs v0.1.0): 0-1 {Black wins by adjudication}
Score of fc3-256l1 vs v0.1.0: 2 - 7 - 3  [0.292] 12
Started game 16 of 2000000 (v0.1.0 vs fc3-256l1)
Finished game 13 (fc3-256l1 vs v0.1.0): 1/2-1/2 {Draw by 3-fold repetition}
Score of fc3-256l1 vs v0.1.0: 2 - 7 - 4  [0.308] 13
Started game 17 of 2000000 (fc3-256l1 vs v0.1.0)
Finished game 14 (v0.1.0 vs fc3-256l1): 1-0 {White wins by adjudication}
Score of fc3-256l1 vs v0.1.0: 2 - 8 - 4  [0.286] 14
Started game 18 of 2000000 (v0.1.0 vs fc3-256l1)
Finished game 15 (fc3-256l1 vs v0.1.0): 0-1 {Black wins by adjudication}
Score of fc3-256l1 vs v0.1.0: 2 - 9 - 4  [0.267] 15
Started game 19 of 2000000 (fc3-256l1 vs v0.1.0)
Finished game 16 (v0.1.0 vs fc3-256l1): 1/2-1/2 {Draw by 3-fold repetition}
Score of fc3-256l1 vs v0.1.0: 2 - 9 - 5  [0.281] 16
Started game 20 of 2000000 (v0.1.0 vs fc3-256l1)
Finished game 17 (fc3-256l1 vs v0.1.0): 0-1 {Black wins by adjudication}
Score of fc3-256l1 vs v0.1.0: 2 - 10 - 5  [0.265] 17
Started game 21 of 2000000 (fc3-256l1 vs v0.1.0)
Finished game 20 (v0.1.0 vs fc3-256l1): 1-0 {White wins by adjudication}
Score of fc3-256l1 vs v0.1.0: 2 - 11 - 5  [0.250] 18
Started game 22 of 2000000 (v0.1.0 vs fc3-256l1)
Finished game 21 (fc3-256l1 vs v0.1.0): 0-1 {Black wins by adjudication}
Score of fc3-256l1 vs v0.1.0: 2 - 12 - 5  [0.237] 19
Started game 23 of 2000000 (fc3-256l1 vs v0.1.0)
Finished game 18 (v0.1.0 vs fc3-256l1): 1-0 {White wins by adjudication}
Score of fc3-256l1 vs v0.1.0: 2 - 13 - 5  [0.225] 20
Started game 24 of 2000000 (v0.1.0 vs fc3-256l1)
Finished game 19 (fc3-256l1 vs v0.1.0): 1/2-1/2 {Draw by 3-fold repetition}
Score of fc3-256l1 vs v0.1.0: 2 - 13 - 6  [0.238] 21
Started game 25 of 2000000 (fc3-256l1 vs v0.1.0)
Finished game 22 (v0.1.0 vs fc3-256l1): 1-0 {White wins by adjudication}
Score of fc3-256l1 vs v0.1.0: 2 - 14 - 6  [0.227] 22
Started game 26 of 2000000 (v0.1.0 vs fc3-256l1)
Finished game 25 (fc3-256l1 vs v0.1.0): 0-1 {Black wins by adjudication}
Score of fc3-256l1 vs v0.1.0: 2 - 15 - 6  [0.217] 23
Started game 27 of 2000000 (fc3-256l1 vs v0.1.0)
Finished game 23 (fc3-256l1 vs v0.1.0): 0-1 {Black wins by adjudication}
Score of fc3-256l1 vs v0.1.0: 2 - 16 - 6  [0.208] 24
Started game 28 of 2000000 (v0.1.0 vs fc3-256l1)
Finished game 26 (v0.1.0 vs fc3-256l1): 1-0 {White wins by adjudication}
Score of fc3-256l1 vs v0.1.0: 2 - 17 - 6  [0.200] 25
Started game 29 of 2000000 (fc3-256l1 vs v0.1.0)
Finished game 24 (v0.1.0 vs fc3-256l1): 1/2-1/2 {Draw by 3-fold repetition}
Score of fc3-256l1 vs v0.1.0: 2 - 17 - 7  [0.212] 26
Started game 30 of 2000000 (v0.1.0 vs fc3-256l1)
Finished game 27 (fc3-256l1 vs v0.1.0): 0-1 {Black wins by adjudication}
Score of fc3-256l1 vs v0.1.0: 2 - 18 - 7  [0.204] 27
Started game 31 of 2000000 (fc3-256l1 vs v0.1.0)
Finished game 28 (v0.1.0 vs fc3-256l1): 1-0 {White wins by adjudication}
Score of fc3-256l1 vs v0.1.0: 2 - 19 - 7  [0.196] 28
Started game 32 of 2000000 (v0.1.0 vs fc3-256l1)
Finished game 29 (fc3-256l1 vs v0.1.0): 0-1 {Black wins by adjudication}
Score of fc3-256l1 vs v0.1.0: 2 - 20 - 7  [0.190] 29
Started game 33 of 2000000 (fc3-256l1 vs v0.1.0)
Finished game 30 (v0.1.0 vs fc3-256l1): 1-0 {White wins by adjudication}
Score of fc3-256l1 vs v0.1.0: 2 - 21 - 7  [0.183] 30
Started game 34 of 2000000 (v0.1.0 vs fc3-256l1)
Finished game 34 (v0.1.0 vs fc3-256l1): 1-0 {White wins by adjudication}
Score of fc3-256l1 vs v0.1.0: 2 - 22 - 7  [0.177] 31
Started game 35 of 2000000 (fc3-256l1 vs v0.1.0)
Finished game 32 (v0.1.0 vs fc3-256l1): 1-0 {White wins by adjudication}
Score of fc3-256l1 vs v0.1.0: 2 - 23 - 7  [0.172] 32
Started game 36 of 2000000 (v0.1.0 vs fc3-256l1)
Finished game 31 (fc3-256l1 vs v0.1.0): 0-1 {Black wins by adjudication}
Score of fc3-256l1 vs v0.1.0: 2 - 24 - 7  [0.167] 33
Started game 37 of 2000000 (fc3-256l1 vs v0.1.0)
Finished game 33 (fc3-256l1 vs v0.1.0): 1/2-1/2 {Draw by 3-fold repetition}
Score of fc3-256l1 vs v0.1.0: 2 - 24 - 8  [0.176] 34
Started game 38 of 2000000 (v0.1.0 vs fc3-256l1)
Finished game 35 (fc3-256l1 vs v0.1.0): 0-1 {Black wins by adjudication}
Score of fc3-256l1 vs v0.1.0: 2 - 25 - 8  [0.171] 35
Started game 39 of 2000000 (fc3-256l1 vs v0.1.0)
Finished game 37 (fc3-256l1 vs v0.1.0): 0-1 {Black wins by adjudication}
Score of fc3-256l1 vs v0.1.0: 2 - 26 - 8  [0.167] 36
Started game 40 of 2000000 (v0.1.0 vs fc3-256l1)
Finished game 36 (v0.1.0 vs fc3-256l1): 1-0 {White wins by adjudication}
Score of fc3-256l1 vs v0.1.0: 2 - 27 - 8  [0.162] 37
Started game 41 of 2000000 (fc3-256l1 vs v0.1.0)
Finished game 39 (fc3-256l1 vs v0.1.0): 0-1 {Black wins by adjudication}
Score of fc3-256l1 vs v0.1.0: 2 - 28 - 8  [0.158] 38
Started game 42 of 2000000 (v0.1.0 vs fc3-256l1)
Finished game 40 (v0.1.0 vs fc3-256l1): 1-0 {White wins by adjudication}
Score of fc3-256l1 vs v0.1.0: 2 - 29 - 8  [0.154] 39
Started game 43 of 2000000 (fc3-256l1 vs v0.1.0)
Finished game 38 (v0.1.0 vs fc3-256l1): 1/2-1/2 {Draw by 3-fold repetition}
Score of fc3-256l1 vs v0.1.0: 2 - 29 - 9  [0.163] 40
Started game 44 of 2000000 (v0.1.0 vs fc3-256l1)
Finished game 42 (v0.1.0 vs fc3-256l1): 1-0 {White wins by adjudication}
Score of fc3-256l1 vs v0.1.0: 2 - 30 - 9  [0.159] 41
Started game 45 of 2000000 (fc3-256l1 vs v0.1.0)
Finished game 41 (fc3-256l1 vs v0.1.0): 0-1 {Black wins by adjudication}
Score of fc3-256l1 vs v0.1.0: 2 - 31 - 9  [0.155] 42
Started game 46 of 2000000 (v0.1.0 vs fc3-256l1)
Finished game 43 (fc3-256l1 vs v0.1.0): 0-1 {Black wins by adjudication}
Score of fc3-256l1 vs v0.1.0: 2 - 32 - 9  [0.151] 43
Started game 47 of 2000000 (fc3-256l1 vs v0.1.0)
Finished game 45 (fc3-256l1 vs v0.1.0): 0-1 {Black wins by adjudication}
Score of fc3-256l1 vs v0.1.0: 2 - 33 - 9  [0.148] 44
Started game 48 of 2000000 (v0.1.0 vs fc3-256l1)
Finished game 44 (v0.1.0 vs fc3-256l1): 1/2-1/2 {Draw by 3-fold repetition}
Score of fc3-256l1 vs v0.1.0: 2 - 33 - 10  [0.156] 45
Started game 49 of 2000000 (fc3-256l1 vs v0.1.0)
Finished game 47 (fc3-256l1 vs v0.1.0): 1/2-1/2 {Draw by 3-fold repetition}
Score of fc3-256l1 vs v0.1.0: 2 - 33 - 11  [0.163] 46
Started game 50 of 2000000 (v0.1.0 vs fc3-256l1)
Finished game 46 (v0.1.0 vs fc3-256l1): 1/2-1/2 {Draw by 3-fold repetition}
Score of fc3-256l1 vs v0.1.0: 2 - 33 - 12  [0.170] 47
Started game 51 of 2000000 (fc3-256l1 vs v0.1.0)
Finished game 48 (v0.1.0 vs fc3-256l1): 1-0 {White mates}
Score of fc3-256l1 vs v0.1.0: 2 - 34 - 12  [0.167] 48
Started game 52 of 2000000 (v0.1.0 vs fc3-256l1)
Finished game 51 (fc3-256l1 vs v0.1.0): 1/2-1/2 {Draw by 3-fold repetition}
Score of fc3-256l1 vs v0.1.0: 2 - 34 - 13  [0.173] 49
Started game 53 of 2000000 (fc3-256l1 vs v0.1.0)
Finished game 49 (fc3-256l1 vs v0.1.0): 0-1 {Black wins by adjudication}
Score of fc3-256l1 vs v0.1.0: 2 - 35 - 13  [0.170] 50
Started game 54 of 2000000 (v0.1.0 vs fc3-256l1)
Finished game 50 (v0.1.0 vs fc3-256l1): 1-0 {White wins by adjudication}
Score of fc3-256l1 vs v0.1.0: 2 - 36 - 13  [0.167] 51
Started game 55 of 2000000 (fc3-256l1 vs v0.1.0)
Finished game 53 (fc3-256l1 vs v0.1.0): 0-1 {Black wins by adjudication}
Score of fc3-256l1 vs v0.1.0: 2 - 37 - 13  [0.163] 52
Started game 56 of 2000000 (v0.1.0 vs fc3-256l1)
Finished game 52 (v0.1.0 vs fc3-256l1): 1/2-1/2 {Draw by 3-fold repetition}
Score of fc3-256l1 vs v0.1.0: 2 - 37 - 14  [0.170] 53
Started game 57 of 2000000 (fc3-256l1 vs v0.1.0)
Finished game 55 (fc3-256l1 vs v0.1.0): 0-1 {Black wins by adjudication}
Score of fc3-256l1 vs v0.1.0: 2 - 38 - 14  [0.167] 54
Started game 58 of 2000000 (v0.1.0 vs fc3-256l1)
Finished game 54 (v0.1.0 vs fc3-256l1): 1-0 {White wins by adjudication}
Score of fc3-256l1 vs v0.1.0: 2 - 39 - 14  [0.164] 55
Started game 59 of 2000000 (fc3-256l1 vs v0.1.0)
Finished game 56 (v0.1.0 vs fc3-256l1): 1-0 {White wins by adjudication}
Score of fc3-256l1 vs v0.1.0: 2 - 40 - 14  [0.161] 56
Started game 60 of 2000000 (v0.1.0 vs fc3-256l1)
Finished game 57 (fc3-256l1 vs v0.1.0): 0-1 {Black wins by adjudication}
Score of fc3-256l1 vs v0.1.0: 2 - 41 - 14  [0.158] 57
Started game 61 of 2000000 (fc3-256l1 vs v0.1.0)
Finished game 58 (v0.1.0 vs fc3-256l1): 1-0 {White wins by adjudication}
Score of fc3-256l1 vs v0.1.0: 2 - 42 - 14  [0.155] 58
Started game 62 of 2000000 (v0.1.0 vs fc3-256l1)
Finished game 59 (fc3-256l1 vs v0.1.0): 0-1 {Black wins by adjudication}
Score of fc3-256l1 vs v0.1.0: 2 - 43 - 14  [0.153] 59
Started game 63 of 2000000 (fc3-256l1 vs v0.1.0)
Finished game 60 (v0.1.0 vs fc3-256l1): 1/2-1/2 {Draw by 3-fold repetition}
Score of fc3-256l1 vs v0.1.0: 2 - 43 - 15  [0.158] 60
Started game 64 of 2000000 (v0.1.0 vs fc3-256l1)
Finished game 61 (fc3-256l1 vs v0.1.0): 0-1 {Black wins by adjudication}
Score of fc3-256l1 vs v0.1.0: 2 - 44 - 15  [0.156] 61
Started game 65 of 2000000 (fc3-256l1 vs v0.1.0)
Finished game 62 (v0.1.0 vs fc3-256l1): 1/2-1/2 {Draw by 3-fold repetition}
Score of fc3-256l1 vs v0.1.0: 2 - 44 - 16  [0.161] 62
Started game 66 of 2000000 (v0.1.0 vs fc3-256l1)
Finished game 63 (fc3-256l1 vs v0.1.0): 0-1 {Black wins by adjudication}
Score of fc3-256l1 vs v0.1.0: 2 - 45 - 16  [0.159] 63
Started game 67 of 2000000 (fc3-256l1 vs v0.1.0)
Finished game 64 (v0.1.0 vs fc3-256l1): 1-0 {White wins by adjudication}
Score of fc3-256l1 vs v0.1.0: 2 - 46 - 16  [0.156] 64
Started game 68 of 2000000 (v0.1.0 vs fc3-256l1)
Finished game 65 (fc3-256l1 vs v0.1.0): 1/2-1/2 {Draw by 3-fold repetition}
Score of fc3-256l1 vs v0.1.0: 2 - 46 - 17  [0.162] 65
Started game 69 of 2000000 (fc3-256l1 vs v0.1.0)
Finished game 67 (fc3-256l1 vs v0.1.0): 0-1 {Black wins by adjudication}
Score of fc3-256l1 vs v0.1.0: 2 - 47 - 17  [0.159] 66
Started game 70 of 2000000 (v0.1.0 vs fc3-256l1)
Finished game 68 (v0.1.0 vs fc3-256l1): 1-0 {White wins by adjudication}
Score of fc3-256l1 vs v0.1.0: 2 - 48 - 17  [0.157] 67
Started game 71 of 2000000 (fc3-256l1 vs v0.1.0)
Finished game 66 (v0.1.0 vs fc3-256l1): 1/2-1/2 {Draw by 3-fold repetition}
Score of fc3-256l1 vs v0.1.0: 2 - 48 - 18  [0.162] 68
Started game 72 of 2000000 (v0.1.0 vs fc3-256l1)
Finished game 69 (fc3-256l1 vs v0.1.0): 0-1 {Black wins by adjudication}
Score of fc3-256l1 vs v0.1.0: 2 - 49 - 18  [0.159] 69
Started game 73 of 2000000 (fc3-256l1 vs v0.1.0)
Finished game 70 (v0.1.0 vs fc3-256l1): 1/2-1/2 {Draw by 3-fold repetition}
Score of fc3-256l1 vs v0.1.0: 2 - 49 - 19  [0.164] 70
Started game 74 of 2000000 (v0.1.0 vs fc3-256l1)
Finished game 71 (fc3-256l1 vs v0.1.0): 1-0 {White wins by adjudication}
Score of fc3-256l1 vs v0.1.0: 3 - 49 - 19  [0.176] 71
Started game 75 of 2000000 (fc3-256l1 vs v0.1.0)
Finished game 73 (fc3-256l1 vs v0.1.0): 0-1 {Black wins by adjudication}
Score of fc3-256l1 vs v0.1.0: 3 - 50 - 19  [0.174] 72
Started game 76 of 2000000 (v0.1.0 vs fc3-256l1)
Finished game 72 (v0.1.0 vs fc3-256l1): 1-0 {White wins by adjudication}
Score of fc3-256l1 vs v0.1.0: 3 - 51 - 19  [0.171] 73
Started game 77 of 2000000 (fc3-256l1 vs v0.1.0)
Finished game 75 (fc3-256l1 vs v0.1.0): 0-1 {Black wins by adjudication}
Score of fc3-256l1 vs v0.1.0: 3 - 52 - 19  [0.169] 74
Started game 78 of 2000000 (v0.1.0 vs fc3-256l1)
Finished game 74 (v0.1.0 vs fc3-256l1): 1/2-1/2 {Draw by 3-fold repetition}
Score of fc3-256l1 vs v0.1.0: 3 - 52 - 20  [0.173] 75
Started game 79 of 2000000 (fc3-256l1 vs v0.1.0)
Finished game 76 (v0.1.0 vs fc3-256l1): 1-0 {White wins by adjudication}
Score of fc3-256l1 vs v0.1.0: 3 - 53 - 20  [0.171] 76
Started game 80 of 2000000 (v0.1.0 vs fc3-256l1)
Finished game 77 (fc3-256l1 vs v0.1.0): 0-1 {Black wins by adjudication}
Score of fc3-256l1 vs v0.1.0: 3 - 54 - 20  [0.169] 77
Started game 81 of 2000000 (fc3-256l1 vs v0.1.0)
Finished game 78 (v0.1.0 vs fc3-256l1): 1/2-1/2 {Draw by 3-fold repetition}
Score of fc3-256l1 vs v0.1.0: 3 - 54 - 21  [0.173] 78
Started game 82 of 2000000 (v0.1.0 vs fc3-256l1)
Finished game 79 (fc3-256l1 vs v0.1.0): 0-1 {Black wins by adjudication}
Score of fc3-256l1 vs v0.1.0: 3 - 55 - 21  [0.171] 79
Started game 83 of 2000000 (fc3-256l1 vs v0.1.0)
Finished game 80 (v0.1.0 vs fc3-256l1): 1-0 {White wins by adjudication}
Score of fc3-256l1 vs v0.1.0: 3 - 56 - 21  [0.169] 80
Started game 84 of 2000000 (v0.1.0 vs fc3-256l1)
Finished game 81 (fc3-256l1 vs v0.1.0): 0-1 {Black wins by adjudication}
Score of fc3-256l1 vs v0.1.0: 3 - 57 - 21  [0.167] 81
Started game 85 of 2000000 (fc3-256l1 vs v0.1.0)
Finished game 83 (fc3-256l1 vs v0.1.0): 0-1 {Black wins by adjudication}
Score of fc3-256l1 vs v0.1.0: 3 - 58 - 21  [0.165] 82
Started game 86 of 2000000 (v0.1.0 vs fc3-256l1)
Finished game 84 (v0.1.0 vs fc3-256l1): 1/2-1/2 {Draw by 3-fold repetition}
Score of fc3-256l1 vs v0.1.0: 3 - 58 - 22  [0.169] 83
Started game 87 of 2000000 (fc3-256l1 vs v0.1.0)
Finished game 82 (v0.1.0 vs fc3-256l1): 1-0 {White wins by adjudication}
Score of fc3-256l1 vs v0.1.0: 3 - 59 - 22  [0.167] 84
Started game 88 of 2000000 (v0.1.0 vs fc3-256l1)
Finished game 86 (v0.1.0 vs fc3-256l1): 0-1 {Black wins by adjudication}
Score of fc3-256l1 vs v0.1.0: 4 - 59 - 22  [0.176] 85
Started game 89 of 2000000 (fc3-256l1 vs v0.1.0)
Finished game 85 (fc3-256l1 vs v0.1.0): 1/2-1/2 {Draw by 3-fold repetition}
Score of fc3-256l1 vs v0.1.0: 4 - 59 - 23  [0.180] 86
Started game 90 of 2000000 (v0.1.0 vs fc3-256l1)
Finished game 87 (fc3-256l1 vs v0.1.0): 0-1 {Black wins by adjudication}
Score of fc3-256l1 vs v0.1.0: 4 - 60 - 23  [0.178] 87
Started game 91 of 2000000 (fc3-256l1 vs v0.1.0)
Finished game 88 (v0.1.0 vs fc3-256l1): 1/2-1/2 {Draw by 3-fold repetition}
Score of fc3-256l1 vs v0.1.0: 4 - 60 - 24  [0.182] 88
Started game 92 of 2000000 (v0.1.0 vs fc3-256l1)
Finished game 89 (fc3-256l1 vs v0.1.0): 0-1 {Black wins by adjudication}
Score of fc3-256l1 vs v0.1.0: 4 - 61 - 24  [0.180] 89
Started game 93 of 2000000 (fc3-256l1 vs v0.1.0)
Finished game 91 (fc3-256l1 vs v0.1.0): 1-0 {White wins by adjudication}
Score of fc3-256l1 vs v0.1.0: 5 - 61 - 24  [0.189] 90
Started game 94 of 2000000 (v0.1.0 vs fc3-256l1)
Finished game 90 (v0.1.0 vs fc3-256l1): 1-0 {White wins by adjudication}
Score of fc3-256l1 vs v0.1.0: 5 - 62 - 24  [0.187] 91
Started game 95 of 2000000 (fc3-256l1 vs v0.1.0)
Finished game 92 (v0.1.0 vs fc3-256l1): 1-0 {White wins by adjudication}
Score of fc3-256l1 vs v0.1.0: 5 - 63 - 24  [0.185] 92
Started game 96 of 2000000 (v0.1.0 vs fc3-256l1)
Finished game 94 (v0.1.0 vs fc3-256l1): 1-0 {White wins by adjudication}
Score of fc3-256l1 vs v0.1.0: 5 - 64 - 24  [0.183] 93
Started game 97 of 2000000 (fc3-256l1 vs v0.1.0)
Finished game 95 (fc3-256l1 vs v0.1.0): 0-1 {Black wins by adjudication}
Score of fc3-256l1 vs v0.1.0: 5 - 65 - 24  [0.181] 94
Started game 98 of 2000000 (v0.1.0 vs fc3-256l1)
Finished game 93 (fc3-256l1 vs v0.1.0): 1/2-1/2 {Draw by 3-fold repetition}
Score of fc3-256l1 vs v0.1.0: 5 - 65 - 25  [0.184] 95
Started game 99 of 2000000 (fc3-256l1 vs v0.1.0)
Finished game 96 (v0.1.0 vs fc3-256l1): 1-0 {White wins by adjudication}
Score of fc3-256l1 vs v0.1.0: 5 - 66 - 25  [0.182] 96
Started game 100 of 2000000 (v0.1.0 vs fc3-256l1)
Finished game 98 (v0.1.0 vs fc3-256l1): 1/2-1/2 {Draw by 3-fold repetition}
Score of fc3-256l1 vs v0.1.0: 5 - 66 - 26  [0.186] 97
Started game 101 of 2000000 (fc3-256l1 vs v0.1.0)
Finished game 97 (fc3-256l1 vs v0.1.0): 0-1 {Black mates}
Score of fc3-256l1 vs v0.1.0: 5 - 67 - 26  [0.184] 98
Started game 102 of 2000000 (v0.1.0 vs fc3-256l1)
Finished game 100 (v0.1.0 vs fc3-256l1): 1-0 {White wins by adjudication}
Score of fc3-256l1 vs v0.1.0: 5 - 68 - 26  [0.182] 99
Started game 103 of 2000000 (fc3-256l1 vs v0.1.0)
Finished game 99 (fc3-256l1 vs v0.1.0): 1-0 {White wins by adjudication}
Score of fc3-256l1 vs v0.1.0: 6 - 68 - 26  [0.190] 100
Started game 104 of 2000000 (v0.1.0 vs fc3-256l1)
Finished game 102 (v0.1.0 vs fc3-256l1): 1-0 {White wins by adjudication}
Score of fc3-256l1 vs v0.1.0: 6 - 69 - 26  [0.188] 101
Started game 105 of 2000000 (fc3-256l1 vs v0.1.0)
Finished game 101 (fc3-256l1 vs v0.1.0): 0-1 {Black wins by adjudication}
Score of fc3-256l1 vs v0.1.0: 6 - 70 - 26  [0.186] 102
Started game 106 of 2000000 (v0.1.0 vs fc3-256l1)
Finished game 104 (v0.1.0 vs fc3-256l1): 1-0 {White wins by adjudication}
Score of fc3-256l1 vs v0.1.0: 6 - 71 - 26  [0.184] 103
Started game 107 of 2000000 (fc3-256l1 vs v0.1.0)
Finished game 103 (fc3-256l1 vs v0.1.0): 0-1 {Black wins by adjudication}
Score of fc3-256l1 vs v0.1.0: 6 - 72 - 26  [0.183] 104
Started game 108 of 2000000 (v0.1.0 vs fc3-256l1)
Finished game 105 (fc3-256l1 vs v0.1.0): 1-0 {White wins by adjudication}
Score of fc3-256l1 vs v0.1.0: 7 - 72 - 26  [0.190] 105
Started game 109 of 2000000 (fc3-256l1 vs v0.1.0)
Finished game 106 (v0.1.0 vs fc3-256l1): 1-0 {White wins by adjudication}
Score of fc3-256l1 vs v0.1.0: 7 - 73 - 26  [0.189] 106
Started game 110 of 2000000 (v0.1.0 vs fc3-256l1)
Finished game 108 (v0.1.0 vs fc3-256l1): 1-0 {White wins by adjudication}
Score of fc3-256l1 vs v0.1.0: 7 - 74 - 26  [0.187] 107
Started game 111 of 2000000 (fc3-256l1 vs v0.1.0)
Finished game 107 (fc3-256l1 vs v0.1.0): 1-0 {White wins by adjudication}
Score of fc3-256l1 vs v0.1.0: 8 - 74 - 26  [0.194] 108
Started game 112 of 2000000 (v0.1.0 vs fc3-256l1)
Finished game 109 (fc3-256l1 vs v0.1.0): 0-1 {Black wins by adjudication}
Score of fc3-256l1 vs v0.1.0: 8 - 75 - 26  [0.193] 109
Started game 113 of 2000000 (fc3-256l1 vs v0.1.0)
Finished game 110 (v0.1.0 vs fc3-256l1): 1-0 {White wins by adjudication}
Score of fc3-256l1 vs v0.1.0: 8 - 76 - 26  [0.191] 110
Started game 114 of 2000000 (v0.1.0 vs fc3-256l1)
Finished game 111 (fc3-256l1 vs v0.1.0): 0-1 {Black wins by adjudication}
Score of fc3-256l1 vs v0.1.0: 8 - 77 - 26  [0.189] 111
Started game 115 of 2000000 (fc3-256l1 vs v0.1.0)
Finished game 114 (v0.1.0 vs fc3-256l1): 1-0 {White wins by adjudication}
Score of fc3-256l1 vs v0.1.0: 8 - 78 - 26  [0.188] 112
Started game 116 of 2000000 (v0.1.0 vs fc3-256l1)
Finished game 112 (v0.1.0 vs fc3-256l1): 1-0 {White wins by adjudication}
Score of fc3-256l1 vs v0.1.0: 8 - 79 - 26  [0.186] 113
Started game 117 of 2000000 (fc3-256l1 vs v0.1.0)
Finished game 116 (v0.1.0 vs fc3-256l1): 1-0 {White wins by adjudication}
Score of fc3-256l1 vs v0.1.0: 8 - 80 - 26  [0.184] 114
Started game 118 of 2000000 (v0.1.0 vs fc3-256l1)
Finished game 113 (fc3-256l1 vs v0.1.0): 0-1 {Black wins by adjudication}
Score of fc3-256l1 vs v0.1.0: 8 - 81 - 26  [0.183] 115
Started game 119 of 2000000 (fc3-256l1 vs v0.1.0)
Finished game 115 (fc3-256l1 vs v0.1.0): 0-1 {Black wins by adjudication}
Score of fc3-256l1 vs v0.1.0: 8 - 82 - 26  [0.181] 116
Started game 120 of 2000000 (v0.1.0 vs fc3-256l1)
Finished game 119 (fc3-256l1 vs v0.1.0): 0-1 {Black wins by adjudication}
Score of fc3-256l1 vs v0.1.0: 8 - 83 - 26  [0.179] 117
Started game 121 of 2000000 (fc3-256l1 vs v0.1.0)
Finished game 117 (fc3-256l1 vs v0.1.0): 0-1 {Black wins by adjudication}
Score of fc3-256l1 vs v0.1.0: 8 - 84 - 26  [0.178] 118
Started game 122 of 2000000 (v0.1.0 vs fc3-256l1)
Finished game 120 (v0.1.0 vs fc3-256l1): 1-0 {White wins by adjudication}
Score of fc3-256l1 vs v0.1.0: 8 - 85 - 26  [0.176] 119
Started game 123 of 2000000 (fc3-256l1 vs v0.1.0)
Finished game 118 (v0.1.0 vs fc3-256l1): 1/2-1/2 {Draw by 3-fold repetition}
Score of fc3-256l1 vs v0.1.0: 8 - 85 - 27  [0.179] 120
Started game 124 of 2000000 (v0.1.0 vs fc3-256l1)
Finished game 121 (fc3-256l1 vs v0.1.0): 0-1 {Black mates}
Score of fc3-256l1 vs v0.1.0: 8 - 86 - 27  [0.178] 121
Started game 125 of 2000000 (fc3-256l1 vs v0.1.0)
Finished game 122 (v0.1.0 vs fc3-256l1): 0-1 {Black mates}
Score of fc3-256l1 vs v0.1.0: 9 - 86 - 27  [0.184] 122
Started game 126 of 2000000 (v0.1.0 vs fc3-256l1)
Finished game 124 (v0.1.0 vs fc3-256l1): 1-0 {White wins by adjudication}
Score of fc3-256l1 vs v0.1.0: 9 - 87 - 27  [0.183] 123
Started game 127 of 2000000 (fc3-256l1 vs v0.1.0)
Finished game 123 (fc3-256l1 vs v0.1.0): 1-0 {White wins by adjudication}
Score of fc3-256l1 vs v0.1.0: 10 - 87 - 27  [0.190] 124
Started game 128 of 2000000 (v0.1.0 vs fc3-256l1)
Finished game 125 (fc3-256l1 vs v0.1.0): 0-1 {Black wins by adjudication}
Score of fc3-256l1 vs v0.1.0: 10 - 88 - 27  [0.188] 125
Started game 129 of 2000000 (fc3-256l1 vs v0.1.0)
Finished game 126 (v0.1.0 vs fc3-256l1): 1-0 {White wins by adjudication}
Score of fc3-256l1 vs v0.1.0: 10 - 89 - 27  [0.187] 126
Started game 130 of 2000000 (v0.1.0 vs fc3-256l1)
Finished game 127 (fc3-256l1 vs v0.1.0): 1/2-1/2 {Draw by 3-fold repetition}
Score of fc3-256l1 vs v0.1.0: 10 - 89 - 28  [0.189] 127
Started game 131 of 2000000 (fc3-256l1 vs v0.1.0)
Finished game 128 (v0.1.0 vs fc3-256l1): 0-1 {Black wins by adjudication}
Score of fc3-256l1 vs v0.1.0: 11 - 89 - 28  [0.195] 128
Started game 132 of 2000000 (v0.1.0 vs fc3-256l1)
Finished game 129 (fc3-256l1 vs v0.1.0): 0-1 {Black wins by adjudication}
Score of fc3-256l1 vs v0.1.0: 11 - 90 - 28  [0.194] 129
Started game 133 of 2000000 (fc3-256l1 vs v0.1.0)
Finished game 130 (v0.1.0 vs fc3-256l1): 1-0 {White wins by adjudication}
Score of fc3-256l1 vs v0.1.0: 11 - 91 - 28  [0.192] 130
Started game 134 of 2000000 (v0.1.0 vs fc3-256l1)
Finished game 132 (v0.1.0 vs fc3-256l1): 1-0 {White wins by adjudication}
Score of fc3-256l1 vs v0.1.0: 11 - 92 - 28  [0.191] 131
Started game 135 of 2000000 (fc3-256l1 vs v0.1.0)
Finished game 131 (fc3-256l1 vs v0.1.0): 1-0 {White wins by adjudication}
Score of fc3-256l1 vs v0.1.0: 12 - 92 - 28  [0.197] 132
Started game 136 of 2000000 (v0.1.0 vs fc3-256l1)
Finished game 133 (fc3-256l1 vs v0.1.0): 0-1 {Black wins by adjudication}
Score of fc3-256l1 vs v0.1.0: 12 - 93 - 28  [0.195] 133
Started game 137 of 2000000 (fc3-256l1 vs v0.1.0)
Finished game 135 (fc3-256l1 vs v0.1.0): 0-1 {Black wins by adjudication}
Score of fc3-256l1 vs v0.1.0: 12 - 94 - 28  [0.194] 134
Started game 138 of 2000000 (v0.1.0 vs fc3-256l1)
Finished game 134 (v0.1.0 vs fc3-256l1): 1-0 {White wins by adjudication}
Score of fc3-256l1 vs v0.1.0: 12 - 95 - 28  [0.193] 135
Started game 139 of 2000000 (fc3-256l1 vs v0.1.0)
Finished game 136 (v0.1.0 vs fc3-256l1): 1-0 {White wins by adjudication}
Score of fc3-256l1 vs v0.1.0: 12 - 96 - 28  [0.191] 136
Started game 140 of 2000000 (v0.1.0 vs fc3-256l1)
Finished game 137 (fc3-256l1 vs v0.1.0): 1/2-1/2 {Draw by 3-fold repetition}
Score of fc3-256l1 vs v0.1.0: 12 - 96 - 29  [0.193] 137
Started game 141 of 2000000 (fc3-256l1 vs v0.1.0)
Finished game 138 (v0.1.0 vs fc3-256l1): 1-0 {White wins by adjudication}
Score of fc3-256l1 vs v0.1.0: 12 - 97 - 29  [0.192] 138
Started game 142 of 2000000 (v0.1.0 vs fc3-256l1)
Finished game 139 (fc3-256l1 vs v0.1.0): 0-1 {Black wins by adjudication}
Score of fc3-256l1 vs v0.1.0: 12 - 98 - 29  [0.191] 139
Started game 143 of 2000000 (fc3-256l1 vs v0.1.0)
Finished game 140 (v0.1.0 vs fc3-256l1): 1-0 {White wins by adjudication}
Score of fc3-256l1 vs v0.1.0: 12 - 99 - 29  [0.189] 140
Started game 144 of 2000000 (v0.1.0 vs fc3-256l1)
Finished game 143 (fc3-256l1 vs v0.1.0): 0-1 {Black wins by adjudication}
Score of fc3-256l1 vs v0.1.0: 12 - 100 - 29  [0.188] 141
Started game 145 of 2000000 (fc3-256l1 vs v0.1.0)
Finished game 141 (fc3-256l1 vs v0.1.0): 0-1 {Black wins by adjudication}
Score of fc3-256l1 vs v0.1.0: 12 - 101 - 29  [0.187] 142
Started game 146 of 2000000 (v0.1.0 vs fc3-256l1)
Finished game 142 (v0.1.0 vs fc3-256l1): 0-1 {Black wins by adjudication}
Score of fc3-256l1 vs v0.1.0: 13 - 101 - 29  [0.192] 143
Started game 147 of 2000000 (fc3-256l1 vs v0.1.0)
Finished game 147 (fc3-256l1 vs v0.1.0): 0-1 {Black wins by adjudication}
Score of fc3-256l1 vs v0.1.0: 13 - 102 - 29  [0.191] 144
Started game 148 of 2000000 (v0.1.0 vs fc3-256l1)
Finished game 145 (fc3-256l1 vs v0.1.0): 0-1 {Black wins by adjudication}
Score of fc3-256l1 vs v0.1.0: 13 - 103 - 29  [0.190] 145
Started game 149 of 2000000 (fc3-256l1 vs v0.1.0)
Finished game 144 (v0.1.0 vs fc3-256l1): 0-1 {Black wins by adjudication}
Score of fc3-256l1 vs v0.1.0: 14 - 103 - 29  [0.195] 146
Started game 150 of 2000000 (v0.1.0 vs fc3-256l1)
Finished game 146 (v0.1.0 vs fc3-256l1): 1-0 {White wins by adjudication}
Score of fc3-256l1 vs v0.1.0: 14 - 104 - 29  [0.194] 147
Started game 151 of 2000000 (fc3-256l1 vs v0.1.0)
Finished game 149 (fc3-256l1 vs v0.1.0): 0-1 {Black wins by adjudication}
Score of fc3-256l1 vs v0.1.0: 14 - 105 - 29  [0.193] 148
Started game 152 of 2000000 (v0.1.0 vs fc3-256l1)
Finished game 148 (v0.1.0 vs fc3-256l1): 1-0 {White wins by adjudication}
Score of fc3-256l1 vs v0.1.0: 14 - 106 - 29  [0.191] 149
Started game 153 of 2000000 (fc3-256l1 vs v0.1.0)
Finished game 150 (v0.1.0 vs fc3-256l1): 1-0 {White wins by adjudication}
Score of fc3-256l1 vs v0.1.0: 14 - 107 - 29  [0.190] 150
Started game 154 of 2000000 (v0.1.0 vs fc3-256l1)
Finished game 152 (v0.1.0 vs fc3-256l1): 1-0 {White wins by adjudication}
Score of fc3-256l1 vs v0.1.0: 14 - 108 - 29  [0.189] 151
Started game 155 of 2000000 (fc3-256l1 vs v0.1.0)
Finished game 151 (fc3-256l1 vs v0.1.0): 0-1 {Black wins by adjudication}
Score of fc3-256l1 vs v0.1.0: 14 - 109 - 29  [0.188] 152
Started game 156 of 2000000 (v0.1.0 vs fc3-256l1)
Finished game 154 (v0.1.0 vs fc3-256l1): 1/2-1/2 {Draw by 3-fold repetition}
Score of fc3-256l1 vs v0.1.0: 14 - 109 - 30  [0.190] 153
Started game 157 of 2000000 (fc3-256l1 vs v0.1.0)
Finished game 153 (fc3-256l1 vs v0.1.0): 1/2-1/2 {Draw by 3-fold repetition}
Score of fc3-256l1 vs v0.1.0: 14 - 109 - 31  [0.192] 154
Started game 158 of 2000000 (v0.1.0 vs fc3-256l1)
Finished game 156 (v0.1.0 vs fc3-256l1): 1/2-1/2 {Draw by 3-fold repetition}
Score of fc3-256l1 vs v0.1.0: 14 - 109 - 32  [0.194] 155
Started game 159 of 2000000 (fc3-256l1 vs v0.1.0)
Finished game 155 (fc3-256l1 vs v0.1.0): 0-1 {Black wins by adjudication}
Score of fc3-256l1 vs v0.1.0: 14 - 110 - 32  [0.192] 156
Started game 160 of 2000000 (v0.1.0 vs fc3-256l1)
Finished game 157 (fc3-256l1 vs v0.1.0): 0-1 {Black wins by adjudication}
Score of fc3-256l1 vs v0.1.0: 14 - 111 - 32  [0.191] 157
Started game 161 of 2000000 (fc3-256l1 vs v0.1.0)
Finished game 158 (v0.1.0 vs fc3-256l1): 1/2-1/2 {Draw by 3-fold repetition}
Score of fc3-256l1 vs v0.1.0: 14 - 111 - 33  [0.193] 158
Started game 162 of 2000000 (v0.1.0 vs fc3-256l1)
Finished game 159 (fc3-256l1 vs v0.1.0): 0-1 {Black wins by adjudication}
Score of fc3-256l1 vs v0.1.0: 14 - 112 - 33  [0.192] 159
Started game 163 of 2000000 (fc3-256l1 vs v0.1.0)
Finished game 162 (v0.1.0 vs fc3-256l1): 1-0 {White wins by adjudication}
Score of fc3-256l1 vs v0.1.0: 14 - 113 - 33  [0.191] 160
Started game 164 of 2000000 (v0.1.0 vs fc3-256l1)
Finished game 161 (fc3-256l1 vs v0.1.0): 1/2-1/2 {Draw by 3-fold repetition}
Score of fc3-256l1 vs v0.1.0: 14 - 113 - 34  [0.193] 161
Started game 165 of 2000000 (fc3-256l1 vs v0.1.0)
Finished game 160 (v0.1.0 vs fc3-256l1): 0-1 {Black wins by adjudication}
Score of fc3-256l1 vs v0.1.0: 15 - 113 - 34  [0.198] 162
Started game 166 of 2000000 (v0.1.0 vs fc3-256l1)
Finished game 164 (v0.1.0 vs fc3-256l1): 1-0 {White wins by adjudication}
Score of fc3-256l1 vs v0.1.0: 15 - 114 - 34  [0.196] 163
Started game 167 of 2000000 (fc3-256l1 vs v0.1.0)
Finished game 163 (fc3-256l1 vs v0.1.0): 1/2-1/2 {Draw by 3-fold repetition}
Score of fc3-256l1 vs v0.1.0: 15 - 114 - 35  [0.198] 164
Started game 168 of 2000000 (v0.1.0 vs fc3-256l1)
Finished game 167 (fc3-256l1 vs v0.1.0): 0-1 {Black wins by adjudication}
Score of fc3-256l1 vs v0.1.0: 15 - 115 - 35  [0.197] 165
Started game 169 of 2000000 (fc3-256l1 vs v0.1.0)
Finished game 165 (fc3-256l1 vs v0.1.0): 0-1 {Black wins by adjudication}
Score of fc3-256l1 vs v0.1.0: 15 - 116 - 35  [0.196] 166
Started game 170 of 2000000 (v0.1.0 vs fc3-256l1)
Finished game 166 (v0.1.0 vs fc3-256l1): 1-0 {White wins by adjudication}
Score of fc3-256l1 vs v0.1.0: 15 - 117 - 35  [0.195] 167
Started game 171 of 2000000 (fc3-256l1 vs v0.1.0)
Finished game 169 (fc3-256l1 vs v0.1.0): 0-1 {Black wins by adjudication}
Score of fc3-256l1 vs v0.1.0: 15 - 118 - 35  [0.193] 168
Started game 172 of 2000000 (v0.1.0 vs fc3-256l1)
Finished game 171 (fc3-256l1 vs v0.1.0): 0-1 {Black wins by adjudication}
Score of fc3-256l1 vs v0.1.0: 15 - 119 - 35  [0.192] 169
Started game 173 of 2000000 (fc3-256l1 vs v0.1.0)
Finished game 168 (v0.1.0 vs fc3-256l1): 0-1 {Black wins by adjudication}
Score of fc3-256l1 vs v0.1.0: 16 - 119 - 35  [0.197] 170
Started game 174 of 2000000 (v0.1.0 vs fc3-256l1)
Finished game 170 (v0.1.0 vs fc3-256l1): 1/2-1/2 {Draw by 3-fold repetition}
Score of fc3-256l1 vs v0.1.0: 16 - 119 - 36  [0.199] 171
Started game 175 of 2000000 (fc3-256l1 vs v0.1.0)
Finished game 174 (v0.1.0 vs fc3-256l1): 1-0 {White mates}
Score of fc3-256l1 vs v0.1.0: 16 - 120 - 36  [0.198] 172
Started game 176 of 2000000 (v0.1.0 vs fc3-256l1)
Finished game 175 (fc3-256l1 vs v0.1.0): 1-0 {White wins by adjudication}
Score of fc3-256l1 vs v0.1.0: 17 - 120 - 36  [0.202] 173
Started game 177 of 2000000 (fc3-256l1 vs v0.1.0)
Finished game 173 (fc3-256l1 vs v0.1.0): 0-1 {Black wins by adjudication}
Score of fc3-256l1 vs v0.1.0: 17 - 121 - 36  [0.201] 174
Started game 178 of 2000000 (v0.1.0 vs fc3-256l1)
Finished game 172 (v0.1.0 vs fc3-256l1): 1/2-1/2 {Draw by 3-fold repetition}
Score of fc3-256l1 vs v0.1.0: 17 - 121 - 37  [0.203] 175
Started game 179 of 2000000 (fc3-256l1 vs v0.1.0)
Finished game 176 (v0.1.0 vs fc3-256l1): 1-0 {White wins by adjudication}
Score of fc3-256l1 vs v0.1.0: 17 - 122 - 37  [0.202] 176
Started game 180 of 2000000 (v0.1.0 vs fc3-256l1)
Finished game 178 (v0.1.0 vs fc3-256l1): 1-0 {White wins by adjudication}
Score of fc3-256l1 vs v0.1.0: 17 - 123 - 37  [0.201] 177
Started game 181 of 2000000 (fc3-256l1 vs v0.1.0)
Finished game 177 (fc3-256l1 vs v0.1.0): 0-1 {Black wins by adjudication}
Score of fc3-256l1 vs v0.1.0: 17 - 124 - 37  [0.199] 178
Started game 182 of 2000000 (v0.1.0 vs fc3-256l1)
Finished game 179 (fc3-256l1 vs v0.1.0): 0-1 {Black wins by adjudication}
Score of fc3-256l1 vs v0.1.0: 17 - 125 - 37  [0.198] 179
Started game 183 of 2000000 (fc3-256l1 vs v0.1.0)
Finished game 180 (v0.1.0 vs fc3-256l1): 1-0 {White wins by adjudication}
Score of fc3-256l1 vs v0.1.0: 17 - 126 - 37  [0.197] 180
Started game 184 of 2000000 (v0.1.0 vs fc3-256l1)
Finished game 181 (fc3-256l1 vs v0.1.0): 0-1 {Black wins by adjudication}
Score of fc3-256l1 vs v0.1.0: 17 - 127 - 37  [0.196] 181
Started game 185 of 2000000 (fc3-256l1 vs v0.1.0)
Finished game 182 (v0.1.0 vs fc3-256l1): 1-0 {White wins by adjudication}
Score of fc3-256l1 vs v0.1.0: 17 - 128 - 37  [0.195] 182
Started game 186 of 2000000 (v0.1.0 vs fc3-256l1)
Finished game 185 (fc3-256l1 vs v0.1.0): 0-1 {Black wins by adjudication}
Score of fc3-256l1 vs v0.1.0: 17 - 129 - 37  [0.194] 183
Started game 187 of 2000000 (fc3-256l1 vs v0.1.0)
Finished game 184 (v0.1.0 vs fc3-256l1): 1-0 {White wins by adjudication}
Score of fc3-256l1 vs v0.1.0: 17 - 130 - 37  [0.193] 184
Started game 188 of 2000000 (v0.1.0 vs fc3-256l1)
Finished game 183 (fc3-256l1 vs v0.1.0): 1-0 {White wins by adjudication}
Score of fc3-256l1 vs v0.1.0: 18 - 130 - 37  [0.197] 185
Started game 189 of 2000000 (fc3-256l1 vs v0.1.0)
Finished game 187 (fc3-256l1 vs v0.1.0): 0-1 {Black wins by adjudication}
Score of fc3-256l1 vs v0.1.0: 18 - 131 - 37  [0.196] 186
Started game 190 of 2000000 (v0.1.0 vs fc3-256l1)
Finished game 188 (v0.1.0 vs fc3-256l1): 1-0 {White wins by adjudication}
Score of fc3-256l1 vs v0.1.0: 18 - 132 - 37  [0.195] 187
Started game 191 of 2000000 (fc3-256l1 vs v0.1.0)
Finished game 186 (v0.1.0 vs fc3-256l1): 1-0 {White wins by adjudication}
Score of fc3-256l1 vs v0.1.0: 18 - 133 - 37  [0.194] 188
Started game 192 of 2000000 (v0.1.0 vs fc3-256l1)
Finished game 189 (fc3-256l1 vs v0.1.0): 0-1 {Black wins by adjudication}
Score of fc3-256l1 vs v0.1.0: 18 - 134 - 37  [0.193] 189
Started game 193 of 2000000 (fc3-256l1 vs v0.1.0)
Finished game 191 (fc3-256l1 vs v0.1.0): 0-1 {Black wins by adjudication}
Score of fc3-256l1 vs v0.1.0: 18 - 135 - 37  [0.192] 190
Started game 194 of 2000000 (v0.1.0 vs fc3-256l1)
Finished game 192 (v0.1.0 vs fc3-256l1): 1-0 {White wins by adjudication}
Score of fc3-256l1 vs v0.1.0: 18 - 136 - 37  [0.191] 191
Started game 195 of 2000000 (fc3-256l1 vs v0.1.0)
Finished game 194 (v0.1.0 vs fc3-256l1): 1-0 {White wins by adjudication}
Score of fc3-256l1 vs v0.1.0: 18 - 137 - 37  [0.190] 192
Started game 196 of 2000000 (v0.1.0 vs fc3-256l1)
Finished game 190 (v0.1.0 vs fc3-256l1): 1-0 {White wins by adjudication}
Score of fc3-256l1 vs v0.1.0: 18 - 138 - 37  [0.189] 193
Started game 197 of 2000000 (fc3-256l1 vs v0.1.0)
Finished game 193 (fc3-256l1 vs v0.1.0): 0-1 {Black wins by adjudication}
Score of fc3-256l1 vs v0.1.0: 18 - 139 - 37  [0.188] 194
Started game 198 of 2000000 (v0.1.0 vs fc3-256l1)
Finished game 195 (fc3-256l1 vs v0.1.0): 0-1 {Black wins by adjudication}
Score of fc3-256l1 vs v0.1.0: 18 - 140 - 37  [0.187] 195
Started game 199 of 2000000 (fc3-256l1 vs v0.1.0)
Finished game 197 (fc3-256l1 vs v0.1.0): 0-1 {Black wins by adjudication}
Score of fc3-256l1 vs v0.1.0: 18 - 141 - 37  [0.186] 196
Started game 200 of 2000000 (v0.1.0 vs fc3-256l1)
Finished game 196 (v0.1.0 vs fc3-256l1): 1-0 {White wins by adjudication}
Score of fc3-256l1 vs v0.1.0: 18 - 142 - 37  [0.185] 197
Started game 201 of 2000000 (fc3-256l1 vs v0.1.0)
Finished game 198 (v0.1.0 vs fc3-256l1): 1/2-1/2 {Draw by 3-fold repetition}
Score of fc3-256l1 vs v0.1.0: 18 - 142 - 38  [0.187] 198
Started game 202 of 2000000 (v0.1.0 vs fc3-256l1)
Finished game 199 (fc3-256l1 vs v0.1.0): 0-1 {Black wins by adjudication}
Score of fc3-256l1 vs v0.1.0: 18 - 143 - 38  [0.186] 199
Started game 203 of 2000000 (fc3-256l1 vs v0.1.0)
Finished game 201 (fc3-256l1 vs v0.1.0): 0-1 {White makes an illegal move: 0000}
Score of fc3-256l1 vs v0.1.0: 18 - 144 - 38  [0.185] 200
Started game 204 of 2000000 (v0.1.0 vs fc3-256l1)
Finished game 200 (v0.1.0 vs fc3-256l1): 0-1 {Black wins by adjudication}
Score of fc3-256l1 vs v0.1.0: 19 - 144 - 38  [0.189] 201
Started game 205 of 2000000 (fc3-256l1 vs v0.1.0)
Finished game 202 (v0.1.0 vs fc3-256l1): 1-0 {White mates}
Score of fc3-256l1 vs v0.1.0: 19 - 145 - 38  [0.188] 202
Started game 206 of 2000000 (v0.1.0 vs fc3-256l1)
Finished game 205 (fc3-256l1 vs v0.1.0): 0-1 {Black wins by adjudication}
Score of fc3-256l1 vs v0.1.0: 19 - 146 - 38  [0.187] 203
Started game 207 of 2000000 (fc3-256l1 vs v0.1.0)
Finished game 203 (fc3-256l1 vs v0.1.0): 1/2-1/2 {Draw by 3-fold repetition}
Score of fc3-256l1 vs v0.1.0: 19 - 146 - 39  [0.189] 204
Started game 208 of 2000000 (v0.1.0 vs fc3-256l1)
Finished game 204 (v0.1.0 vs fc3-256l1): 1-0 {White wins by adjudication}
Score of fc3-256l1 vs v0.1.0: 19 - 147 - 39  [0.188] 205
Started game 209 of 2000000 (fc3-256l1 vs v0.1.0)
Finished game 206 (v0.1.0 vs fc3-256l1): 1-0 {White wins by adjudication}
Score of fc3-256l1 vs v0.1.0: 19 - 148 - 39  [0.187] 206
Started game 210 of 2000000 (v0.1.0 vs fc3-256l1)
Finished game 207 (fc3-256l1 vs v0.1.0): 0-1 {Black wins by adjudication}
Score of fc3-256l1 vs v0.1.0: 19 - 149 - 39  [0.186] 207
Started game 211 of 2000000 (fc3-256l1 vs v0.1.0)
Finished game 209 (fc3-256l1 vs v0.1.0): 1-0 {White wins by adjudication}
Score of fc3-256l1 vs v0.1.0: 20 - 149 - 39  [0.190] 208
Started game 212 of 2000000 (v0.1.0 vs fc3-256l1)
Finished game 208 (v0.1.0 vs fc3-256l1): 1-0 {White wins by adjudication}
Score of fc3-256l1 vs v0.1.0: 20 - 150 - 39  [0.189] 209
Started game 213 of 2000000 (fc3-256l1 vs v0.1.0)
Finished game 210 (v0.1.0 vs fc3-256l1): 1-0 {White wins by adjudication}
Score of fc3-256l1 vs v0.1.0: 20 - 151 - 39  [0.188] 210
Started game 214 of 2000000 (v0.1.0 vs fc3-256l1)
Finished game 212 (v0.1.0 vs fc3-256l1): 1-0 {White wins by adjudication}
Score of fc3-256l1 vs v0.1.0: 20 - 152 - 39  [0.187] 211
Started game 215 of 2000000 (fc3-256l1 vs v0.1.0)
Finished game 211 (fc3-256l1 vs v0.1.0): 1/2-1/2 {Draw by 3-fold repetition}
Score of fc3-256l1 vs v0.1.0: 20 - 152 - 40  [0.189] 212
Started game 216 of 2000000 (v0.1.0 vs fc3-256l1)
Finished game 213 (fc3-256l1 vs v0.1.0): 1-0 {White wins by adjudication}
Score of fc3-256l1 vs v0.1.0: 21 - 152 - 40  [0.192] 213
Started game 217 of 2000000 (fc3-256l1 vs v0.1.0)
Finished game 214 (v0.1.0 vs fc3-256l1): 1/2-1/2 {Draw by 3-fold repetition}
Score of fc3-256l1 vs v0.1.0: 21 - 152 - 41  [0.194] 214
Started game 218 of 2000000 (v0.1.0 vs fc3-256l1)
Finished game 215 (fc3-256l1 vs v0.1.0): 0-1 {Black wins by adjudication}
Score of fc3-256l1 vs v0.1.0: 21 - 153 - 41  [0.193] 215
Started game 219 of 2000000 (fc3-256l1 vs v0.1.0)
Finished game 216 (v0.1.0 vs fc3-256l1): 0-1 {Black wins by adjudication}
Score of fc3-256l1 vs v0.1.0: 22 - 153 - 41  [0.197] 216
Started game 220 of 2000000 (v0.1.0 vs fc3-256l1)
Finished game 217 (fc3-256l1 vs v0.1.0): 0-1 {Black wins by adjudication}
Score of fc3-256l1 vs v0.1.0: 22 - 154 - 41  [0.196] 217
Started game 221 of 2000000 (fc3-256l1 vs v0.1.0)
Finished game 219 (fc3-256l1 vs v0.1.0): 0-1 {Black wins by adjudication}
Score of fc3-256l1 vs v0.1.0: 22 - 155 - 41  [0.195] 218
Started game 222 of 2000000 (v0.1.0 vs fc3-256l1)
Finished game 220 (v0.1.0 vs fc3-256l1): 0-1 {Black wins by adjudication}
Score of fc3-256l1 vs v0.1.0: 23 - 155 - 41  [0.199] 219
Started game 223 of 2000000 (fc3-256l1 vs v0.1.0)
Finished game 221 (fc3-256l1 vs v0.1.0): 0-1 {Black wins by adjudication}
Score of fc3-256l1 vs v0.1.0: 23 - 156 - 41  [0.198] 220
Started game 224 of 2000000 (v0.1.0 vs fc3-256l1)
Finished game 222 (v0.1.0 vs fc3-256l1): 1-0 {White wins by adjudication}
Score of fc3-256l1 vs v0.1.0: 23 - 157 - 41  [0.197] 221
Started game 225 of 2000000 (fc3-256l1 vs v0.1.0)
Finished game 218 (v0.1.0 vs fc3-256l1): 0-1 {Black wins by adjudication}
Score of fc3-256l1 vs v0.1.0: 24 - 157 - 41  [0.200] 222
Started game 226 of 2000000 (v0.1.0 vs fc3-256l1)
Finished game 224 (v0.1.0 vs fc3-256l1): 1-0 {White wins by adjudication}
Score of fc3-256l1 vs v0.1.0: 24 - 158 - 41  [0.200] 223
Started game 227 of 2000000 (fc3-256l1 vs v0.1.0)
Finished game 226 (v0.1.0 vs fc3-256l1): 1/2-1/2 {Draw by 3-fold repetition}
Score of fc3-256l1 vs v0.1.0: 24 - 158 - 42  [0.201] 224
Started game 228 of 2000000 (v0.1.0 vs fc3-256l1)
Finished game 225 (fc3-256l1 vs v0.1.0): 0-1 {Black wins by adjudication}
Score of fc3-256l1 vs v0.1.0: 24 - 159 - 42  [0.200] 225
Started game 229 of 2000000 (fc3-256l1 vs v0.1.0)
Finished game 223 (fc3-256l1 vs v0.1.0): 0-1 {Black wins by adjudication}
Score of fc3-256l1 vs v0.1.0: 24 - 160 - 42  [0.199] 226
Started game 230 of 2000000 (v0.1.0 vs fc3-256l1)
Finished game 227 (fc3-256l1 vs v0.1.0): 0-1 {Black wins by adjudication}
Score of fc3-256l1 vs v0.1.0: 24 - 161 - 42  [0.198] 227
Started game 231 of 2000000 (fc3-256l1 vs v0.1.0)
Finished game 230 (v0.1.0 vs fc3-256l1): 1-0 {White wins by adjudication}
Score of fc3-256l1 vs v0.1.0: 24 - 162 - 42  [0.197] 228
Started game 232 of 2000000 (v0.1.0 vs fc3-256l1)
Finished game 228 (v0.1.0 vs fc3-256l1): 1/2-1/2 {Draw by 3-fold repetition}
Score of fc3-256l1 vs v0.1.0: 24 - 162 - 43  [0.199] 229
Started game 233 of 2000000 (fc3-256l1 vs v0.1.0)
Finished game 229 (fc3-256l1 vs v0.1.0): 0-1 {Black wins by adjudication}
Score of fc3-256l1 vs v0.1.0: 24 - 163 - 43  [0.198] 230
Started game 234 of 2000000 (v0.1.0 vs fc3-256l1)
Finished game 233 (fc3-256l1 vs v0.1.0): 0-1 {Black wins by adjudication}
Score of fc3-256l1 vs v0.1.0: 24 - 164 - 43  [0.197] 231
Started game 235 of 2000000 (fc3-256l1 vs v0.1.0)
Finished game 231 (fc3-256l1 vs v0.1.0): 0-1 {Black wins by adjudication}
Score of fc3-256l1 vs v0.1.0: 24 - 165 - 43  [0.196] 232
Started game 236 of 2000000 (v0.1.0 vs fc3-256l1)
Finished game 235 (fc3-256l1 vs v0.1.0): 0-1 {Black wins by adjudication}
Score of fc3-256l1 vs v0.1.0: 24 - 166 - 43  [0.195] 233
Started game 237 of 2000000 (fc3-256l1 vs v0.1.0)
Finished game 234 (v0.1.0 vs fc3-256l1): 1-0 {White wins by adjudication}
Score of fc3-256l1 vs v0.1.0: 24 - 167 - 43  [0.194] 234
Started game 238 of 2000000 (v0.1.0 vs fc3-256l1)
Finished game 232 (v0.1.0 vs fc3-256l1): 1-0 {White wins by adjudication}
Score of fc3-256l1 vs v0.1.0: 24 - 168 - 43  [0.194] 235
Started game 239 of 2000000 (fc3-256l1 vs v0.1.0)
Finished game 237 (fc3-256l1 vs v0.1.0): 0-1 {Black wins by adjudication}
Score of fc3-256l1 vs v0.1.0: 24 - 169 - 43  [0.193] 236
Started game 240 of 2000000 (v0.1.0 vs fc3-256l1)
Finished game 236 (v0.1.0 vs fc3-256l1): 1-0 {White wins by adjudication}
Score of fc3-256l1 vs v0.1.0: 24 - 170 - 43  [0.192] 237
Started game 241 of 2000000 (fc3-256l1 vs v0.1.0)
Finished game 238 (v0.1.0 vs fc3-256l1): 1-0 {White wins by adjudication}
Score of fc3-256l1 vs v0.1.0: 24 - 171 - 43  [0.191] 238
Started game 242 of 2000000 (v0.1.0 vs fc3-256l1)
Finished game 239 (fc3-256l1 vs v0.1.0): 0-1 {Black wins by adjudication}
Score of fc3-256l1 vs v0.1.0: 24 - 172 - 43  [0.190] 239
Started game 243 of 2000000 (fc3-256l1 vs v0.1.0)
Finished game 243 (fc3-256l1 vs v0.1.0): 0-1 {Black wins by adjudication}
Score of fc3-256l1 vs v0.1.0: 24 - 173 - 43  [0.190] 240
Started game 244 of 2000000 (v0.1.0 vs fc3-256l1)
Finished game 240 (v0.1.0 vs fc3-256l1): 1-0 {White wins by adjudication}
Score of fc3-256l1 vs v0.1.0: 24 - 174 - 43  [0.189] 241
Started game 245 of 2000000 (fc3-256l1 vs v0.1.0)
Finished game 241 (fc3-256l1 vs v0.1.0): 0-1 {Black wins by adjudication}
Score of fc3-256l1 vs v0.1.0: 24 - 175 - 43  [0.188] 242
Started game 246 of 2000000 (v0.1.0 vs fc3-256l1)
Finished game 242 (v0.1.0 vs fc3-256l1): 1-0 {White wins by adjudication}
Score of fc3-256l1 vs v0.1.0: 24 - 176 - 43  [0.187] 243
Started game 247 of 2000000 (fc3-256l1 vs v0.1.0)
Finished game 244 (v0.1.0 vs fc3-256l1): 1-0 {White wins by adjudication}
Score of fc3-256l1 vs v0.1.0: 24 - 177 - 43  [0.186] 244
Started game 248 of 2000000 (v0.1.0 vs fc3-256l1)
Finished game 245 (fc3-256l1 vs v0.1.0): 0-1 {Black wins by adjudication}
Score of fc3-256l1 vs v0.1.0: 24 - 178 - 43  [0.186] 245
Started game 249 of 2000000 (fc3-256l1 vs v0.1.0)
Finished game 249 (fc3-256l1 vs v0.1.0): 0-1 {Black wins by adjudication}
Score of fc3-256l1 vs v0.1.0: 24 - 179 - 43  [0.185] 246
Started game 250 of 2000000 (v0.1.0 vs fc3-256l1)
Finished game 246 (v0.1.0 vs fc3-256l1): 1-0 {White wins by adjudication}
Score of fc3-256l1 vs v0.1.0: 24 - 180 - 43  [0.184] 247
Started game 251 of 2000000 (fc3-256l1 vs v0.1.0)
Finished game 248 (v0.1.0 vs fc3-256l1): 1-0 {White wins by adjudication}
Score of fc3-256l1 vs v0.1.0: 24 - 181 - 43  [0.183] 248
Started game 252 of 2000000 (v0.1.0 vs fc3-256l1)
Finished game 247 (fc3-256l1 vs v0.1.0): 0-1 {Black wins by adjudication}
Score of fc3-256l1 vs v0.1.0: 24 - 182 - 43  [0.183] 249
Started game 253 of 2000000 (fc3-256l1 vs v0.1.0)
Finished game 251 (fc3-256l1 vs v0.1.0): 0-1 {Black wins by adjudication}
Score of fc3-256l1 vs v0.1.0: 24 - 183 - 43  [0.182] 250
Started game 254 of 2000000 (v0.1.0 vs fc3-256l1)
Finished game 252 (v0.1.0 vs fc3-256l1): 1-0 {Black makes an illegal move: 0000}
Score of fc3-256l1 vs v0.1.0: 24 - 184 - 43  [0.181] 251
Started game 255 of 2000000 (fc3-256l1 vs v0.1.0)
Finished game 253 (fc3-256l1 vs v0.1.0): 0-1 {Black wins by adjudication}
Score of fc3-256l1 vs v0.1.0: 24 - 185 - 43  [0.181] 252
Started game 256 of 2000000 (v0.1.0 vs fc3-256l1)
Finished game 250 (v0.1.0 vs fc3-256l1): 0-1 {Black wins by adjudication}
Score of fc3-256l1 vs v0.1.0: 25 - 185 - 43  [0.184] 253
Started game 257 of 2000000 (fc3-256l1 vs v0.1.0)
Finished game 254 (v0.1.0 vs fc3-256l1): 1-0 {White wins by adjudication}
Score of fc3-256l1 vs v0.1.0: 25 - 186 - 43  [0.183] 254
Started game 258 of 2000000 (v0.1.0 vs fc3-256l1)
Finished game 257 (fc3-256l1 vs v0.1.0): 0-1 {Black wins by adjudication}
Score of fc3-256l1 vs v0.1.0: 25 - 187 - 43  [0.182] 255
Started game 259 of 2000000 (fc3-256l1 vs v0.1.0)
Finished game 255 (fc3-256l1 vs v0.1.0): 1-0 {White mates}
Score of fc3-256l1 vs v0.1.0: 26 - 187 - 43  [0.186] 256
Started game 260 of 2000000 (v0.1.0 vs fc3-256l1)
Finished game 256 (v0.1.0 vs fc3-256l1): 0-1 {Black wins by adjudication}
Score of fc3-256l1 vs v0.1.0: 27 - 187 - 43  [0.189] 257
Started game 261 of 2000000 (fc3-256l1 vs v0.1.0)
Finished game 258 (v0.1.0 vs fc3-256l1): 1/2-1/2 {Draw by 3-fold repetition}
Score of fc3-256l1 vs v0.1.0: 27 - 187 - 44  [0.190] 258
Started game 262 of 2000000 (v0.1.0 vs fc3-256l1)
Finished game 259 (fc3-256l1 vs v0.1.0): 0-1 {Black wins by adjudication}
Score of fc3-256l1 vs v0.1.0: 27 - 188 - 44  [0.189] 259
Started game 263 of 2000000 (fc3-256l1 vs v0.1.0)
Finished game 260 (v0.1.0 vs fc3-256l1): 0-1 {Black wins by adjudication}
Score of fc3-256l1 vs v0.1.0: 28 - 188 - 44  [0.192] 260
Started game 264 of 2000000 (v0.1.0 vs fc3-256l1)
Finished game 261 (fc3-256l1 vs v0.1.0): 1-0 {White wins by adjudication}
Score of fc3-256l1 vs v0.1.0: 29 - 188 - 44  [0.195] 261
Started game 265 of 2000000 (fc3-256l1 vs v0.1.0)
Finished game 262 (v0.1.0 vs fc3-256l1): 1-0 {White wins by adjudication}
Score of fc3-256l1 vs v0.1.0: 29 - 189 - 44  [0.195] 262
Started game 266 of 2000000 (v0.1.0 vs fc3-256l1)
Finished game 263 (fc3-256l1 vs v0.1.0): 1/2-1/2 {Draw by 3-fold repetition}
Score of fc3-256l1 vs v0.1.0: 29 - 189 - 45  [0.196] 263
Started game 267 of 2000000 (fc3-256l1 vs v0.1.0)
Finished game 264 (v0.1.0 vs fc3-256l1): 1-0 {White wins by adjudication}
Score of fc3-256l1 vs v0.1.0: 29 - 190 - 45  [0.195] 264
Started game 268 of 2000000 (v0.1.0 vs fc3-256l1)
Finished game 266 (v0.1.0 vs fc3-256l1): 1/2-1/2 {Draw by 3-fold repetition}
Score of fc3-256l1 vs v0.1.0: 29 - 190 - 46  [0.196] 265
Started game 269 of 2000000 (fc3-256l1 vs v0.1.0)
Finished game 265 (fc3-256l1 vs v0.1.0): 0-1 {Black wins by adjudication}
Score of fc3-256l1 vs v0.1.0: 29 - 191 - 46  [0.195] 266
Started game 270 of 2000000 (v0.1.0 vs fc3-256l1)
Finished game 267 (fc3-256l1 vs v0.1.0): 1/2-1/2 {Draw by 3-fold repetition}
Score of fc3-256l1 vs v0.1.0: 29 - 191 - 47  [0.197] 267
Started game 271 of 2000000 (fc3-256l1 vs v0.1.0)
Finished game 270 (v0.1.0 vs fc3-256l1): 1-0 {White wins by adjudication}
Score of fc3-256l1 vs v0.1.0: 29 - 192 - 47  [0.196] 268
Started game 272 of 2000000 (v0.1.0 vs fc3-256l1)
Finished game 268 (v0.1.0 vs fc3-256l1): 1-0 {White wins by adjudication}
Score of fc3-256l1 vs v0.1.0: 29 - 193 - 47  [0.195] 269
Started game 273 of 2000000 (fc3-256l1 vs v0.1.0)
Finished game 269 (fc3-256l1 vs v0.1.0): 1-0 {White mates}
Score of fc3-256l1 vs v0.1.0: 30 - 193 - 47  [0.198] 270
Started game 274 of 2000000 (v0.1.0 vs fc3-256l1)
Finished game 271 (fc3-256l1 vs v0.1.0): 0-1 {Black wins by adjudication}
Score of fc3-256l1 vs v0.1.0: 30 - 194 - 47  [0.197] 271
Started game 275 of 2000000 (fc3-256l1 vs v0.1.0)
Finished game 272 (v0.1.0 vs fc3-256l1): 1/2-1/2 {Draw by 3-fold repetition}
Score of fc3-256l1 vs v0.1.0: 30 - 194 - 48  [0.199] 272
Started game 276 of 2000000 (v0.1.0 vs fc3-256l1)
Finished game 274 (v0.1.0 vs fc3-256l1): 1-0 {White wins by adjudication}
Score of fc3-256l1 vs v0.1.0: 30 - 195 - 48  [0.198] 273
Started game 277 of 2000000 (fc3-256l1 vs v0.1.0)
Finished game 273 (fc3-256l1 vs v0.1.0): 0-1 {Black wins by adjudication}
Score of fc3-256l1 vs v0.1.0: 30 - 196 - 48  [0.197] 274
Started game 278 of 2000000 (v0.1.0 vs fc3-256l1)
Finished game 275 (fc3-256l1 vs v0.1.0): 0-1 {Black wins by adjudication}
Score of fc3-256l1 vs v0.1.0: 30 - 197 - 48  [0.196] 275
Started game 279 of 2000000 (fc3-256l1 vs v0.1.0)
Finished game 279 (fc3-256l1 vs v0.1.0): 1/2-1/2 {Draw by 3-fold repetition}
Score of fc3-256l1 vs v0.1.0: 30 - 197 - 49  [0.197] 276
Started game 280 of 2000000 (v0.1.0 vs fc3-256l1)
Finished game 276 (v0.1.0 vs fc3-256l1): 1/2-1/2 {Draw by 3-fold repetition}
Score of fc3-256l1 vs v0.1.0: 30 - 197 - 50  [0.199] 277
Started game 281 of 2000000 (fc3-256l1 vs v0.1.0)
Finished game 277 (fc3-256l1 vs v0.1.0): 1/2-1/2 {Draw by 3-fold repetition}
Score of fc3-256l1 vs v0.1.0: 30 - 197 - 51  [0.200] 278
Started game 282 of 2000000 (v0.1.0 vs fc3-256l1)
Finished game 280 (v0.1.0 vs fc3-256l1): 0-1 {Black wins by adjudication}
Score of fc3-256l1 vs v0.1.0: 31 - 197 - 51  [0.203] 279
Started game 283 of 2000000 (fc3-256l1 vs v0.1.0)
Finished game 278 (v0.1.0 vs fc3-256l1): 1/2-1/2 {Draw by 3-fold repetition}
Score of fc3-256l1 vs v0.1.0: 31 - 197 - 52  [0.204] 280
Started game 284 of 2000000 (v0.1.0 vs fc3-256l1)
Finished game 282 (v0.1.0 vs fc3-256l1): 1-0 {White mates}
Score of fc3-256l1 vs v0.1.0: 31 - 198 - 52  [0.203] 281
Started game 285 of 2000000 (fc3-256l1 vs v0.1.0)
Finished game 281 (fc3-256l1 vs v0.1.0): 0-1 {Black wins by adjudication}
Score of fc3-256l1 vs v0.1.0: 31 - 199 - 52  [0.202] 282
Started game 286 of 2000000 (v0.1.0 vs fc3-256l1)
Finished game 283 (fc3-256l1 vs v0.1.0): 1-0 {White wins by adjudication}
Score of fc3-256l1 vs v0.1.0: 32 - 199 - 52  [0.205] 283
Started game 287 of 2000000 (fc3-256l1 vs v0.1.0)
Finished game 284 (v0.1.0 vs fc3-256l1): 1/2-1/2 {Draw by 3-fold repetition}
Score of fc3-256l1 vs v0.1.0: 32 - 199 - 53  [0.206] 284
Started game 288 of 2000000 (v0.1.0 vs fc3-256l1)
Finished game 285 (fc3-256l1 vs v0.1.0): 0-1 {Black wins by adjudication}
Score of fc3-256l1 vs v0.1.0: 32 - 200 - 53  [0.205] 285
Started game 289 of 2000000 (fc3-256l1 vs v0.1.0)
Finished game 287 (fc3-256l1 vs v0.1.0): 1/2-1/2 {Draw by 3-fold repetition}
Score of fc3-256l1 vs v0.1.0: 32 - 200 - 54  [0.206] 286
Started game 290 of 2000000 (v0.1.0 vs fc3-256l1)
Finished game 286 (v0.1.0 vs fc3-256l1): 0-1 {Black wins by adjudication}
Score of fc3-256l1 vs v0.1.0: 33 - 200 - 54  [0.209] 287
Started game 291 of 2000000 (fc3-256l1 vs v0.1.0)
Finished game 289 (fc3-256l1 vs v0.1.0): 1/2-1/2 {Draw by 3-fold repetition}
Score of fc3-256l1 vs v0.1.0: 33 - 200 - 55  [0.210] 288
Started game 292 of 2000000 (v0.1.0 vs fc3-256l1)
Finished game 290 (v0.1.0 vs fc3-256l1): 1-0 {White wins by adjudication}
Score of fc3-256l1 vs v0.1.0: 33 - 201 - 55  [0.209] 289
Started game 293 of 2000000 (fc3-256l1 vs v0.1.0)
Finished game 288 (v0.1.0 vs fc3-256l1): 1-0 {White wins by adjudication}
Score of fc3-256l1 vs v0.1.0: 33 - 202 - 55  [0.209] 290
Started game 294 of 2000000 (v0.1.0 vs fc3-256l1)
Finished game 291 (fc3-256l1 vs v0.1.0): 1-0 {White wins by adjudication}
Score of fc3-256l1 vs v0.1.0: 34 - 202 - 55  [0.211] 291
Started game 295 of 2000000 (fc3-256l1 vs v0.1.0)
Finished game 293 (fc3-256l1 vs v0.1.0): 0-1 {Black wins by adjudication}
Score of fc3-256l1 vs v0.1.0: 34 - 203 - 55  [0.211] 292
Started game 296 of 2000000 (v0.1.0 vs fc3-256l1)
Finished game 295 (fc3-256l1 vs v0.1.0): 0-1 {Black wins by adjudication}
Score of fc3-256l1 vs v0.1.0: 34 - 204 - 55  [0.210] 293
Started game 297 of 2000000 (fc3-256l1 vs v0.1.0)
Finished game 292 (v0.1.0 vs fc3-256l1): 1-0 {White wins by adjudication}
Score of fc3-256l1 vs v0.1.0: 34 - 205 - 55  [0.209] 294
Started game 298 of 2000000 (v0.1.0 vs fc3-256l1)
Finished game 294 (v0.1.0 vs fc3-256l1): 1-0 {White wins by adjudication}
Score of fc3-256l1 vs v0.1.0: 34 - 206 - 55  [0.208] 295
Started game 299 of 2000000 (fc3-256l1 vs v0.1.0)
Finished game 296 (v0.1.0 vs fc3-256l1): 1-0 {White wins by adjudication}
Score of fc3-256l1 vs v0.1.0: 34 - 207 - 55  [0.208] 296
Started game 300 of 2000000 (v0.1.0 vs fc3-256l1)
Finished game 297 (fc3-256l1 vs v0.1.0): 1-0 {White wins by adjudication}
Score of fc3-256l1 vs v0.1.0: 35 - 207 - 55  [0.210] 297
Started game 301 of 2000000 (fc3-256l1 vs v0.1.0)
Finished game 298 (v0.1.0 vs fc3-256l1): 1-0 {White wins by adjudication}
Score of fc3-256l1 vs v0.1.0: 35 - 208 - 55  [0.210] 298
Started game 302 of 2000000 (v0.1.0 vs fc3-256l1)
Finished game 299 (fc3-256l1 vs v0.1.0): 0-1 {Black wins by adjudication}
Score of fc3-256l1 vs v0.1.0: 35 - 209 - 55  [0.209] 299
Started game 303 of 2000000 (fc3-256l1 vs v0.1.0)
Finished game 300 (v0.1.0 vs fc3-256l1): 0-1 {Black wins by adjudication}
Score of fc3-256l1 vs v0.1.0: 36 - 209 - 55  [0.212] 300
Started game 304 of 2000000 (v0.1.0 vs fc3-256l1)
Finished game 301 (fc3-256l1 vs v0.1.0): 0-1 {Black wins by adjudication}
Score of fc3-256l1 vs v0.1.0: 36 - 210 - 55  [0.211] 301
Started game 305 of 2000000 (fc3-256l1 vs v0.1.0)
Finished game 303 (fc3-256l1 vs v0.1.0): 1/2-1/2 {Draw by 3-fold repetition}
Score of fc3-256l1 vs v0.1.0: 36 - 210 - 56  [0.212] 302
Started game 306 of 2000000 (v0.1.0 vs fc3-256l1)
Finished game 302 (v0.1.0 vs fc3-256l1): 1-0 {White wins by adjudication}
Score of fc3-256l1 vs v0.1.0: 36 - 211 - 56  [0.211] 303
Started game 307 of 2000000 (fc3-256l1 vs v0.1.0)
Finished game 305 (fc3-256l1 vs v0.1.0): 0-1 {Black wins by adjudication}
Score of fc3-256l1 vs v0.1.0: 36 - 212 - 56  [0.211] 304
Started game 308 of 2000000 (v0.1.0 vs fc3-256l1)
Finished game 304 (v0.1.0 vs fc3-256l1): 0-1 {Black wins by adjudication}
Score of fc3-256l1 vs v0.1.0: 37 - 212 - 56  [0.213] 305
Started game 309 of 2000000 (fc3-256l1 vs v0.1.0)
Finished game 306 (v0.1.0 vs fc3-256l1): 1-0 {White wins by adjudication}
Score of fc3-256l1 vs v0.1.0: 37 - 213 - 56  [0.212] 306
Started game 310 of 2000000 (v0.1.0 vs fc3-256l1)
Finished game 307 (fc3-256l1 vs v0.1.0): 1/2-1/2 {Draw by 3-fold repetition}
Score of fc3-256l1 vs v0.1.0: 37 - 213 - 57  [0.213] 307
Started game 311 of 2000000 (fc3-256l1 vs v0.1.0)
Finished game 310 (v0.1.0 vs fc3-256l1): 1-0 {White mates}
Score of fc3-256l1 vs v0.1.0: 37 - 214 - 57  [0.213] 308
Started game 312 of 2000000 (v0.1.0 vs fc3-256l1)
Finished game 309 (fc3-256l1 vs v0.1.0): 1/2-1/2 {Draw by 3-fold repetition}
Score of fc3-256l1 vs v0.1.0: 37 - 214 - 58  [0.214] 309
Started game 313 of 2000000 (fc3-256l1 vs v0.1.0)
Finished game 308 (v0.1.0 vs fc3-256l1): 1/2-1/2 {Draw by 3-fold repetition}
Score of fc3-256l1 vs v0.1.0: 37 - 214 - 59  [0.215] 310
Started game 314 of 2000000 (v0.1.0 vs fc3-256l1)
Finished game 311 (fc3-256l1 vs v0.1.0): 0-1 {Black wins by adjudication}
Score of fc3-256l1 vs v0.1.0: 37 - 215 - 59  [0.214] 311
Started game 315 of 2000000 (fc3-256l1 vs v0.1.0)
Finished game 312 (v0.1.0 vs fc3-256l1): 1-0 {White mates}
Score of fc3-256l1 vs v0.1.0: 37 - 216 - 59  [0.213] 312
Started game 316 of 2000000 (v0.1.0 vs fc3-256l1)
Finished game 313 (fc3-256l1 vs v0.1.0): 1-0 {White wins by adjudication}
Score of fc3-256l1 vs v0.1.0: 38 - 216 - 59  [0.216] 313
Started game 317 of 2000000 (fc3-256l1 vs v0.1.0)
Finished game 315 (fc3-256l1 vs v0.1.0): 0-1 {Black wins by adjudication}
Score of fc3-256l1 vs v0.1.0: 38 - 217 - 59  [0.215] 314
Started game 318 of 2000000 (v0.1.0 vs fc3-256l1)
Finished game 314 (v0.1.0 vs fc3-256l1): 1/2-1/2 {Draw by 3-fold repetition}
Score of fc3-256l1 vs v0.1.0: 38 - 217 - 60  [0.216] 315
Started game 319 of 2000000 (fc3-256l1 vs v0.1.0)
Finished game 316 (v0.1.0 vs fc3-256l1): 1-0 {White wins by adjudication}
Score of fc3-256l1 vs v0.1.0: 38 - 218 - 60  [0.215] 316
Started game 320 of 2000000 (v0.1.0 vs fc3-256l1)
Finished game 319 (fc3-256l1 vs v0.1.0): 0-1 {Black wins by adjudication}
Score of fc3-256l1 vs v0.1.0: 38 - 219 - 60  [0.215] 317
Started game 321 of 2000000 (fc3-256l1 vs v0.1.0)
Finished game 317 (fc3-256l1 vs v0.1.0): 0-1 {Black wins by adjudication}
Score of fc3-256l1 vs v0.1.0: 38 - 220 - 60  [0.214] 318
Started game 322 of 2000000 (v0.1.0 vs fc3-256l1)
Finished game 318 (v0.1.0 vs fc3-256l1): 1-0 {White wins by adjudication}
Score of fc3-256l1 vs v0.1.0: 38 - 221 - 60  [0.213] 319
Started game 323 of 2000000 (fc3-256l1 vs v0.1.0)
Finished game 321 (fc3-256l1 vs v0.1.0): 0-1 {Black wins by adjudication}
Score of fc3-256l1 vs v0.1.0: 38 - 222 - 60  [0.212] 320
Started game 324 of 2000000 (v0.1.0 vs fc3-256l1)
Finished game 320 (v0.1.0 vs fc3-256l1): 0-1 {Black wins by adjudication}
Score of fc3-256l1 vs v0.1.0: 39 - 222 - 60  [0.215] 321
Started game 325 of 2000000 (fc3-256l1 vs v0.1.0)
Finished game 323 (fc3-256l1 vs v0.1.0): 1/2-1/2 {Draw by 3-fold repetition}
Score of fc3-256l1 vs v0.1.0: 39 - 222 - 61  [0.216] 322
Started game 326 of 2000000 (v0.1.0 vs fc3-256l1)
Finished game 322 (v0.1.0 vs fc3-256l1): 1-0 {White wins by adjudication}
Score of fc3-256l1 vs v0.1.0: 39 - 223 - 61  [0.215] 323
Started game 327 of 2000000 (fc3-256l1 vs v0.1.0)
Finished game 324 (v0.1.0 vs fc3-256l1): 1/2-1/2 {Draw by 3-fold repetition}
Score of fc3-256l1 vs v0.1.0: 39 - 223 - 62  [0.216] 324
Started game 328 of 2000000 (v0.1.0 vs fc3-256l1)
Finished game 325 (fc3-256l1 vs v0.1.0): 0-1 {Black wins by adjudication}
Score of fc3-256l1 vs v0.1.0: 39 - 224 - 62  [0.215] 325
Started game 329 of 2000000 (fc3-256l1 vs v0.1.0)
Finished game 326 (v0.1.0 vs fc3-256l1): 1/2-1/2 {Draw by 3-fold repetition}
Score of fc3-256l1 vs v0.1.0: 39 - 224 - 63  [0.216] 326
Started game 330 of 2000000 (v0.1.0 vs fc3-256l1)
Finished game 329 (fc3-256l1 vs v0.1.0): 0-1 {Black mates}
Score of fc3-256l1 vs v0.1.0: 39 - 225 - 63  [0.216] 327
Started game 331 of 2000000 (fc3-256l1 vs v0.1.0)
Finished game 328 (v0.1.0 vs fc3-256l1): 1-0 {White wins by adjudication}
Score of fc3-256l1 vs v0.1.0: 39 - 226 - 63  [0.215] 328
Started game 332 of 2000000 (v0.1.0 vs fc3-256l1)
Finished game 327 (fc3-256l1 vs v0.1.0): 1/2-1/2 {Draw by 3-fold repetition}
Score of fc3-256l1 vs v0.1.0: 39 - 226 - 64  [0.216] 329
Started game 333 of 2000000 (fc3-256l1 vs v0.1.0)
Finished game 330 (v0.1.0 vs fc3-256l1): 1-0 {White wins by adjudication}
Score of fc3-256l1 vs v0.1.0: 39 - 227 - 64  [0.215] 330
Started game 334 of 2000000 (v0.1.0 vs fc3-256l1)
Finished game 331 (fc3-256l1 vs v0.1.0): 1-0 {White wins by adjudication}
Score of fc3-256l1 vs v0.1.0: 40 - 227 - 64  [0.218] 331
Started game 335 of 2000000 (fc3-256l1 vs v0.1.0)
Finished game 332 (v0.1.0 vs fc3-256l1): 0-1 {Black wins by adjudication}
Score of fc3-256l1 vs v0.1.0: 41 - 227 - 64  [0.220] 332
Started game 336 of 2000000 (v0.1.0 vs fc3-256l1)
Finished game 335 (fc3-256l1 vs v0.1.0): 0-1 {Black wins by adjudication}
Score of fc3-256l1 vs v0.1.0: 41 - 228 - 64  [0.219] 333
Started game 337 of 2000000 (fc3-256l1 vs v0.1.0)
Finished game 333 (fc3-256l1 vs v0.1.0): 0-1 {Black wins by adjudication}
Score of fc3-256l1 vs v0.1.0: 41 - 229 - 64  [0.219] 334
Started game 338 of 2000000 (v0.1.0 vs fc3-256l1)
Finished game 334 (v0.1.0 vs fc3-256l1): 0-1 {Black wins by adjudication}
Score of fc3-256l1 vs v0.1.0: 42 - 229 - 64  [0.221] 335
Started game 339 of 2000000 (fc3-256l1 vs v0.1.0)
Finished game 336 (v0.1.0 vs fc3-256l1): 1-0 {White wins by adjudication}
Score of fc3-256l1 vs v0.1.0: 42 - 230 - 64  [0.220] 336
Started game 340 of 2000000 (v0.1.0 vs fc3-256l1)
Finished game 337 (fc3-256l1 vs v0.1.0): 1/2-1/2 {Draw by 3-fold repetition}
Score of fc3-256l1 vs v0.1.0: 42 - 230 - 65  [0.221] 337
Started game 341 of 2000000 (fc3-256l1 vs v0.1.0)
Finished game 338 (v0.1.0 vs fc3-256l1): 1-0 {White wins by adjudication}
Score of fc3-256l1 vs v0.1.0: 42 - 231 - 65  [0.220] 338
Started game 342 of 2000000 (v0.1.0 vs fc3-256l1)
Finished game 339 (fc3-256l1 vs v0.1.0): 0-1 {Black wins by adjudication}
Score of fc3-256l1 vs v0.1.0: 42 - 232 - 65  [0.220] 339
Started game 343 of 2000000 (fc3-256l1 vs v0.1.0)
Finished game 340 (v0.1.0 vs fc3-256l1): 0-1 {Black mates}
Score of fc3-256l1 vs v0.1.0: 43 - 232 - 65  [0.222] 340
Started game 344 of 2000000 (v0.1.0 vs fc3-256l1)
Finished game 343 (fc3-256l1 vs v0.1.0): 0-1 {Black wins by adjudication}
Score of fc3-256l1 vs v0.1.0: 43 - 233 - 65  [0.221] 341
Started game 345 of 2000000 (fc3-256l1 vs v0.1.0)
Finished game 342 (v0.1.0 vs fc3-256l1): 1-0 {White wins by adjudication}
Score of fc3-256l1 vs v0.1.0: 43 - 234 - 65  [0.221] 342
Started game 346 of 2000000 (v0.1.0 vs fc3-256l1)
Finished game 345 (fc3-256l1 vs v0.1.0): 0-1 {Black wins by adjudication}
Score of fc3-256l1 vs v0.1.0: 43 - 235 - 65  [0.220] 343
Started game 347 of 2000000 (fc3-256l1 vs v0.1.0)
Finished game 341 (fc3-256l1 vs v0.1.0): 1/2-1/2 {Draw by 3-fold repetition}
Score of fc3-256l1 vs v0.1.0: 43 - 235 - 66  [0.221] 344
Started game 348 of 2000000 (v0.1.0 vs fc3-256l1)
Finished game 344 (v0.1.0 vs fc3-256l1): 1/2-1/2 {Draw by 3-fold repetition}
Score of fc3-256l1 vs v0.1.0: 43 - 235 - 67  [0.222] 345
Started game 349 of 2000000 (fc3-256l1 vs v0.1.0)
Finished game 346 (v0.1.0 vs fc3-256l1): 1-0 {White wins by adjudication}
Score of fc3-256l1 vs v0.1.0: 43 - 236 - 67  [0.221] 346
Started game 350 of 2000000 (v0.1.0 vs fc3-256l1)
Finished game 348 (v0.1.0 vs fc3-256l1): 1-0 {White wins by adjudication}
Score of fc3-256l1 vs v0.1.0: 43 - 237 - 67  [0.220] 347
Started game 351 of 2000000 (fc3-256l1 vs v0.1.0)
Finished game 347 (fc3-256l1 vs v0.1.0): 1/2-1/2 {Draw by 3-fold repetition}
Score of fc3-256l1 vs v0.1.0: 43 - 237 - 68  [0.221] 348
Started game 352 of 2000000 (v0.1.0 vs fc3-256l1)
Finished game 351 (fc3-256l1 vs v0.1.0): 0-1 {Black wins by adjudication}
Score of fc3-256l1 vs v0.1.0: 43 - 238 - 68  [0.221] 349
Started game 353 of 2000000 (fc3-256l1 vs v0.1.0)
Finished game 349 (fc3-256l1 vs v0.1.0): 0-1 {Black wins by adjudication}
Score of fc3-256l1 vs v0.1.0: 43 - 239 - 68  [0.220] 350
Started game 354 of 2000000 (v0.1.0 vs fc3-256l1)
Finished game 350 (v0.1.0 vs fc3-256l1): 1-0 {White wins by adjudication}
Score of fc3-256l1 vs v0.1.0: 43 - 240 - 68  [0.219] 351
Started game 355 of 2000000 (fc3-256l1 vs v0.1.0)
Finished game 353 (fc3-256l1 vs v0.1.0): 1/2-1/2 {Draw by 3-fold repetition}
Score of fc3-256l1 vs v0.1.0: 43 - 240 - 69  [0.220] 352
Started game 356 of 2000000 (v0.1.0 vs fc3-256l1)
Finished game 354 (v0.1.0 vs fc3-256l1): 1/2-1/2 {Draw by 3-fold repetition}
Score of fc3-256l1 vs v0.1.0: 43 - 240 - 70  [0.221] 353
Started game 357 of 2000000 (fc3-256l1 vs v0.1.0)
Finished game 352 (v0.1.0 vs fc3-256l1): 0-1 {Black wins by adjudication}
Score of fc3-256l1 vs v0.1.0: 44 - 240 - 70  [0.223] 354
Started game 358 of 2000000 (v0.1.0 vs fc3-256l1)
Finished game 355 (fc3-256l1 vs v0.1.0): 0-1 {Black wins by adjudication}
Score of fc3-256l1 vs v0.1.0: 44 - 241 - 70  [0.223] 355
Started game 359 of 2000000 (fc3-256l1 vs v0.1.0)
Finished game 356 (v0.1.0 vs fc3-256l1): 1-0 {White wins by adjudication}
Score of fc3-256l1 vs v0.1.0: 44 - 242 - 70  [0.222] 356
Started game 360 of 2000000 (v0.1.0 vs fc3-256l1)
Finished game 359 (fc3-256l1 vs v0.1.0): 0-1 {Black wins by adjudication}
Score of fc3-256l1 vs v0.1.0: 44 - 243 - 70  [0.221] 357
Started game 361 of 2000000 (fc3-256l1 vs v0.1.0)
Finished game 357 (fc3-256l1 vs v0.1.0): 1/2-1/2 {Draw by 3-fold repetition}
Score of fc3-256l1 vs v0.1.0: 44 - 243 - 71  [0.222] 358
Started game 362 of 2000000 (v0.1.0 vs fc3-256l1)
Finished game 358 (v0.1.0 vs fc3-256l1): 1-0 {White wins by adjudication}
Score of fc3-256l1 vs v0.1.0: 44 - 244 - 71  [0.221] 359
Started game 363 of 2000000 (fc3-256l1 vs v0.1.0)
Finished game 360 (v0.1.0 vs fc3-256l1): 1-0 {White wins by adjudication}
Score of fc3-256l1 vs v0.1.0: 44 - 245 - 71  [0.221] 360
Started game 364 of 2000000 (v0.1.0 vs fc3-256l1)
Finished game 361 (fc3-256l1 vs v0.1.0): 0-1 {Black wins by adjudication}
Score of fc3-256l1 vs v0.1.0: 44 - 246 - 71  [0.220] 361
Started game 365 of 2000000 (fc3-256l1 vs v0.1.0)
Finished game 362 (v0.1.0 vs fc3-256l1): 1-0 {White wins by adjudication}
Score of fc3-256l1 vs v0.1.0: 44 - 247 - 71  [0.220] 362
Started game 366 of 2000000 (v0.1.0 vs fc3-256l1)
Finished game 364 (v0.1.0 vs fc3-256l1): 1-0 {White wins by adjudication}
Score of fc3-256l1 vs v0.1.0: 44 - 248 - 71  [0.219] 363
Started game 367 of 2000000 (fc3-256l1 vs v0.1.0)
Finished game 365 (fc3-256l1 vs v0.1.0): 0-1 {Black wins by adjudication}
Score of fc3-256l1 vs v0.1.0: 44 - 249 - 71  [0.218] 364
Started game 368 of 2000000 (v0.1.0 vs fc3-256l1)
Finished game 363 (fc3-256l1 vs v0.1.0): 0-1 {Black wins by adjudication}
Score of fc3-256l1 vs v0.1.0: 44 - 250 - 71  [0.218] 365
Started game 369 of 2000000 (fc3-256l1 vs v0.1.0)
Finished game 367 (fc3-256l1 vs v0.1.0): 0-1 {Black wins by adjudication}
Score of fc3-256l1 vs v0.1.0: 44 - 251 - 71  [0.217] 366
Started game 370 of 2000000 (v0.1.0 vs fc3-256l1)
Finished game 366 (v0.1.0 vs fc3-256l1): 1-0 {White wins by adjudication}
Score of fc3-256l1 vs v0.1.0: 44 - 252 - 71  [0.217] 367
Started game 371 of 2000000 (fc3-256l1 vs v0.1.0)
Finished game 369 (fc3-256l1 vs v0.1.0): 0-1 {Black wins by adjudication}
Score of fc3-256l1 vs v0.1.0: 44 - 253 - 71  [0.216] 368
Started game 372 of 2000000 (v0.1.0 vs fc3-256l1)
Finished game 368 (v0.1.0 vs fc3-256l1): 1/2-1/2 {Draw by 3-fold repetition}
Score of fc3-256l1 vs v0.1.0: 44 - 253 - 72  [0.217] 369
Started game 373 of 2000000 (fc3-256l1 vs v0.1.0)
Finished game 370 (v0.1.0 vs fc3-256l1): 1-0 {White wins by adjudication}
Score of fc3-256l1 vs v0.1.0: 44 - 254 - 72  [0.216] 370
Started game 374 of 2000000 (v0.1.0 vs fc3-256l1)
Finished game 372 (v0.1.0 vs fc3-256l1): 1-0 {White wins by adjudication}
Score of fc3-256l1 vs v0.1.0: 44 - 255 - 72  [0.216] 371
Started game 375 of 2000000 (fc3-256l1 vs v0.1.0)
Finished game 371 (fc3-256l1 vs v0.1.0): 0-1 {Black wins by adjudication}
Score of fc3-256l1 vs v0.1.0: 44 - 256 - 72  [0.215] 372
Started game 376 of 2000000 (v0.1.0 vs fc3-256l1)
Finished game 375 (fc3-256l1 vs v0.1.0): 0-1 {Black wins by adjudication}
Score of fc3-256l1 vs v0.1.0: 44 - 257 - 72  [0.214] 373
Started game 377 of 2000000 (fc3-256l1 vs v0.1.0)
Finished game 376 (v0.1.0 vs fc3-256l1): 1-0 {White wins by adjudication}
Score of fc3-256l1 vs v0.1.0: 44 - 258 - 72  [0.214] 374
Started game 378 of 2000000 (v0.1.0 vs fc3-256l1)
Finished game 373 (fc3-256l1 vs v0.1.0): 1-0 {White wins by adjudication}
Score of fc3-256l1 vs v0.1.0: 45 - 258 - 72  [0.216] 375
Started game 379 of 2000000 (fc3-256l1 vs v0.1.0)
Finished game 374 (v0.1.0 vs fc3-256l1): 0-1 {Black wins by adjudication}
Score of fc3-256l1 vs v0.1.0: 46 - 258 - 72  [0.218] 376
Started game 380 of 2000000 (v0.1.0 vs fc3-256l1)
Finished game 378 (v0.1.0 vs fc3-256l1): 1-0 {White wins by adjudication}
Score of fc3-256l1 vs v0.1.0: 46 - 259 - 72  [0.218] 377
Started game 381 of 2000000 (fc3-256l1 vs v0.1.0)
Finished game 377 (fc3-256l1 vs v0.1.0): 0-1 {Black wins by adjudication}
Score of fc3-256l1 vs v0.1.0: 46 - 260 - 72  [0.217] 378
Started game 382 of 2000000 (v0.1.0 vs fc3-256l1)
Finished game 379 (fc3-256l1 vs v0.1.0): 0-1 {Black wins by adjudication}
Score of fc3-256l1 vs v0.1.0: 46 - 261 - 72  [0.216] 379
Started game 383 of 2000000 (fc3-256l1 vs v0.1.0)
Finished game 382 (v0.1.0 vs fc3-256l1): 1-0 {White mates}
Score of fc3-256l1 vs v0.1.0: 46 - 262 - 72  [0.216] 380
Started game 384 of 2000000 (v0.1.0 vs fc3-256l1)
Finished game 381 (fc3-256l1 vs v0.1.0): 1/2-1/2 {Draw by 3-fold repetition}
Score of fc3-256l1 vs v0.1.0: 46 - 262 - 73  [0.217] 381
Started game 385 of 2000000 (fc3-256l1 vs v0.1.0)
Finished game 380 (v0.1.0 vs fc3-256l1): 1-0 {White wins by adjudication}
Score of fc3-256l1 vs v0.1.0: 46 - 263 - 73  [0.216] 382
Started game 386 of 2000000 (v0.1.0 vs fc3-256l1)
Finished game 383 (fc3-256l1 vs v0.1.0): 1-0 {White wins by adjudication}
Score of fc3-256l1 vs v0.1.0: 47 - 263 - 73  [0.218] 383
Started game 387 of 2000000 (fc3-256l1 vs v0.1.0)
Finished game 384 (v0.1.0 vs fc3-256l1): 1-0 {White wins by adjudication}
Score of fc3-256l1 vs v0.1.0: 47 - 264 - 73  [0.217] 384
Started game 388 of 2000000 (v0.1.0 vs fc3-256l1)
Finished game 385 (fc3-256l1 vs v0.1.0): 0-1 {Black wins by adjudication}
Score of fc3-256l1 vs v0.1.0: 47 - 265 - 73  [0.217] 385
Started game 389 of 2000000 (fc3-256l1 vs v0.1.0)
Finished game 386 (v0.1.0 vs fc3-256l1): 0-1 {Black wins by adjudication}
Score of fc3-256l1 vs v0.1.0: 48 - 265 - 73  [0.219] 386
Started game 390 of 2000000 (v0.1.0 vs fc3-256l1)
Finished game 387 (fc3-256l1 vs v0.1.0): 0-1 {Black wins by adjudication}
Score of fc3-256l1 vs v0.1.0: 48 - 266 - 73  [0.218] 387
Started game 391 of 2000000 (fc3-256l1 vs v0.1.0)
Finished game 388 (v0.1.0 vs fc3-256l1): 1-0 {White wins by adjudication}
Score of fc3-256l1 vs v0.1.0: 48 - 267 - 73  [0.218] 388
Started game 392 of 2000000 (v0.1.0 vs fc3-256l1)
Finished game 389 (fc3-256l1 vs v0.1.0): 0-1 {Black wins by adjudication}
Score of fc3-256l1 vs v0.1.0: 48 - 268 - 73  [0.217] 389
Started game 393 of 2000000 (fc3-256l1 vs v0.1.0)
Finished game 391 (fc3-256l1 vs v0.1.0): 0-1 {Black wins by adjudication}
Score of fc3-256l1 vs v0.1.0: 48 - 269 - 73  [0.217] 390
Started game 394 of 2000000 (v0.1.0 vs fc3-256l1)
Finished game 393 (fc3-256l1 vs v0.1.0): 0-1 {Black wins by adjudication}
Score of fc3-256l1 vs v0.1.0: 48 - 270 - 73  [0.216] 391
Started game 395 of 2000000 (fc3-256l1 vs v0.1.0)
Finished game 390 (v0.1.0 vs fc3-256l1): 1-0 {White wins by adjudication}
Score of fc3-256l1 vs v0.1.0: 48 - 271 - 73  [0.216] 392
Started game 396 of 2000000 (v0.1.0 vs fc3-256l1)
Finished game 392 (v0.1.0 vs fc3-256l1): 0-1 {Black wins by adjudication}
Score of fc3-256l1 vs v0.1.0: 49 - 271 - 73  [0.218] 393
Started game 397 of 2000000 (fc3-256l1 vs v0.1.0)
Finished game 394 (v0.1.0 vs fc3-256l1): 1-0 {White wins by adjudication}
Score of fc3-256l1 vs v0.1.0: 49 - 272 - 73  [0.217] 394
Started game 398 of 2000000 (v0.1.0 vs fc3-256l1)
Finished game 395 (fc3-256l1 vs v0.1.0): 0-1 {Black wins by adjudication}
Score of fc3-256l1 vs v0.1.0: 49 - 273 - 73  [0.216] 395
Started game 399 of 2000000 (fc3-256l1 vs v0.1.0)
Finished game 396 (v0.1.0 vs fc3-256l1): 1-0 {White wins by adjudication}
Score of fc3-256l1 vs v0.1.0: 49 - 274 - 73  [0.216] 396
Started game 400 of 2000000 (v0.1.0 vs fc3-256l1)
Finished game 397 (fc3-256l1 vs v0.1.0): 0-1 {Black wins by adjudication}
Score of fc3-256l1 vs v0.1.0: 49 - 275 - 73  [0.215] 397
Started game 401 of 2000000 (fc3-256l1 vs v0.1.0)
Finished game 399 (fc3-256l1 vs v0.1.0): 0-1 {Black wins by adjudication}
Score of fc3-256l1 vs v0.1.0: 49 - 276 - 73  [0.215] 398
Started game 402 of 2000000 (v0.1.0 vs fc3-256l1)
Finished game 398 (v0.1.0 vs fc3-256l1): 0-1 {Black wins by adjudication}
Score of fc3-256l1 vs v0.1.0: 50 - 276 - 73  [0.217] 399
Started game 403 of 2000000 (fc3-256l1 vs v0.1.0)
Finished game 400 (v0.1.0 vs fc3-256l1): 1/2-1/2 {Draw by 3-fold repetition}
Score of fc3-256l1 vs v0.1.0: 50 - 276 - 74  [0.217] 400
Started game 404 of 2000000 (v0.1.0 vs fc3-256l1)
Finished game 403 (fc3-256l1 vs v0.1.0): 0-1 {Black wins by adjudication}
Score of fc3-256l1 vs v0.1.0: 50 - 277 - 74  [0.217] 401
Started game 405 of 2000000 (fc3-256l1 vs v0.1.0)
Finished game 401 (fc3-256l1 vs v0.1.0): 0-1 {Black wins by adjudication}
Score of fc3-256l1 vs v0.1.0: 50 - 278 - 74  [0.216] 402
Started game 406 of 2000000 (v0.1.0 vs fc3-256l1)
Finished game 404 (v0.1.0 vs fc3-256l1): 1-0 {White wins by adjudication}
Score of fc3-256l1 vs v0.1.0: 50 - 279 - 74  [0.216] 403
Started game 407 of 2000000 (fc3-256l1 vs v0.1.0)
Finished game 402 (v0.1.0 vs fc3-256l1): 1/2-1/2 {Draw by 3-fold repetition}
Score of fc3-256l1 vs v0.1.0: 50 - 279 - 75  [0.217] 404
Started game 408 of 2000000 (v0.1.0 vs fc3-256l1)
Finished game 405 (fc3-256l1 vs v0.1.0): 1-0 {White wins by adjudication}
Score of fc3-256l1 vs v0.1.0: 51 - 279 - 75  [0.219] 405
Started game 409 of 2000000 (fc3-256l1 vs v0.1.0)
Finished game 406 (v0.1.0 vs fc3-256l1): 1/2-1/2 {Draw by 3-fold repetition}
Score of fc3-256l1 vs v0.1.0: 51 - 279 - 76  [0.219] 406
Started game 410 of 2000000 (v0.1.0 vs fc3-256l1)
Finished game 407 (fc3-256l1 vs v0.1.0): 1-0 {White wins by adjudication}
Score of fc3-256l1 vs v0.1.0: 52 - 279 - 76  [0.221] 407
Started game 411 of 2000000 (fc3-256l1 vs v0.1.0)
Finished game 409 (fc3-256l1 vs v0.1.0): 0-1 {Black wins by adjudication}
Score of fc3-256l1 vs v0.1.0: 52 - 280 - 76  [0.221] 408
Started game 412 of 2000000 (v0.1.0 vs fc3-256l1)
Finished game 408 (v0.1.0 vs fc3-256l1): 1-0 {White wins by adjudication}
Score of fc3-256l1 vs v0.1.0: 52 - 281 - 76  [0.220] 409
Started game 413 of 2000000 (fc3-256l1 vs v0.1.0)
Finished game 410 (v0.1.0 vs fc3-256l1): 0-1 {Black wins by adjudication}
Score of fc3-256l1 vs v0.1.0: 53 - 281 - 76  [0.222] 410
Started game 414 of 2000000 (v0.1.0 vs fc3-256l1)
Finished game 411 (fc3-256l1 vs v0.1.0): 0-1 {Black wins by adjudication}
Score of fc3-256l1 vs v0.1.0: 53 - 282 - 76  [0.221] 411
Started game 415 of 2000000 (fc3-256l1 vs v0.1.0)
Finished game 412 (v0.1.0 vs fc3-256l1): 1-0 {White wins by adjudication}
Score of fc3-256l1 vs v0.1.0: 53 - 283 - 76  [0.221] 412
Started game 416 of 2000000 (v0.1.0 vs fc3-256l1)
Finished game 414 (v0.1.0 vs fc3-256l1): 1-0 {White wins by adjudication}
Score of fc3-256l1 vs v0.1.0: 53 - 284 - 76  [0.220] 413
Started game 417 of 2000000 (fc3-256l1 vs v0.1.0)
Finished game 413 (fc3-256l1 vs v0.1.0): 1/2-1/2 {Draw by 3-fold repetition}
Score of fc3-256l1 vs v0.1.0: 53 - 284 - 77  [0.221] 414
Started game 418 of 2000000 (v0.1.0 vs fc3-256l1)
Finished game 416 (v0.1.0 vs fc3-256l1): 1-0 {White wins by adjudication}
Score of fc3-256l1 vs v0.1.0: 53 - 285 - 77  [0.220] 415
Started game 419 of 2000000 (fc3-256l1 vs v0.1.0)
Finished game 415 (fc3-256l1 vs v0.1.0): 1/2-1/2 {Draw by 3-fold repetition}
Score of fc3-256l1 vs v0.1.0: 53 - 285 - 78  [0.221] 416
Started game 420 of 2000000 (v0.1.0 vs fc3-256l1)
Finished game 417 (fc3-256l1 vs v0.1.0): 0-1 {Black wins by adjudication}
Score of fc3-256l1 vs v0.1.0: 53 - 286 - 78  [0.221] 417
Started game 421 of 2000000 (fc3-256l1 vs v0.1.0)
Finished game 418 (v0.1.0 vs fc3-256l1): 1-0 {White wins by adjudication}
Score of fc3-256l1 vs v0.1.0: 53 - 287 - 78  [0.220] 418
Started game 422 of 2000000 (v0.1.0 vs fc3-256l1)
Finished game 420 (v0.1.0 vs fc3-256l1): 1-0 {White wins by adjudication}
Score of fc3-256l1 vs v0.1.0: 53 - 288 - 78  [0.220] 419
Started game 423 of 2000000 (fc3-256l1 vs v0.1.0)
Finished game 421 (fc3-256l1 vs v0.1.0): 0-1 {Black wins by adjudication}
Score of fc3-256l1 vs v0.1.0: 53 - 289 - 78  [0.219] 420
Started game 424 of 2000000 (v0.1.0 vs fc3-256l1)
Finished game 419 (fc3-256l1 vs v0.1.0): 0-1 {Black wins by adjudication}
Score of fc3-256l1 vs v0.1.0: 53 - 290 - 78  [0.219] 421
Started game 425 of 2000000 (fc3-256l1 vs v0.1.0)
Finished game 422 (v0.1.0 vs fc3-256l1): 1-0 {White wins by adjudication}
Score of fc3-256l1 vs v0.1.0: 53 - 291 - 78  [0.218] 422
Started game 426 of 2000000 (v0.1.0 vs fc3-256l1)
Finished game 424 (v0.1.0 vs fc3-256l1): 1/2-1/2 {Draw by 3-fold repetition}
Score of fc3-256l1 vs v0.1.0: 53 - 291 - 79  [0.219] 423
Started game 427 of 2000000 (fc3-256l1 vs v0.1.0)
Finished game 425 (fc3-256l1 vs v0.1.0): 0-1 {Black wins by adjudication}
Score of fc3-256l1 vs v0.1.0: 53 - 292 - 79  [0.218] 424
Started game 428 of 2000000 (v0.1.0 vs fc3-256l1)
Finished game 423 (fc3-256l1 vs v0.1.0): 0-1 {Black wins by adjudication}
Score of fc3-256l1 vs v0.1.0: 53 - 293 - 79  [0.218] 425
Started game 429 of 2000000 (fc3-256l1 vs v0.1.0)
Finished game 426 (v0.1.0 vs fc3-256l1): 1/2-1/2 {Draw by 3-fold repetition}
Score of fc3-256l1 vs v0.1.0: 53 - 293 - 80  [0.218] 426
Started game 430 of 2000000 (v0.1.0 vs fc3-256l1)
Finished game 427 (fc3-256l1 vs v0.1.0): 0-1 {Black wins by adjudication}
Score of fc3-256l1 vs v0.1.0: 53 - 294 - 80  [0.218] 427
Started game 431 of 2000000 (fc3-256l1 vs v0.1.0)
Finished game 428 (v0.1.0 vs fc3-256l1): 1-0 {White wins by adjudication}
Score of fc3-256l1 vs v0.1.0: 53 - 295 - 80  [0.217] 428
Started game 432 of 2000000 (v0.1.0 vs fc3-256l1)
Finished game 429 (fc3-256l1 vs v0.1.0): 0-1 {Black wins by adjudication}
Score of fc3-256l1 vs v0.1.0: 53 - 296 - 80  [0.217] 429
Started game 433 of 2000000 (fc3-256l1 vs v0.1.0)
Finished game 430 (v0.1.0 vs fc3-256l1): 1-0 {White wins by adjudication}
Score of fc3-256l1 vs v0.1.0: 53 - 297 - 80  [0.216] 430
Started game 434 of 2000000 (v0.1.0 vs fc3-256l1)
Finished game 431 (fc3-256l1 vs v0.1.0): 0-1 {Black wins by adjudication}
Score of fc3-256l1 vs v0.1.0: 53 - 298 - 80  [0.216] 431
Started game 435 of 2000000 (fc3-256l1 vs v0.1.0)
Finished game 432 (v0.1.0 vs fc3-256l1): 1-0 {White wins by adjudication}
Score of fc3-256l1 vs v0.1.0: 53 - 299 - 80  [0.215] 432
Started game 436 of 2000000 (v0.1.0 vs fc3-256l1)
Finished game 434 (v0.1.0 vs fc3-256l1): 1-0 {White wins by adjudication}
Score of fc3-256l1 vs v0.1.0: 53 - 300 - 80  [0.215] 433
Started game 437 of 2000000 (fc3-256l1 vs v0.1.0)
Finished game 435 (fc3-256l1 vs v0.1.0): 0-1 {Black wins by adjudication}
Score of fc3-256l1 vs v0.1.0: 53 - 301 - 80  [0.214] 434
Started game 438 of 2000000 (v0.1.0 vs fc3-256l1)
Finished game 436 (v0.1.0 vs fc3-256l1): 0-1 {Black wins by adjudication}
Score of fc3-256l1 vs v0.1.0: 54 - 301 - 80  [0.216] 435
Started game 439 of 2000000 (fc3-256l1 vs v0.1.0)
Finished game 433 (fc3-256l1 vs v0.1.0): 0-1 {Black wins by adjudication}
Score of fc3-256l1 vs v0.1.0: 54 - 302 - 80  [0.216] 436
Started game 440 of 2000000 (v0.1.0 vs fc3-256l1)
Finished game 437 (fc3-256l1 vs v0.1.0): 1-0 {White wins by adjudication}
Score of fc3-256l1 vs v0.1.0: 55 - 302 - 80  [0.217] 437
Started game 441 of 2000000 (fc3-256l1 vs v0.1.0)
Finished game 438 (v0.1.0 vs fc3-256l1): 0-1 {Black wins by adjudication}
Score of fc3-256l1 vs v0.1.0: 56 - 302 - 80  [0.219] 438
Started game 442 of 2000000 (v0.1.0 vs fc3-256l1)
Finished game 439 (fc3-256l1 vs v0.1.0): 0-1 {Black wins by adjudication}
Score of fc3-256l1 vs v0.1.0: 56 - 303 - 80  [0.219] 439
Started game 443 of 2000000 (fc3-256l1 vs v0.1.0)
Finished game 440 (v0.1.0 vs fc3-256l1): 0-1 {Black wins by adjudication}
Score of fc3-256l1 vs v0.1.0: 57 - 303 - 80  [0.220] 440
Started game 444 of 2000000 (v0.1.0 vs fc3-256l1)
Finished game 441 (fc3-256l1 vs v0.1.0): 0-1 {Black wins by adjudication}
Score of fc3-256l1 vs v0.1.0: 57 - 304 - 80  [0.220] 441
Started game 445 of 2000000 (fc3-256l1 vs v0.1.0)
Finished game 442 (v0.1.0 vs fc3-256l1): 1-0 {White wins by adjudication}
Score of fc3-256l1 vs v0.1.0: 57 - 305 - 80  [0.219] 442
Started game 446 of 2000000 (v0.1.0 vs fc3-256l1)
Finished game 443 (fc3-256l1 vs v0.1.0): 1/2-1/2 {Draw by 3-fold repetition}
Score of fc3-256l1 vs v0.1.0: 57 - 305 - 81  [0.220] 443
Started game 447 of 2000000 (fc3-256l1 vs v0.1.0)
Finished game 444 (v0.1.0 vs fc3-256l1): 1-0 {White wins by adjudication}
Score of fc3-256l1 vs v0.1.0: 57 - 306 - 81  [0.220] 444
Started game 448 of 2000000 (v0.1.0 vs fc3-256l1)
Finished game 445 (fc3-256l1 vs v0.1.0): 0-1 {Black wins by adjudication}
Score of fc3-256l1 vs v0.1.0: 57 - 307 - 81  [0.219] 445
Started game 449 of 2000000 (fc3-256l1 vs v0.1.0)
Finished game 446 (v0.1.0 vs fc3-256l1): 1-0 {White wins by adjudication}
Score of fc3-256l1 vs v0.1.0: 57 - 308 - 81  [0.219] 446
Started game 450 of 2000000 (v0.1.0 vs fc3-256l1)
Finished game 449 (fc3-256l1 vs v0.1.0): 0-1 {Black wins by adjudication}
Score of fc3-256l1 vs v0.1.0: 57 - 309 - 81  [0.218] 447
Started game 451 of 2000000 (fc3-256l1 vs v0.1.0)
Finished game 447 (fc3-256l1 vs v0.1.0): 0-1 {Black wins by adjudication}
Score of fc3-256l1 vs v0.1.0: 57 - 310 - 81  [0.218] 448
Started game 452 of 2000000 (v0.1.0 vs fc3-256l1)
Finished game 448 (v0.1.0 vs fc3-256l1): 1-0 {White wins by adjudication}
Score of fc3-256l1 vs v0.1.0: 57 - 311 - 81  [0.217] 449
Started game 453 of 2000000 (fc3-256l1 vs v0.1.0)
Finished game 450 (v0.1.0 vs fc3-256l1): 1-0 {White wins by adjudication}
Score of fc3-256l1 vs v0.1.0: 57 - 312 - 81  [0.217] 450
Started game 454 of 2000000 (v0.1.0 vs fc3-256l1)
Finished game 452 (v0.1.0 vs fc3-256l1): 1-0 {White wins by adjudication}
Score of fc3-256l1 vs v0.1.0: 57 - 313 - 81  [0.216] 451
Started game 455 of 2000000 (fc3-256l1 vs v0.1.0)
Finished game 451 (fc3-256l1 vs v0.1.0): 0-1 {Black wins by adjudication}
Score of fc3-256l1 vs v0.1.0: 57 - 314 - 81  [0.216] 452
Started game 456 of 2000000 (v0.1.0 vs fc3-256l1)
Finished game 453 (fc3-256l1 vs v0.1.0): 1/2-1/2 {Draw by 3-fold repetition}
Score of fc3-256l1 vs v0.1.0: 57 - 314 - 82  [0.216] 453
Started game 457 of 2000000 (fc3-256l1 vs v0.1.0)
Finished game 454 (v0.1.0 vs fc3-256l1): 1-0 {White wins by adjudication}
Score of fc3-256l1 vs v0.1.0: 57 - 315 - 82  [0.216] 454
Started game 458 of 2000000 (v0.1.0 vs fc3-256l1)
Finished game 455 (fc3-256l1 vs v0.1.0): 0-1 {Black wins by adjudication}
Score of fc3-256l1 vs v0.1.0: 57 - 316 - 82  [0.215] 455
Started game 459 of 2000000 (fc3-256l1 vs v0.1.0)
Finished game 456 (v0.1.0 vs fc3-256l1): 1-0 {White wins by adjudication}
Score of fc3-256l1 vs v0.1.0: 57 - 317 - 82  [0.215] 456
Started game 460 of 2000000 (v0.1.0 vs fc3-256l1)
Finished game 457 (fc3-256l1 vs v0.1.0): 0-1 {Black wins by adjudication}
Score of fc3-256l1 vs v0.1.0: 57 - 318 - 82  [0.214] 457
Started game 461 of 2000000 (fc3-256l1 vs v0.1.0)
Finished game 460 (v0.1.0 vs fc3-256l1): 1-0 {White wins by adjudication}
Score of fc3-256l1 vs v0.1.0: 57 - 319 - 82  [0.214] 458
Started game 462 of 2000000 (v0.1.0 vs fc3-256l1)
Finished game 458 (v0.1.0 vs fc3-256l1): 1-0 {White wins by adjudication}
Score of fc3-256l1 vs v0.1.0: 57 - 320 - 82  [0.214] 459
Started game 463 of 2000000 (fc3-256l1 vs v0.1.0)
Finished game 461 (fc3-256l1 vs v0.1.0): 0-1 {Black wins by adjudication}
Score of fc3-256l1 vs v0.1.0: 57 - 321 - 82  [0.213] 460
Started game 464 of 2000000 (v0.1.0 vs fc3-256l1)
Finished game 459 (fc3-256l1 vs v0.1.0): 0-1 {Black wins by adjudication}
Score of fc3-256l1 vs v0.1.0: 57 - 322 - 82  [0.213] 461
Started game 465 of 2000000 (fc3-256l1 vs v0.1.0)
Finished game 463 (fc3-256l1 vs v0.1.0): 0-1 {Black wins by adjudication}
Score of fc3-256l1 vs v0.1.0: 57 - 323 - 82  [0.212] 462
Started game 466 of 2000000 (v0.1.0 vs fc3-256l1)
Finished game 462 (v0.1.0 vs fc3-256l1): 1-0 {White wins by adjudication}
Score of fc3-256l1 vs v0.1.0: 57 - 324 - 82  [0.212] 463
Started game 467 of 2000000 (fc3-256l1 vs v0.1.0)
Finished game 464 (v0.1.0 vs fc3-256l1): 1-0 {White wins by adjudication}
Score of fc3-256l1 vs v0.1.0: 57 - 325 - 82  [0.211] 464
Started game 468 of 2000000 (v0.1.0 vs fc3-256l1)
Finished game 466 (v0.1.0 vs fc3-256l1): 1-0 {White wins by adjudication}
Score of fc3-256l1 vs v0.1.0: 57 - 326 - 82  [0.211] 465
Started game 469 of 2000000 (fc3-256l1 vs v0.1.0)
Finished game 467 (fc3-256l1 vs v0.1.0): 1/2-1/2 {Draw by 3-fold repetition}
Score of fc3-256l1 vs v0.1.0: 57 - 326 - 83  [0.211] 466
Started game 470 of 2000000 (v0.1.0 vs fc3-256l1)
Finished game 465 (fc3-256l1 vs v0.1.0): 1/2-1/2 {Draw by 3-fold repetition}
Score of fc3-256l1 vs v0.1.0: 57 - 326 - 84  [0.212] 467
Started game 471 of 2000000 (fc3-256l1 vs v0.1.0)
Finished game 468 (v0.1.0 vs fc3-256l1): 1-0 {White wins by adjudication}
Score of fc3-256l1 vs v0.1.0: 57 - 327 - 84  [0.212] 468
Started game 472 of 2000000 (v0.1.0 vs fc3-256l1)
Finished game 469 (fc3-256l1 vs v0.1.0): 0-1 {Black wins by adjudication}
Score of fc3-256l1 vs v0.1.0: 57 - 328 - 84  [0.211] 469
Started game 473 of 2000000 (fc3-256l1 vs v0.1.0)
Finished game 471 (fc3-256l1 vs v0.1.0): 0-1 {Black wins by adjudication}
Score of fc3-256l1 vs v0.1.0: 57 - 329 - 84  [0.211] 470
Started game 474 of 2000000 (v0.1.0 vs fc3-256l1)
Finished game 470 (v0.1.0 vs fc3-256l1): 1-0 {White wins by adjudication}
Score of fc3-256l1 vs v0.1.0: 57 - 330 - 84  [0.210] 471
Started game 475 of 2000000 (fc3-256l1 vs v0.1.0)
Finished game 472 (v0.1.0 vs fc3-256l1): 1-0 {White wins by adjudication}
Score of fc3-256l1 vs v0.1.0: 57 - 331 - 84  [0.210] 472
Started game 476 of 2000000 (v0.1.0 vs fc3-256l1)
Finished game 473 (fc3-256l1 vs v0.1.0): 0-1 {Black wins by adjudication}
Score of fc3-256l1 vs v0.1.0: 57 - 332 - 84  [0.209] 473
Started game 477 of 2000000 (fc3-256l1 vs v0.1.0)
Finished game 475 (fc3-256l1 vs v0.1.0): 0-1 {Black wins by adjudication}
Score of fc3-256l1 vs v0.1.0: 57 - 333 - 84  [0.209] 474
Started game 478 of 2000000 (v0.1.0 vs fc3-256l1)
Finished game 474 (v0.1.0 vs fc3-256l1): 0-1 {Black wins by adjudication}
Score of fc3-256l1 vs v0.1.0: 58 - 333 - 84  [0.211] 475
Started game 479 of 2000000 (fc3-256l1 vs v0.1.0)
Finished game 477 (fc3-256l1 vs v0.1.0): 1/2-1/2 {Draw by 3-fold repetition}
Score of fc3-256l1 vs v0.1.0: 58 - 333 - 85  [0.211] 476
Started game 480 of 2000000 (v0.1.0 vs fc3-256l1)
Finished game 476 (v0.1.0 vs fc3-256l1): 0-1 {Black wins by adjudication}
Score of fc3-256l1 vs v0.1.0: 59 - 333 - 85  [0.213] 477
Started game 481 of 2000000 (fc3-256l1 vs v0.1.0)
Finished game 479 (fc3-256l1 vs v0.1.0): 1-0 {White wins by adjudication}
Score of fc3-256l1 vs v0.1.0: 60 - 333 - 85  [0.214] 478
Started game 482 of 2000000 (v0.1.0 vs fc3-256l1)
Finished game 481 (fc3-256l1 vs v0.1.0): 0-1 {Black wins by adjudication}
Score of fc3-256l1 vs v0.1.0: 60 - 334 - 85  [0.214] 479
Started game 483 of 2000000 (fc3-256l1 vs v0.1.0)
Finished game 478 (v0.1.0 vs fc3-256l1): 1/2-1/2 {Draw by 3-fold repetition}
Score of fc3-256l1 vs v0.1.0: 60 - 334 - 86  [0.215] 480
Started game 484 of 2000000 (v0.1.0 vs fc3-256l1)
Finished game 480 (v0.1.0 vs fc3-256l1): 1/2-1/2 {Draw by 3-fold repetition}
Score of fc3-256l1 vs v0.1.0: 60 - 334 - 87  [0.215] 481
Started game 485 of 2000000 (fc3-256l1 vs v0.1.0)
Finished game 482 (v0.1.0 vs fc3-256l1): 0-1 {Black wins by adjudication}
Score of fc3-256l1 vs v0.1.0: 61 - 334 - 87  [0.217] 482
Started game 486 of 2000000 (v0.1.0 vs fc3-256l1)
Finished game 483 (fc3-256l1 vs v0.1.0): 1/2-1/2 {Draw by 3-fold repetition}
Score of fc3-256l1 vs v0.1.0: 61 - 334 - 88  [0.217] 483
Started game 487 of 2000000 (fc3-256l1 vs v0.1.0)
Finished game 484 (v0.1.0 vs fc3-256l1): 1-0 {White wins by adjudication}
Score of fc3-256l1 vs v0.1.0: 61 - 335 - 88  [0.217] 484
Started game 488 of 2000000 (v0.1.0 vs fc3-256l1)
Finished game 485 (fc3-256l1 vs v0.1.0): 0-1 {Black wins by adjudication}
Score of fc3-256l1 vs v0.1.0: 61 - 336 - 88  [0.216] 485
Started game 489 of 2000000 (fc3-256l1 vs v0.1.0)
Finished game 486 (v0.1.0 vs fc3-256l1): 1-0 {White wins by adjudication}
Score of fc3-256l1 vs v0.1.0: 61 - 337 - 88  [0.216] 486
Started game 490 of 2000000 (v0.1.0 vs fc3-256l1)
Finished game 487 (fc3-256l1 vs v0.1.0): 0-1 {Black mates}
Score of fc3-256l1 vs v0.1.0: 61 - 338 - 88  [0.216] 487
Started game 491 of 2000000 (fc3-256l1 vs v0.1.0)
Finished game 489 (fc3-256l1 vs v0.1.0): 0-1 {Black wins by adjudication}
Score of fc3-256l1 vs v0.1.0: 61 - 339 - 88  [0.215] 488
Started game 492 of 2000000 (v0.1.0 vs fc3-256l1)
Finished game 488 (v0.1.0 vs fc3-256l1): 1/2-1/2 {Draw by 3-fold repetition}
Score of fc3-256l1 vs v0.1.0: 61 - 339 - 89  [0.216] 489
Started game 493 of 2000000 (fc3-256l1 vs v0.1.0)
Finished game 490 (v0.1.0 vs fc3-256l1): 1-0 {White wins by adjudication}
Score of fc3-256l1 vs v0.1.0: 61 - 340 - 89  [0.215] 490
Started game 494 of 2000000 (v0.1.0 vs fc3-256l1)
Finished game 491 (fc3-256l1 vs v0.1.0): 0-1 {Black wins by adjudication}
Score of fc3-256l1 vs v0.1.0: 61 - 341 - 89  [0.215] 491
Started game 495 of 2000000 (fc3-256l1 vs v0.1.0)
Finished game 493 (fc3-256l1 vs v0.1.0): 0-1 {Black wins by adjudication}
Score of fc3-256l1 vs v0.1.0: 61 - 342 - 89  [0.214] 492
Started game 496 of 2000000 (v0.1.0 vs fc3-256l1)
Finished game 492 (v0.1.0 vs fc3-256l1): 1-0 {White wins by adjudication}
Score of fc3-256l1 vs v0.1.0: 61 - 343 - 89  [0.214] 493
Started game 497 of 2000000 (fc3-256l1 vs v0.1.0)
Finished game 494 (v0.1.0 vs fc3-256l1): 1/2-1/2 {Draw by 3-fold repetition}
Score of fc3-256l1 vs v0.1.0: 61 - 343 - 90  [0.215] 494
Started game 498 of 2000000 (v0.1.0 vs fc3-256l1)
Finished game 495 (fc3-256l1 vs v0.1.0): 0-1 {Black wins by adjudication}
Score of fc3-256l1 vs v0.1.0: 61 - 344 - 90  [0.214] 495
Started game 499 of 2000000 (fc3-256l1 vs v0.1.0)
Finished game 496 (v0.1.0 vs fc3-256l1): 1-0 {White wins by adjudication}
Score of fc3-256l1 vs v0.1.0: 61 - 345 - 90  [0.214] 496
Started game 500 of 2000000 (v0.1.0 vs fc3-256l1)
Finished game 499 (fc3-256l1 vs v0.1.0): 0-1 {Black wins by adjudication}
Score of fc3-256l1 vs v0.1.0: 61 - 346 - 90  [0.213] 497
Started game 501 of 2000000 (fc3-256l1 vs v0.1.0)
Finished game 500 (v0.1.0 vs fc3-256l1): 1-0 {White wins by adjudication}
Score of fc3-256l1 vs v0.1.0: 61 - 347 - 90  [0.213] 498
Started game 502 of 2000000 (v0.1.0 vs fc3-256l1)
Finished game 498 (v0.1.0 vs fc3-256l1): 1/2-1/2 {Draw by 3-fold repetition}
Score of fc3-256l1 vs v0.1.0: 61 - 347 - 91  [0.213] 499
Started game 503 of 2000000 (fc3-256l1 vs v0.1.0)
Finished game 497 (fc3-256l1 vs v0.1.0): 0-1 {Black wins by adjudication}
Score of fc3-256l1 vs v0.1.0: 61 - 348 - 91  [0.213] 500
Started game 504 of 2000000 (v0.1.0 vs fc3-256l1)
Finished game 504 (v0.1.0 vs fc3-256l1): 1-0 {White wins by adjudication}
Score of fc3-256l1 vs v0.1.0: 61 - 349 - 91  [0.213] 501
Started game 505 of 2000000 (fc3-256l1 vs v0.1.0)
Finished game 502 (v0.1.0 vs fc3-256l1): 1/2-1/2 {Draw by 3-fold repetition}
Score of fc3-256l1 vs v0.1.0: 61 - 349 - 92  [0.213] 502
Started game 506 of 2000000 (v0.1.0 vs fc3-256l1)
Finished game 503 (fc3-256l1 vs v0.1.0): 1/2-1/2 {Draw by 3-fold repetition}
Score of fc3-256l1 vs v0.1.0: 61 - 349 - 93  [0.214] 503
Started game 507 of 2000000 (fc3-256l1 vs v0.1.0)
Finished game 501 (fc3-256l1 vs v0.1.0): 0-1 {Black wins by adjudication}
Score of fc3-256l1 vs v0.1.0: 61 - 350 - 93  [0.213] 504
Started game 508 of 2000000 (v0.1.0 vs fc3-256l1)
Finished game 505 (fc3-256l1 vs v0.1.0): 0-1 {Black wins by adjudication}
Score of fc3-256l1 vs v0.1.0: 61 - 351 - 93  [0.213] 505
Started game 509 of 2000000 (fc3-256l1 vs v0.1.0)
Finished game 508 (v0.1.0 vs fc3-256l1): 1-0 {White wins by adjudication}
Score of fc3-256l1 vs v0.1.0: 61 - 352 - 93  [0.212] 506
Started game 510 of 2000000 (v0.1.0 vs fc3-256l1)
Finished game 506 (v0.1.0 vs fc3-256l1): 1-0 {White wins by adjudication}
Score of fc3-256l1 vs v0.1.0: 61 - 353 - 93  [0.212] 507
Started game 511 of 2000000 (fc3-256l1 vs v0.1.0)
Finished game 507 (fc3-256l1 vs v0.1.0): 1-0 {White wins by adjudication}
Score of fc3-256l1 vs v0.1.0: 62 - 353 - 93  [0.214] 508
Started game 512 of 2000000 (v0.1.0 vs fc3-256l1)
Finished game 509 (fc3-256l1 vs v0.1.0): 1-0 {White wins by adjudication}
Score of fc3-256l1 vs v0.1.0: 63 - 353 - 93  [0.215] 509
Started game 513 of 2000000 (fc3-256l1 vs v0.1.0)
Finished game 511 (fc3-256l1 vs v0.1.0): 0-1 {Black wins by adjudication}
Score of fc3-256l1 vs v0.1.0: 63 - 354 - 93  [0.215] 510
Started game 514 of 2000000 (v0.1.0 vs fc3-256l1)
Finished game 510 (v0.1.0 vs fc3-256l1): 1/2-1/2 {Draw by 3-fold repetition}
Score of fc3-256l1 vs v0.1.0: 63 - 354 - 94  [0.215] 511
Started game 515 of 2000000 (fc3-256l1 vs v0.1.0)
Finished game 513 (fc3-256l1 vs v0.1.0): 0-1 {Black wins by adjudication}
Score of fc3-256l1 vs v0.1.0: 63 - 355 - 94  [0.215] 512
Started game 516 of 2000000 (v0.1.0 vs fc3-256l1)
Finished game 512 (v0.1.0 vs fc3-256l1): 1-0 {White wins by adjudication}
Score of fc3-256l1 vs v0.1.0: 63 - 356 - 94  [0.214] 513
Started game 517 of 2000000 (fc3-256l1 vs v0.1.0)
Finished game 514 (v0.1.0 vs fc3-256l1): 1/2-1/2 {Draw by 3-fold repetition}
Score of fc3-256l1 vs v0.1.0: 63 - 356 - 95  [0.215] 514
Started game 518 of 2000000 (v0.1.0 vs fc3-256l1)
Finished game 515 (fc3-256l1 vs v0.1.0): 0-1 {Black wins by adjudication}
Score of fc3-256l1 vs v0.1.0: 63 - 357 - 95  [0.215] 515
Started game 519 of 2000000 (fc3-256l1 vs v0.1.0)
Finished game 517 (fc3-256l1 vs v0.1.0): 0-1 {Black wins by adjudication}
Score of fc3-256l1 vs v0.1.0: 63 - 358 - 95  [0.214] 516
Started game 520 of 2000000 (v0.1.0 vs fc3-256l1)
Finished game 518 (v0.1.0 vs fc3-256l1): 1-0 {White wins by adjudication}
Score of fc3-256l1 vs v0.1.0: 63 - 359 - 95  [0.214] 517
Started game 521 of 2000000 (fc3-256l1 vs v0.1.0)
Finished game 516 (v0.1.0 vs fc3-256l1): 0-1 {Black wins by adjudication}
Score of fc3-256l1 vs v0.1.0: 64 - 359 - 95  [0.215] 518
Started game 522 of 2000000 (v0.1.0 vs fc3-256l1)
Finished game 519 (fc3-256l1 vs v0.1.0): 0-1 {Black wins by adjudication}
Score of fc3-256l1 vs v0.1.0: 64 - 360 - 95  [0.215] 519
Started game 523 of 2000000 (fc3-256l1 vs v0.1.0)
Finished game 521 (fc3-256l1 vs v0.1.0): 0-1 {Black wins by adjudication}
Score of fc3-256l1 vs v0.1.0: 64 - 361 - 95  [0.214] 520
Started game 524 of 2000000 (v0.1.0 vs fc3-256l1)
Finished game 520 (v0.1.0 vs fc3-256l1): 0-1 {Black wins by adjudication}
Score of fc3-256l1 vs v0.1.0: 65 - 361 - 95  [0.216] 521
Started game 525 of 2000000 (fc3-256l1 vs v0.1.0)
Finished game 524 (v0.1.0 vs fc3-256l1): 1-0 {White wins by adjudication}
Score of fc3-256l1 vs v0.1.0: 65 - 362 - 95  [0.216] 522
Started game 526 of 2000000 (v0.1.0 vs fc3-256l1)
Finished game 523 (fc3-256l1 vs v0.1.0): 0-1 {Black wins by adjudication}
Score of fc3-256l1 vs v0.1.0: 65 - 363 - 95  [0.215] 523
Started game 527 of 2000000 (fc3-256l1 vs v0.1.0)
Finished game 522 (v0.1.0 vs fc3-256l1): 1/2-1/2 {Draw by 3-fold repetition}
Score of fc3-256l1 vs v0.1.0: 65 - 363 - 96  [0.216] 524
Started game 528 of 2000000 (v0.1.0 vs fc3-256l1)
Finished game 525 (fc3-256l1 vs v0.1.0): 0-1 {Black wins by adjudication}
Score of fc3-256l1 vs v0.1.0: 65 - 364 - 96  [0.215] 525
Started game 529 of 2000000 (fc3-256l1 vs v0.1.0)
Finished game 527 (fc3-256l1 vs v0.1.0): 0-1 {Black wins by adjudication}
Score of fc3-256l1 vs v0.1.0: 65 - 365 - 96  [0.215] 526
Started game 530 of 2000000 (v0.1.0 vs fc3-256l1)
Finished game 526 (v0.1.0 vs fc3-256l1): 1-0 {White wins by adjudication}
Score of fc3-256l1 vs v0.1.0: 65 - 366 - 96  [0.214] 527
Started game 531 of 2000000 (fc3-256l1 vs v0.1.0)
Finished game 530 (v0.1.0 vs fc3-256l1): 1-0 {White wins by adjudication}
Score of fc3-256l1 vs v0.1.0: 65 - 367 - 96  [0.214] 528
Started game 532 of 2000000 (v0.1.0 vs fc3-256l1)
Finished game 528 (v0.1.0 vs fc3-256l1): 1-0 {White wins by adjudication}
Score of fc3-256l1 vs v0.1.0: 65 - 368 - 96  [0.214] 529
Started game 533 of 2000000 (fc3-256l1 vs v0.1.0)
Finished game 531 (fc3-256l1 vs v0.1.0): 0-1 {Black wins by adjudication}
Score of fc3-256l1 vs v0.1.0: 65 - 369 - 96  [0.213] 530
Started game 534 of 2000000 (v0.1.0 vs fc3-256l1)
Finished game 529 (fc3-256l1 vs v0.1.0): 0-1 {Black wins by adjudication}
Score of fc3-256l1 vs v0.1.0: 65 - 370 - 96  [0.213] 531
Started game 535 of 2000000 (fc3-256l1 vs v0.1.0)
Finished game 532 (v0.1.0 vs fc3-256l1): 1/2-1/2 {Draw by 3-fold repetition}
Score of fc3-256l1 vs v0.1.0: 65 - 370 - 97  [0.213] 532
Started game 536 of 2000000 (v0.1.0 vs fc3-256l1)
Finished game 533 (fc3-256l1 vs v0.1.0): 0-1 {Black wins by adjudication}
Score of fc3-256l1 vs v0.1.0: 65 - 371 - 97  [0.213] 533
Started game 537 of 2000000 (fc3-256l1 vs v0.1.0)
Finished game 537 (fc3-256l1 vs v0.1.0): 0-1 {Black wins by adjudication}
Score of fc3-256l1 vs v0.1.0: 65 - 372 - 97  [0.213] 534
Started game 538 of 2000000 (v0.1.0 vs fc3-256l1)
Finished game 534 (v0.1.0 vs fc3-256l1): 1-0 {White wins by adjudication}
Score of fc3-256l1 vs v0.1.0: 65 - 373 - 97  [0.212] 535
Started game 539 of 2000000 (fc3-256l1 vs v0.1.0)
Finished game 535 (fc3-256l1 vs v0.1.0): 0-1 {Black wins by adjudication}
Score of fc3-256l1 vs v0.1.0: 65 - 374 - 97  [0.212] 536
Started game 540 of 2000000 (v0.1.0 vs fc3-256l1)
Finished game 536 (v0.1.0 vs fc3-256l1): 1-0 {White wins by adjudication}
Score of fc3-256l1 vs v0.1.0: 65 - 375 - 97  [0.211] 537
Started game 541 of 2000000 (fc3-256l1 vs v0.1.0)
Finished game 538 (v0.1.0 vs fc3-256l1): 1/2-1/2 {Draw by 3-fold repetition}
Score of fc3-256l1 vs v0.1.0: 65 - 375 - 98  [0.212] 538
Started game 542 of 2000000 (v0.1.0 vs fc3-256l1)
Finished game 539 (fc3-256l1 vs v0.1.0): 1/2-1/2 {Draw by 3-fold repetition}
Score of fc3-256l1 vs v0.1.0: 65 - 375 - 99  [0.212] 539
Started game 543 of 2000000 (fc3-256l1 vs v0.1.0)
Finished game 540 (v0.1.0 vs fc3-256l1): 0-1 {Black wins by adjudication}
Score of fc3-256l1 vs v0.1.0: 66 - 375 - 99  [0.214] 540
Started game 544 of 2000000 (v0.1.0 vs fc3-256l1)
Finished game 542 (v0.1.0 vs fc3-256l1): 1/2-1/2 {Draw by 3-fold repetition}
Score of fc3-256l1 vs v0.1.0: 66 - 375 - 100  [0.214] 541
Started game 545 of 2000000 (fc3-256l1 vs v0.1.0)
Finished game 541 (fc3-256l1 vs v0.1.0): 0-1 {Black wins by adjudication}
Score of fc3-256l1 vs v0.1.0: 66 - 376 - 100  [0.214] 542
Started game 546 of 2000000 (v0.1.0 vs fc3-256l1)
Finished game 544 (v0.1.0 vs fc3-256l1): 1-0 {White wins by adjudication}
Score of fc3-256l1 vs v0.1.0: 66 - 377 - 100  [0.214] 543
Started game 547 of 2000000 (fc3-256l1 vs v0.1.0)
Finished game 543 (fc3-256l1 vs v0.1.0): 0-1 {Black wins by adjudication}
Score of fc3-256l1 vs v0.1.0: 66 - 378 - 100  [0.213] 544
Started game 548 of 2000000 (v0.1.0 vs fc3-256l1)
Finished game 546 (v0.1.0 vs fc3-256l1): 1-0 {White wins by adjudication}
Score of fc3-256l1 vs v0.1.0: 66 - 379 - 100  [0.213] 545
Started game 549 of 2000000 (fc3-256l1 vs v0.1.0)
Finished game 545 (fc3-256l1 vs v0.1.0): 0-1 {Black wins by adjudication}
Score of fc3-256l1 vs v0.1.0: 66 - 380 - 100  [0.212] 546
Started game 550 of 2000000 (v0.1.0 vs fc3-256l1)
Finished game 547 (fc3-256l1 vs v0.1.0): 1-0 {White wins by adjudication}
Score of fc3-256l1 vs v0.1.0: 67 - 380 - 100  [0.214] 547
Started game 551 of 2000000 (fc3-256l1 vs v0.1.0)
Finished game 548 (v0.1.0 vs fc3-256l1): 1-0 {White wins by adjudication}
Score of fc3-256l1 vs v0.1.0: 67 - 381 - 100  [0.214] 548
Started game 552 of 2000000 (v0.1.0 vs fc3-256l1)
Finished game 549 (fc3-256l1 vs v0.1.0): 1-0 {White wins by adjudication}
Score of fc3-256l1 vs v0.1.0: 68 - 381 - 100  [0.215] 549
Started game 553 of 2000000 (fc3-256l1 vs v0.1.0)
Finished game 550 (v0.1.0 vs fc3-256l1): 0-1 {Black wins by adjudication}
Score of fc3-256l1 vs v0.1.0: 69 - 381 - 100  [0.216] 550
Started game 554 of 2000000 (v0.1.0 vs fc3-256l1)
Finished game 551 (fc3-256l1 vs v0.1.0): 0-1 {Black wins by adjudication}
Score of fc3-256l1 vs v0.1.0: 69 - 382 - 100  [0.216] 551
Started game 555 of 2000000 (fc3-256l1 vs v0.1.0)
Finished game 552 (v0.1.0 vs fc3-256l1): 1-0 {White wins by adjudication}
Score of fc3-256l1 vs v0.1.0: 69 - 383 - 100  [0.216] 552
Started game 556 of 2000000 (v0.1.0 vs fc3-256l1)
Finished game 553 (fc3-256l1 vs v0.1.0): 0-1 {Black wins by adjudication}
Score of fc3-256l1 vs v0.1.0: 69 - 384 - 100  [0.215] 553
Started game 557 of 2000000 (fc3-256l1 vs v0.1.0)
Finished game 555 (fc3-256l1 vs v0.1.0): 0-1 {Black wins by adjudication}
Score of fc3-256l1 vs v0.1.0: 69 - 385 - 100  [0.215] 554
Started game 558 of 2000000 (v0.1.0 vs fc3-256l1)
Finished game 554 (v0.1.0 vs fc3-256l1): 1-0 {White wins by adjudication}
Score of fc3-256l1 vs v0.1.0: 69 - 386 - 100  [0.214] 555
Started game 559 of 2000000 (fc3-256l1 vs v0.1.0)
Finished game 557 (fc3-256l1 vs v0.1.0): 1/2-1/2 {Draw by 3-fold repetition}
Score of fc3-256l1 vs v0.1.0: 69 - 386 - 101  [0.215] 556
Started game 560 of 2000000 (v0.1.0 vs fc3-256l1)
Finished game 556 (v0.1.0 vs fc3-256l1): 0-1 {Black wins by adjudication}
Score of fc3-256l1 vs v0.1.0: 70 - 386 - 101  [0.216] 557
Started game 561 of 2000000 (fc3-256l1 vs v0.1.0)
Finished game 559 (fc3-256l1 vs v0.1.0): 0-1 {Black wins by adjudication}
Score of fc3-256l1 vs v0.1.0: 70 - 387 - 101  [0.216] 558
Started game 562 of 2000000 (v0.1.0 vs fc3-256l1)
Finished game 558 (v0.1.0 vs fc3-256l1): 1-0 {White wins by adjudication}
Score of fc3-256l1 vs v0.1.0: 70 - 388 - 101  [0.216] 559
Started game 563 of 2000000 (fc3-256l1 vs v0.1.0)
Finished game 560 (v0.1.0 vs fc3-256l1): 1-0 {White wins by adjudication}
Score of fc3-256l1 vs v0.1.0: 70 - 389 - 101  [0.215] 560
Started game 564 of 2000000 (v0.1.0 vs fc3-256l1)
Finished game 561 (fc3-256l1 vs v0.1.0): 1/2-1/2 {Draw by 3-fold repetition}
Score of fc3-256l1 vs v0.1.0: 70 - 389 - 102  [0.216] 561
Started game 565 of 2000000 (fc3-256l1 vs v0.1.0)
Finished game 564 (v0.1.0 vs fc3-256l1): 1-0 {White wins by adjudication}
Score of fc3-256l1 vs v0.1.0: 70 - 390 - 102  [0.215] 562
Started game 566 of 2000000 (v0.1.0 vs fc3-256l1)
Finished game 562 (v0.1.0 vs fc3-256l1): 1-0 {White wins by adjudication}
Score of fc3-256l1 vs v0.1.0: 70 - 391 - 102  [0.215] 563
Started game 567 of 2000000 (fc3-256l1 vs v0.1.0)
Finished game 563 (fc3-256l1 vs v0.1.0): 0-1 {Black wins by adjudication}
Score of fc3-256l1 vs v0.1.0: 70 - 392 - 102  [0.215] 564
Started game 568 of 2000000 (v0.1.0 vs fc3-256l1)
Finished game 565 (fc3-256l1 vs v0.1.0): 0-1 {Black wins by adjudication}
Score of fc3-256l1 vs v0.1.0: 70 - 393 - 102  [0.214] 565
Started game 569 of 2000000 (fc3-256l1 vs v0.1.0)
Finished game 567 (fc3-256l1 vs v0.1.0): 0-1 {Black wins by adjudication}
Score of fc3-256l1 vs v0.1.0: 70 - 394 - 102  [0.214] 566
Started game 570 of 2000000 (v0.1.0 vs fc3-256l1)
Finished game 566 (v0.1.0 vs fc3-256l1): 0-1 {Black wins by adjudication}
Score of fc3-256l1 vs v0.1.0: 71 - 394 - 102  [0.215] 567
Started game 571 of 2000000 (fc3-256l1 vs v0.1.0)
Finished game 568 (v0.1.0 vs fc3-256l1): 1-0 {White wins by adjudication}
Score of fc3-256l1 vs v0.1.0: 71 - 395 - 102  [0.215] 568
Started game 572 of 2000000 (v0.1.0 vs fc3-256l1)
Finished game 570 (v0.1.0 vs fc3-256l1): 1-0 {White wins by adjudication}
Score of fc3-256l1 vs v0.1.0: 71 - 396 - 102  [0.214] 569
Started game 573 of 2000000 (fc3-256l1 vs v0.1.0)
Finished game 572 (v0.1.0 vs fc3-256l1): 1/2-1/2 {Draw by 3-fold repetition}
Score of fc3-256l1 vs v0.1.0: 71 - 396 - 103  [0.215] 570
Started game 574 of 2000000 (v0.1.0 vs fc3-256l1)
Finished game 573 (fc3-256l1 vs v0.1.0): 0-1 {Black wins by adjudication}
Score of fc3-256l1 vs v0.1.0: 71 - 397 - 103  [0.215] 571
Started game 575 of 2000000 (fc3-256l1 vs v0.1.0)
Finished game 569 (fc3-256l1 vs v0.1.0): 0-1 {Black wins by adjudication}
Score of fc3-256l1 vs v0.1.0: 71 - 398 - 103  [0.214] 572
Started game 576 of 2000000 (v0.1.0 vs fc3-256l1)
Finished game 571 (fc3-256l1 vs v0.1.0): 0-1 {Black wins by adjudication}
Score of fc3-256l1 vs v0.1.0: 71 - 399 - 103  [0.214] 573
Started game 577 of 2000000 (fc3-256l1 vs v0.1.0)
Finished game 574 (v0.1.0 vs fc3-256l1): 1-0 {White wins by adjudication}
Score of fc3-256l1 vs v0.1.0: 71 - 400 - 103  [0.213] 574
Started game 578 of 2000000 (v0.1.0 vs fc3-256l1)
Finished game 575 (fc3-256l1 vs v0.1.0): 0-1 {Black wins by adjudication}
Score of fc3-256l1 vs v0.1.0: 71 - 401 - 103  [0.213] 575
Started game 579 of 2000000 (fc3-256l1 vs v0.1.0)
Finished game 576 (v0.1.0 vs fc3-256l1): 1-0 {White wins by adjudication}
Score of fc3-256l1 vs v0.1.0: 71 - 402 - 103  [0.213] 576
Started game 580 of 2000000 (v0.1.0 vs fc3-256l1)
Finished game 577 (fc3-256l1 vs v0.1.0): 0-1 {Black wins by adjudication}
Score of fc3-256l1 vs v0.1.0: 71 - 403 - 103  [0.212] 577
Started game 581 of 2000000 (fc3-256l1 vs v0.1.0)
Finished game 578 (v0.1.0 vs fc3-256l1): 1-0 {White wins by adjudication}
Score of fc3-256l1 vs v0.1.0: 71 - 404 - 103  [0.212] 578
Started game 582 of 2000000 (v0.1.0 vs fc3-256l1)
Finished game 579 (fc3-256l1 vs v0.1.0): 0-1 {Black wins by adjudication}
Score of fc3-256l1 vs v0.1.0: 71 - 405 - 103  [0.212] 579
Started game 583 of 2000000 (fc3-256l1 vs v0.1.0)
Finished game 580 (v0.1.0 vs fc3-256l1): 0-1 {Black mates}
Score of fc3-256l1 vs v0.1.0: 72 - 405 - 103  [0.213] 580
Started game 584 of 2000000 (v0.1.0 vs fc3-256l1)
Finished game 581 (fc3-256l1 vs v0.1.0): 1-0 {White wins by adjudication}
Score of fc3-256l1 vs v0.1.0: 73 - 405 - 103  [0.214] 581
Started game 585 of 2000000 (fc3-256l1 vs v0.1.0)
Finished game 583 (fc3-256l1 vs v0.1.0): 0-1 {Black wins by adjudication}
Score of fc3-256l1 vs v0.1.0: 73 - 406 - 103  [0.214] 582
Started game 586 of 2000000 (v0.1.0 vs fc3-256l1)
Finished game 582 (v0.1.0 vs fc3-256l1): 1/2-1/2 {Draw by 3-fold repetition}
Score of fc3-256l1 vs v0.1.0: 73 - 406 - 104  [0.214] 583
Started game 587 of 2000000 (fc3-256l1 vs v0.1.0)
Finished game 585 (fc3-256l1 vs v0.1.0): 1/2-1/2 {Draw by 3-fold repetition}
Score of fc3-256l1 vs v0.1.0: 73 - 406 - 105  [0.215] 584
Started game 588 of 2000000 (v0.1.0 vs fc3-256l1)
Finished game 586 (v0.1.0 vs fc3-256l1): 1/2-1/2 {Draw by 3-fold repetition}
Score of fc3-256l1 vs v0.1.0: 73 - 406 - 106  [0.215] 585
Started game 589 of 2000000 (fc3-256l1 vs v0.1.0)
Finished game 584 (v0.1.0 vs fc3-256l1): 0-1 {Black wins by adjudication}
Score of fc3-256l1 vs v0.1.0: 74 - 406 - 106  [0.217] 586
Started game 590 of 2000000 (v0.1.0 vs fc3-256l1)
Finished game 587 (fc3-256l1 vs v0.1.0): 0-1 {Black wins by adjudication}
Score of fc3-256l1 vs v0.1.0: 74 - 407 - 106  [0.216] 587
Started game 591 of 2000000 (fc3-256l1 vs v0.1.0)
Finished game 590 (v0.1.0 vs fc3-256l1): 1-0 {White wins by adjudication}
Score of fc3-256l1 vs v0.1.0: 74 - 408 - 106  [0.216] 588
Started game 592 of 2000000 (v0.1.0 vs fc3-256l1)
Finished game 589 (fc3-256l1 vs v0.1.0): 1/2-1/2 {Draw by 3-fold repetition}
Score of fc3-256l1 vs v0.1.0: 74 - 408 - 107  [0.216] 589
Started game 593 of 2000000 (fc3-256l1 vs v0.1.0)
Finished game 588 (v0.1.0 vs fc3-256l1): 0-1 {Black wins by adjudication}
Score of fc3-256l1 vs v0.1.0: 75 - 408 - 107  [0.218] 590
Started game 594 of 2000000 (v0.1.0 vs fc3-256l1)
Finished game 591 (fc3-256l1 vs v0.1.0): 1/2-1/2 {Draw by 3-fold repetition}
Score of fc3-256l1 vs v0.1.0: 75 - 408 - 108  [0.218] 591
Started game 595 of 2000000 (fc3-256l1 vs v0.1.0)
Finished game 592 (v0.1.0 vs fc3-256l1): 0-1 {Black wins by adjudication}
Score of fc3-256l1 vs v0.1.0: 76 - 408 - 108  [0.220] 592
Started game 596 of 2000000 (v0.1.0 vs fc3-256l1)
Finished game 593 (fc3-256l1 vs v0.1.0): 1/2-1/2 {Draw by 3-fold repetition}
Score of fc3-256l1 vs v0.1.0: 76 - 408 - 109  [0.220] 593
Started game 597 of 2000000 (fc3-256l1 vs v0.1.0)
Finished game 594 (v0.1.0 vs fc3-256l1): 1-0 {White wins by adjudication}
Score of fc3-256l1 vs v0.1.0: 76 - 409 - 109  [0.220] 594
Started game 598 of 2000000 (v0.1.0 vs fc3-256l1)
Finished game 596 (v0.1.0 vs fc3-256l1): 1-0 {White wins by adjudication}
Score of fc3-256l1 vs v0.1.0: 76 - 410 - 109  [0.219] 595
Started game 599 of 2000000 (fc3-256l1 vs v0.1.0)
Finished game 595 (fc3-256l1 vs v0.1.0): 0-1 {Black wins by adjudication}
Score of fc3-256l1 vs v0.1.0: 76 - 411 - 109  [0.219] 596
Started game 600 of 2000000 (v0.1.0 vs fc3-256l1)
Finished game 597 (fc3-256l1 vs v0.1.0): 0-1 {Black wins by adjudication}
Score of fc3-256l1 vs v0.1.0: 76 - 412 - 109  [0.219] 597
Started game 601 of 2000000 (fc3-256l1 vs v0.1.0)
Finished game 598 (v0.1.0 vs fc3-256l1): 1-0 {White wins by adjudication}
Score of fc3-256l1 vs v0.1.0: 76 - 413 - 109  [0.218] 598
Started game 602 of 2000000 (v0.1.0 vs fc3-256l1)
Finished game 599 (fc3-256l1 vs v0.1.0): 0-1 {Black wins by adjudication}
Score of fc3-256l1 vs v0.1.0: 76 - 414 - 109  [0.218] 599
Started game 603 of 2000000 (fc3-256l1 vs v0.1.0)
Finished game 600 (v0.1.0 vs fc3-256l1): 0-1 {Black wins by adjudication}
Score of fc3-256l1 vs v0.1.0: 77 - 414 - 109  [0.219] 600
Started game 604 of 2000000 (v0.1.0 vs fc3-256l1)
Finished game 602 (v0.1.0 vs fc3-256l1): 1-0 {White wins by adjudication}
Score of fc3-256l1 vs v0.1.0: 77 - 415 - 109  [0.219] 601
Started game 605 of 2000000 (fc3-256l1 vs v0.1.0)
Finished game 601 (fc3-256l1 vs v0.1.0): 0-1 {Black wins by adjudication}
Score of fc3-256l1 vs v0.1.0: 77 - 416 - 109  [0.218] 602
Started game 606 of 2000000 (v0.1.0 vs fc3-256l1)
Finished game 605 (fc3-256l1 vs v0.1.0): 0-1 {Black wins by adjudication}
Score of fc3-256l1 vs v0.1.0: 77 - 417 - 109  [0.218] 603
Started game 607 of 2000000 (fc3-256l1 vs v0.1.0)
Finished game 604 (v0.1.0 vs fc3-256l1): 1/2-1/2 {Draw by 3-fold repetition}
Score of fc3-256l1 vs v0.1.0: 77 - 417 - 110  [0.219] 604
Started game 608 of 2000000 (v0.1.0 vs fc3-256l1)
Finished game 603 (fc3-256l1 vs v0.1.0): 0-1 {Black wins by adjudication}
Score of fc3-256l1 vs v0.1.0: 77 - 418 - 110  [0.218] 605
Started game 609 of 2000000 (fc3-256l1 vs v0.1.0)
Finished game 606 (v0.1.0 vs fc3-256l1): 1-0 {White wins by adjudication}
Score of fc3-256l1 vs v0.1.0: 77 - 419 - 110  [0.218] 606
Started game 610 of 2000000 (v0.1.0 vs fc3-256l1)
Finished game 609 (fc3-256l1 vs v0.1.0): 0-1 {Black wins by adjudication}
Score of fc3-256l1 vs v0.1.0: 77 - 420 - 110  [0.217] 607
Started game 611 of 2000000 (fc3-256l1 vs v0.1.0)
Finished game 608 (v0.1.0 vs fc3-256l1): 1/2-1/2 {Draw by 3-fold repetition}
Score of fc3-256l1 vs v0.1.0: 77 - 420 - 111  [0.218] 608
Started game 612 of 2000000 (v0.1.0 vs fc3-256l1)
Finished game 610 (v0.1.0 vs fc3-256l1): 1/2-1/2 {Draw by 3-fold repetition}
Score of fc3-256l1 vs v0.1.0: 77 - 420 - 112  [0.218] 609
Started game 613 of 2000000 (fc3-256l1 vs v0.1.0)
Finished game 607 (fc3-256l1 vs v0.1.0): 0-1 {Black wins by adjudication}
Score of fc3-256l1 vs v0.1.0: 77 - 421 - 112  [0.218] 610
Started game 614 of 2000000 (v0.1.0 vs fc3-256l1)
Finished game 613 (fc3-256l1 vs v0.1.0): 1/2-1/2 {Draw by 3-fold repetition}
Score of fc3-256l1 vs v0.1.0: 77 - 421 - 113  [0.218] 611
Started game 615 of 2000000 (fc3-256l1 vs v0.1.0)
Finished game 611 (fc3-256l1 vs v0.1.0): 0-1 {Black wins by adjudication}
Score of fc3-256l1 vs v0.1.0: 77 - 422 - 113  [0.218] 612
Started game 616 of 2000000 (v0.1.0 vs fc3-256l1)
Finished game 612 (v0.1.0 vs fc3-256l1): 1/2-1/2 {Draw by 3-fold repetition}
Score of fc3-256l1 vs v0.1.0: 77 - 422 - 114  [0.219] 613
Started game 617 of 2000000 (fc3-256l1 vs v0.1.0)
Finished game 614 (v0.1.0 vs fc3-256l1): 1-0 {White wins by adjudication}
Score of fc3-256l1 vs v0.1.0: 77 - 423 - 114  [0.218] 614
Started game 618 of 2000000 (v0.1.0 vs fc3-256l1)
Finished game 617 (fc3-256l1 vs v0.1.0): 0-1 {Black wins by adjudication}
Score of fc3-256l1 vs v0.1.0: 77 - 424 - 114  [0.218] 615
Started game 619 of 2000000 (fc3-256l1 vs v0.1.0)
Finished game 615 (fc3-256l1 vs v0.1.0): 0-1 {Black wins by adjudication}
Score of fc3-256l1 vs v0.1.0: 77 - 425 - 114  [0.218] 616
Started game 620 of 2000000 (v0.1.0 vs fc3-256l1)
Finished game 616 (v0.1.0 vs fc3-256l1): 0-1 {Black wins by adjudication}
Score of fc3-256l1 vs v0.1.0: 78 - 425 - 114  [0.219] 617
Started game 621 of 2000000 (fc3-256l1 vs v0.1.0)
Finished game 620 (v0.1.0 vs fc3-256l1): 0-1 {Black wins by adjudication}
Score of fc3-256l1 vs v0.1.0: 79 - 425 - 114  [0.220] 618
Started game 622 of 2000000 (v0.1.0 vs fc3-256l1)
Finished game 618 (v0.1.0 vs fc3-256l1): 0-1 {Black wins by adjudication}
Score of fc3-256l1 vs v0.1.0: 80 - 425 - 114  [0.221] 619
Started game 623 of 2000000 (fc3-256l1 vs v0.1.0)
Finished game 619 (fc3-256l1 vs v0.1.0): 0-1 {Black wins by adjudication}
Score of fc3-256l1 vs v0.1.0: 80 - 426 - 114  [0.221] 620
Started game 624 of 2000000 (v0.1.0 vs fc3-256l1)
Finished game 621 (fc3-256l1 vs v0.1.0): 0-1 {Black wins by adjudication}
Score of fc3-256l1 vs v0.1.0: 80 - 427 - 114  [0.221] 621
Started game 625 of 2000000 (fc3-256l1 vs v0.1.0)
Finished game 624 (v0.1.0 vs fc3-256l1): 1-0 {White wins by adjudication}
Score of fc3-256l1 vs v0.1.0: 80 - 428 - 114  [0.220] 622
Started game 626 of 2000000 (v0.1.0 vs fc3-256l1)
Finished game 623 (fc3-256l1 vs v0.1.0): 0-1 {Black wins by adjudication}
Score of fc3-256l1 vs v0.1.0: 80 - 429 - 114  [0.220] 623
Started game 627 of 2000000 (fc3-256l1 vs v0.1.0)
Finished game 622 (v0.1.0 vs fc3-256l1): 1/2-1/2 {Draw by 3-fold repetition}
Score of fc3-256l1 vs v0.1.0: 80 - 429 - 115  [0.220] 624
Started game 628 of 2000000 (v0.1.0 vs fc3-256l1)
Finished game 625 (fc3-256l1 vs v0.1.0): 0-1 {Black wins by adjudication}
Score of fc3-256l1 vs v0.1.0: 80 - 430 - 115  [0.220] 625
Started game 629 of 2000000 (fc3-256l1 vs v0.1.0)
Finished game 626 (v0.1.0 vs fc3-256l1): 0-1 {Black wins by adjudication}
Score of fc3-256l1 vs v0.1.0: 81 - 430 - 115  [0.221] 626
Started game 630 of 2000000 (v0.1.0 vs fc3-256l1)
Finished game 628 (v0.1.0 vs fc3-256l1): 1-0 {White wins by adjudication}
Score of fc3-256l1 vs v0.1.0: 81 - 431 - 115  [0.221] 627
Started game 631 of 2000000 (fc3-256l1 vs v0.1.0)
Finished game 627 (fc3-256l1 vs v0.1.0): 0-1 {Black wins by adjudication}
Score of fc3-256l1 vs v0.1.0: 81 - 432 - 115  [0.221] 628
Started game 632 of 2000000 (v0.1.0 vs fc3-256l1)
Finished game 629 (fc3-256l1 vs v0.1.0): 1-0 {White wins by adjudication}
Score of fc3-256l1 vs v0.1.0: 82 - 432 - 115  [0.222] 629
Started game 633 of 2000000 (fc3-256l1 vs v0.1.0)
Finished game 630 (v0.1.0 vs fc3-256l1): 1-0 {White wins by adjudication}
Score of fc3-256l1 vs v0.1.0: 82 - 433 - 115  [0.221] 630
Started game 634 of 2000000 (v0.1.0 vs fc3-256l1)
Finished game 631 (fc3-256l1 vs v0.1.0): 0-1 {Black wins by adjudication}
Score of fc3-256l1 vs v0.1.0: 82 - 434 - 115  [0.221] 631
Started game 635 of 2000000 (fc3-256l1 vs v0.1.0)
Finished game 632 (v0.1.0 vs fc3-256l1): 1/2-1/2 {Draw by 3-fold repetition}
Score of fc3-256l1 vs v0.1.0: 82 - 434 - 116  [0.222] 632
Started game 636 of 2000000 (v0.1.0 vs fc3-256l1)
Finished game 634 (v0.1.0 vs fc3-256l1): 0-1 {Black wins by adjudication}
Score of fc3-256l1 vs v0.1.0: 83 - 434 - 116  [0.223] 633
Started game 637 of 2000000 (fc3-256l1 vs v0.1.0)
Finished game 633 (fc3-256l1 vs v0.1.0): 0-1 {Black wins by adjudication}
Score of fc3-256l1 vs v0.1.0: 83 - 435 - 116  [0.222] 634
Started game 638 of 2000000 (v0.1.0 vs fc3-256l1)
Finished game 635 (fc3-256l1 vs v0.1.0): 0-1 {Black wins by adjudication}
Score of fc3-256l1 vs v0.1.0: 83 - 436 - 116  [0.222] 635
Started game 639 of 2000000 (fc3-256l1 vs v0.1.0)
Finished game 636 (v0.1.0 vs fc3-256l1): 1-0 {White wins by adjudication}
Score of fc3-256l1 vs v0.1.0: 83 - 437 - 116  [0.222] 636
Started game 640 of 2000000 (v0.1.0 vs fc3-256l1)
Finished game 637 (fc3-256l1 vs v0.1.0): 1-0 {White wins by adjudication}
Score of fc3-256l1 vs v0.1.0: 84 - 437 - 116  [0.223] 637
Started game 641 of 2000000 (fc3-256l1 vs v0.1.0)
Finished game 638 (v0.1.0 vs fc3-256l1): 1-0 {White wins by adjudication}
Score of fc3-256l1 vs v0.1.0: 84 - 438 - 116  [0.223] 638
Started game 642 of 2000000 (v0.1.0 vs fc3-256l1)
Finished game 639 (fc3-256l1 vs v0.1.0): 1/2-1/2 {Draw by 3-fold repetition}
Score of fc3-256l1 vs v0.1.0: 84 - 438 - 117  [0.223] 639
Started game 643 of 2000000 (fc3-256l1 vs v0.1.0)
Finished game 640 (v0.1.0 vs fc3-256l1): 1-0 {White wins by adjudication}
Score of fc3-256l1 vs v0.1.0: 84 - 439 - 117  [0.223] 640
Started game 644 of 2000000 (v0.1.0 vs fc3-256l1)
Finished game 641 (fc3-256l1 vs v0.1.0): 1/2-1/2 {Draw by 3-fold repetition}
Score of fc3-256l1 vs v0.1.0: 84 - 439 - 118  [0.223] 641
Started game 645 of 2000000 (fc3-256l1 vs v0.1.0)
Finished game 642 (v0.1.0 vs fc3-256l1): 1-0 {White wins by adjudication}
Score of fc3-256l1 vs v0.1.0: 84 - 440 - 118  [0.223] 642
Started game 646 of 2000000 (v0.1.0 vs fc3-256l1)
Finished game 643 (fc3-256l1 vs v0.1.0): 0-1 {Black wins by adjudication}
Score of fc3-256l1 vs v0.1.0: 84 - 441 - 118  [0.222] 643
Started game 647 of 2000000 (fc3-256l1 vs v0.1.0)
Finished game 644 (v0.1.0 vs fc3-256l1): 1/2-1/2 {Draw by 3-fold repetition}
Score of fc3-256l1 vs v0.1.0: 84 - 441 - 119  [0.223] 644
Started game 648 of 2000000 (v0.1.0 vs fc3-256l1)
Finished game 645 (fc3-256l1 vs v0.1.0): 0-1 {Black wins by adjudication}
Score of fc3-256l1 vs v0.1.0: 84 - 442 - 119  [0.222] 645
Started game 649 of 2000000 (fc3-256l1 vs v0.1.0)
Finished game 647 (fc3-256l1 vs v0.1.0): 1/2-1/2 {Draw by 3-fold repetition}
Score of fc3-256l1 vs v0.1.0: 84 - 442 - 120  [0.223] 646
Started game 650 of 2000000 (v0.1.0 vs fc3-256l1)
Finished game 648 (v0.1.0 vs fc3-256l1): 1/2-1/2 {Draw by 3-fold repetition}
Score of fc3-256l1 vs v0.1.0: 84 - 442 - 121  [0.223] 647
Started game 651 of 2000000 (fc3-256l1 vs v0.1.0)
Finished game 649 (fc3-256l1 vs v0.1.0): 0-1 {Black wins by adjudication}
Score of fc3-256l1 vs v0.1.0: 84 - 443 - 121  [0.223] 648
Started game 652 of 2000000 (v0.1.0 vs fc3-256l1)
Finished game 646 (v0.1.0 vs fc3-256l1): 1-0 {White wins by adjudication}
Score of fc3-256l1 vs v0.1.0: 84 - 444 - 121  [0.223] 649
Started game 653 of 2000000 (fc3-256l1 vs v0.1.0)
Finished game 650 (v0.1.0 vs fc3-256l1): 0-1 {Black wins by adjudication}
Score of fc3-256l1 vs v0.1.0: 85 - 444 - 121  [0.224] 650
Started game 654 of 2000000 (v0.1.0 vs fc3-256l1)
Finished game 653 (fc3-256l1 vs v0.1.0): 0-1 {White makes an illegal move: 0000}
Score of fc3-256l1 vs v0.1.0: 85 - 445 - 121  [0.224] 651
Started game 655 of 2000000 (fc3-256l1 vs v0.1.0)
Finished game 652 (v0.1.0 vs fc3-256l1): 1-0 {White wins by adjudication}
Score of fc3-256l1 vs v0.1.0: 85 - 446 - 121  [0.223] 652
Started game 656 of 2000000 (v0.1.0 vs fc3-256l1)
Finished game 651 (fc3-256l1 vs v0.1.0): 1/2-1/2 {Draw by 3-fold repetition}
Score of fc3-256l1 vs v0.1.0: 85 - 446 - 122  [0.224] 653
Started game 657 of 2000000 (fc3-256l1 vs v0.1.0)
Finished game 655 (fc3-256l1 vs v0.1.0): 0-1 {Black wins by adjudication}
Score of fc3-256l1 vs v0.1.0: 85 - 447 - 122  [0.223] 654
Started game 658 of 2000000 (v0.1.0 vs fc3-256l1)
Finished game 656 (v0.1.0 vs fc3-256l1): 1/2-1/2 {Draw by 3-fold repetition}
Score of fc3-256l1 vs v0.1.0: 85 - 447 - 123  [0.224] 655
Started game 659 of 2000000 (fc3-256l1 vs v0.1.0)
Finished game 654 (v0.1.0 vs fc3-256l1): 0-1 {Black wins by adjudication}
Score of fc3-256l1 vs v0.1.0: 86 - 447 - 123  [0.225] 656
Started game 660 of 2000000 (v0.1.0 vs fc3-256l1)
Finished game 657 (fc3-256l1 vs v0.1.0): 0-1 {Black wins by adjudication}
Score of fc3-256l1 vs v0.1.0: 86 - 448 - 123  [0.225] 657
Started game 661 of 2000000 (fc3-256l1 vs v0.1.0)
Finished game 658 (v0.1.0 vs fc3-256l1): 1-0 {White wins by adjudication}
Score of fc3-256l1 vs v0.1.0: 86 - 449 - 123  [0.224] 658
Started game 662 of 2000000 (v0.1.0 vs fc3-256l1)
Finished game 660 (v0.1.0 vs fc3-256l1): 1-0 {White wins by adjudication}
Score of fc3-256l1 vs v0.1.0: 86 - 450 - 123  [0.224] 659
Started game 663 of 2000000 (fc3-256l1 vs v0.1.0)
Finished game 659 (fc3-256l1 vs v0.1.0): 0-1 {Black wins by adjudication}
Score of fc3-256l1 vs v0.1.0: 86 - 451 - 123  [0.223] 660
Started game 664 of 2000000 (v0.1.0 vs fc3-256l1)
Finished game 661 (fc3-256l1 vs v0.1.0): 1/2-1/2 {Draw by 3-fold repetition}
Score of fc3-256l1 vs v0.1.0: 86 - 451 - 124  [0.224] 661
Started game 665 of 2000000 (fc3-256l1 vs v0.1.0)
Finished game 664 (v0.1.0 vs fc3-256l1): 1-0 {White mates}
Score of fc3-256l1 vs v0.1.0: 86 - 452 - 124  [0.224] 662
Started game 666 of 2000000 (v0.1.0 vs fc3-256l1)
Finished game 663 (fc3-256l1 vs v0.1.0): 0-1 {Black wins by adjudication}
Score of fc3-256l1 vs v0.1.0: 86 - 453 - 124  [0.223] 663
Started game 667 of 2000000 (fc3-256l1 vs v0.1.0)
Finished game 662 (v0.1.0 vs fc3-256l1): 1-0 {White wins by adjudication}
Score of fc3-256l1 vs v0.1.0: 86 - 454 - 124  [0.223] 664
Started game 668 of 2000000 (v0.1.0 vs fc3-256l1)
Finished game 666 (v0.1.0 vs fc3-256l1): 1-0 {White wins by adjudication}
Score of fc3-256l1 vs v0.1.0: 86 - 455 - 124  [0.223] 665
Finished game 667 (fc3-256l1 vs v0.1.0): * {No result}
Score of fc3-256l1 vs v0.1.0: 86 - 455 - 124  [0.223] 665
Finished game 668 (v0.1.0 vs fc3-256l1): * {No result}
Score of fc3-256l1 vs v0.1.0: 86 - 455 - 124  [0.223] 665
Finished game 665 (fc3-256l1 vs v0.1.0): * {No result}
Score of fc3-256l1 vs v0.1.0: 86 - 455 - 124  [0.223] 665
...      fc3-256l1 playing White: 32 - 244 - 56  [0.181] 332
...      fc3-256l1 playing Black: 54 - 211 - 68  [0.264] 333
...      White vs Black: 243 - 298 - 124  [0.459] 665
Elo difference: -217.3 +/- 27.2, LOS: 0.0 %, DrawRatio: 18.6 %
SPRT: llr -2.95 (-100.1%), lbound -2.94, ubound 2.94 - H0 was accepted

Player: fc3-256l1
   "Draw by 3-fold repetition": 124
   "Loss: Black makes an illegal move: 0000": 1
   "Loss: Black mates": 4
   "Loss: Black wins by adjudication": 238
   "Loss: White makes an illegal move: 0000": 2
   "Loss: White mates": 8
   "Loss: White wins by adjudication": 202
   "No result": 3
   "Win: Black mates": 3
   "Win: Black wins by adjudication": 51
   "Win: White mates": 2
   "Win: White wins by adjudication": 30
Player: v0.1.0
   "Draw by 3-fold repetition": 124
   "Loss: Black mates": 3
   "Loss: Black wins by adjudication": 51
   "Loss: White mates": 2
   "Loss: White wins by adjudication": 30
   "No result": 3
   "Win: Black makes an illegal move: 0000": 1
   "Win: Black mates": 4
   "Win: Black wins by adjudication": 238
   "Win: White makes an illegal move: 0000": 2
   "Win: White mates": 8
   "Win: White wins by adjudication": 202
Finished match
