Indexing opening suite...
Started game 2 of 2000000 (v0.0.1 vs nnue-integration)
Started game 1 of 2000000 (nnue-integration vs v0.0.1)
Started game 3 of 2000000 (nnue-integration vs v0.0.1)
Started game 4 of 2000000 (v0.0.1 vs nnue-integration)
Started game 5 of 2000000 (nnue-integration vs v0.0.1)
Started game 6 of 2000000 (v0.0.1 vs nnue-integration)
Finished game 1 (nnue-integration vs v0.0.1): 1/2-1/2 {Draw by 3-fold repetition}
Score of nnue-integration vs v0.0.1: 0 - 0 - 1  [0.500] 1
Started game 7 of 2000000 (nnue-integration vs v0.0.1)
Finished game 5 (nnue-integration vs v0.0.1): 1-0 {White wins by adjudication}
Score of nnue-integration vs v0.0.1: 1 - 0 - 1  [0.750] 2
Started game 8 of 2000000 (v0.0.1 vs nnue-integration)
Finished game 3 (nnue-integration vs v0.0.1): 1/2-1/2 {Draw by 3-fold repetition}
Score of nnue-integration vs v0.0.1: 1 - 0 - 2  [0.667] 3
Started game 9 of 2000000 (nnue-integration vs v0.0.1)
Finished game 4 (v0.0.1 vs nnue-integration): 1/2-1/2 {Draw by 3-fold repetition}
Score of nnue-integration vs v0.0.1: 1 - 0 - 3  [0.625] 4
Started game 10 of 2000000 (v0.0.1 vs nnue-integration)
Finished game 6 (v0.0.1 vs nnue-integration): 0-1 {Black wins by adjudication}
Score of nnue-integration vs v0.0.1: 2 - 0 - 3  [0.700] 5
Started game 11 of 2000000 (nnue-integration vs v0.0.1)
Finished game 2 (v0.0.1 vs nnue-integration): 0-1 {Black wins by adjudication}
Score of nnue-integration vs v0.0.1: 3 - 0 - 3  [0.750] 6
Started game 12 of 2000000 (v0.0.1 vs nnue-integration)
Finished game 12 (v0.0.1 vs nnue-integration): 1-0 {White wins by adjudication}
Score of nnue-integration vs v0.0.1: 3 - 1 - 3  [0.643] 7
Started game 13 of 2000000 (nnue-integration vs v0.0.1)
Finished game 8 (v0.0.1 vs nnue-integration): 0-1 {Black wins by adjudication}
Score of nnue-integration vs v0.0.1: 4 - 1 - 3  [0.688] 8
Started game 14 of 2000000 (v0.0.1 vs nnue-integration)
Finished game 7 (nnue-integration vs v0.0.1): 1/2-1/2 {Draw by 3-fold repetition}
Score of nnue-integration vs v0.0.1: 4 - 1 - 4  [0.667] 9
Started game 15 of 2000000 (nnue-integration vs v0.0.1)
Finished game 9 (nnue-integration vs v0.0.1): 1/2-1/2 {Draw by 3-fold repetition}
Score of nnue-integration vs v0.0.1: 4 - 1 - 5  [0.650] 10
Started game 16 of 2000000 (v0.0.1 vs nnue-integration)
Finished game 10 (v0.0.1 vs nnue-integration): 1/2-1/2 {Draw by 3-fold repetition}
Score of nnue-integration vs v0.0.1: 4 - 1 - 6  [0.636] 11
Started game 17 of 2000000 (nnue-integration vs v0.0.1)
Finished game 15 (nnue-integration vs v0.0.1): 0-1 {Black wins by adjudication}
Score of nnue-integration vs v0.0.1: 4 - 2 - 6  [0.583] 12
Started game 18 of 2000000 (v0.0.1 vs nnue-integration)
Finished game 13 (nnue-integration vs v0.0.1): 1-0 {White wins by adjudication}
Score of nnue-integration vs v0.0.1: 5 - 2 - 6  [0.615] 13
Started game 19 of 2000000 (nnue-integration vs v0.0.1)
Finished game 11 (nnue-integration vs v0.0.1): 1/2-1/2 {Draw by 3-fold repetition}
Score of nnue-integration vs v0.0.1: 5 - 2 - 7  [0.607] 14
Started game 20 of 2000000 (v0.0.1 vs nnue-integration)
Finished game 16 (v0.0.1 vs nnue-integration): 0-1 {Black wins by adjudication}
Score of nnue-integration vs v0.0.1: 6 - 2 - 7  [0.633] 15
Started game 21 of 2000000 (nnue-integration vs v0.0.1)
Finished game 14 (v0.0.1 vs nnue-integration): 0-1 {Black wins by adjudication}
Score of nnue-integration vs v0.0.1: 7 - 2 - 7  [0.656] 16
Started game 22 of 2000000 (v0.0.1 vs nnue-integration)
Finished game 18 (v0.0.1 vs nnue-integration): 1/2-1/2 {Draw by 3-fold repetition}
Score of nnue-integration vs v0.0.1: 7 - 2 - 8  [0.647] 17
Started game 23 of 2000000 (nnue-integration vs v0.0.1)
Finished game 17 (nnue-integration vs v0.0.1): 1-0 {White wins by adjudication}
Score of nnue-integration vs v0.0.1: 8 - 2 - 8  [0.667] 18
Started game 24 of 2000000 (v0.0.1 vs nnue-integration)
Finished game 21 (nnue-integration vs v0.0.1): 1-0 {White mates}
Score of nnue-integration vs v0.0.1: 9 - 2 - 8  [0.684] 19
Started game 25 of 2000000 (nnue-integration vs v0.0.1)
Finished game 19 (nnue-integration vs v0.0.1): 1/2-1/2 {Draw by 3-fold repetition}
Score of nnue-integration vs v0.0.1: 9 - 2 - 9  [0.675] 20
Started game 26 of 2000000 (v0.0.1 vs nnue-integration)
Finished game 23 (nnue-integration vs v0.0.1): 0-1 {Black wins by adjudication}
Score of nnue-integration vs v0.0.1: 9 - 3 - 9  [0.643] 21
Started game 27 of 2000000 (nnue-integration vs v0.0.1)
Finished game 20 (v0.0.1 vs nnue-integration): 0-1 {Black wins by adjudication}
Score of nnue-integration vs v0.0.1: 10 - 3 - 9  [0.659] 22
Started game 28 of 2000000 (v0.0.1 vs nnue-integration)
Finished game 27 (nnue-integration vs v0.0.1): 1/2-1/2 {Draw by 3-fold repetition}
Score of nnue-integration vs v0.0.1: 10 - 3 - 10  [0.652] 23
Started game 29 of 2000000 (nnue-integration vs v0.0.1)
Finished game 22 (v0.0.1 vs nnue-integration): 1/2-1/2 {Draw by 3-fold repetition}
Score of nnue-integration vs v0.0.1: 10 - 3 - 11  [0.646] 24
Started game 30 of 2000000 (v0.0.1 vs nnue-integration)
Finished game 25 (nnue-integration vs v0.0.1): 1-0 {White wins by adjudication}
Score of nnue-integration vs v0.0.1: 11 - 3 - 11  [0.660] 25
Started game 31 of 2000000 (nnue-integration vs v0.0.1)
Finished game 28 (v0.0.1 vs nnue-integration): 1/2-1/2 {Draw by 3-fold repetition}
Score of nnue-integration vs v0.0.1: 11 - 3 - 12  [0.654] 26
Started game 32 of 2000000 (v0.0.1 vs nnue-integration)
Finished game 30 (v0.0.1 vs nnue-integration): 0-1 {Black wins by adjudication}
Score of nnue-integration vs v0.0.1: 12 - 3 - 12  [0.667] 27
Started game 33 of 2000000 (nnue-integration vs v0.0.1)
Finished game 29 (nnue-integration vs v0.0.1): 1-0 {White wins by adjudication}
Score of nnue-integration vs v0.0.1: 13 - 3 - 12  [0.679] 28
Started game 34 of 2000000 (v0.0.1 vs nnue-integration)
Finished game 24 (v0.0.1 vs nnue-integration): 0-1 {Black wins by adjudication}
Score of nnue-integration vs v0.0.1: 14 - 3 - 12  [0.690] 29
Started game 35 of 2000000 (nnue-integration vs v0.0.1)
Finished game 26 (v0.0.1 vs nnue-integration): 0-1 {Black wins by adjudication}
Score of nnue-integration vs v0.0.1: 15 - 3 - 12  [0.700] 30
Started game 36 of 2000000 (v0.0.1 vs nnue-integration)
Finished game 32 (v0.0.1 vs nnue-integration): 1/2-1/2 {Draw by 3-fold repetition}
Score of nnue-integration vs v0.0.1: 15 - 3 - 13  [0.694] 31
Started game 37 of 2000000 (nnue-integration vs v0.0.1)
Finished game 35 (nnue-integration vs v0.0.1): 1-0 {White wins by adjudication}
Score of nnue-integration vs v0.0.1: 16 - 3 - 13  [0.703] 32
Started game 38 of 2000000 (v0.0.1 vs nnue-integration)
Finished game 34 (v0.0.1 vs nnue-integration): 1/2-1/2 {Draw by 3-fold repetition}
Score of nnue-integration vs v0.0.1: 16 - 3 - 14  [0.697] 33
Started game 39 of 2000000 (nnue-integration vs v0.0.1)
Finished game 31 (nnue-integration vs v0.0.1): 0-1 {Black wins by adjudication}
Score of nnue-integration vs v0.0.1: 16 - 4 - 14  [0.676] 34
Started game 40 of 2000000 (v0.0.1 vs nnue-integration)
Finished game 33 (nnue-integration vs v0.0.1): 1-0 {White wins by adjudication}
Score of nnue-integration vs v0.0.1: 17 - 4 - 14  [0.686] 35
Started game 41 of 2000000 (nnue-integration vs v0.0.1)
Finished game 36 (v0.0.1 vs nnue-integration): 1-0 {White wins by adjudication}
Score of nnue-integration vs v0.0.1: 17 - 5 - 14  [0.667] 36
Started game 42 of 2000000 (v0.0.1 vs nnue-integration)
Finished game 37 (nnue-integration vs v0.0.1): 0-1 {Black wins by adjudication}
Score of nnue-integration vs v0.0.1: 17 - 6 - 14  [0.649] 37
Started game 43 of 2000000 (nnue-integration vs v0.0.1)
Finished game 38 (v0.0.1 vs nnue-integration): 1-0 {White wins by adjudication}
Score of nnue-integration vs v0.0.1: 17 - 7 - 14  [0.632] 38
Started game 44 of 2000000 (v0.0.1 vs nnue-integration)
Finished game 40 (v0.0.1 vs nnue-integration): 0-1 {Black wins by adjudication}
Score of nnue-integration vs v0.0.1: 18 - 7 - 14  [0.641] 39
Started game 45 of 2000000 (nnue-integration vs v0.0.1)
Finished game 41 (nnue-integration vs v0.0.1): 1-0 {White wins by adjudication}
Score of nnue-integration vs v0.0.1: 19 - 7 - 14  [0.650] 40
Started game 46 of 2000000 (v0.0.1 vs nnue-integration)
Finished game 42 (v0.0.1 vs nnue-integration): 0-1 {Black wins by adjudication}
Score of nnue-integration vs v0.0.1: 20 - 7 - 14  [0.659] 41
Started game 47 of 2000000 (nnue-integration vs v0.0.1)
Finished game 39 (nnue-integration vs v0.0.1): 1/2-1/2 {Draw by 3-fold repetition}
Score of nnue-integration vs v0.0.1: 20 - 7 - 15  [0.655] 42
Started game 48 of 2000000 (v0.0.1 vs nnue-integration)
Finished game 43 (nnue-integration vs v0.0.1): 0-1 {Black wins by adjudication}
Score of nnue-integration vs v0.0.1: 20 - 8 - 15  [0.640] 43
Started game 49 of 2000000 (nnue-integration vs v0.0.1)
Finished game 44 (v0.0.1 vs nnue-integration): 1/2-1/2 {Draw by 3-fold repetition}
Score of nnue-integration vs v0.0.1: 20 - 8 - 16  [0.636] 44
Started game 50 of 2000000 (v0.0.1 vs nnue-integration)
Finished game 48 (v0.0.1 vs nnue-integration): 1/2-1/2 {Draw by 3-fold repetition}
Score of nnue-integration vs v0.0.1: 20 - 8 - 17  [0.633] 45
Started game 51 of 2000000 (nnue-integration vs v0.0.1)
Finished game 46 (v0.0.1 vs nnue-integration): 0-1 {Black wins by adjudication}
Score of nnue-integration vs v0.0.1: 21 - 8 - 17  [0.641] 46
Started game 52 of 2000000 (v0.0.1 vs nnue-integration)
Finished game 47 (nnue-integration vs v0.0.1): 1/2-1/2 {Draw by 3-fold repetition}
Score of nnue-integration vs v0.0.1: 21 - 8 - 18  [0.638] 47
Started game 53 of 2000000 (nnue-integration vs v0.0.1)
Finished game 45 (nnue-integration vs v0.0.1): 0-1 {Black wins by adjudication}
Score of nnue-integration vs v0.0.1: 21 - 9 - 18  [0.625] 48
Started game 54 of 2000000 (v0.0.1 vs nnue-integration)
Finished game 53 (nnue-integration vs v0.0.1): 1/2-1/2 {Draw by 3-fold repetition}
Score of nnue-integration vs v0.0.1: 21 - 9 - 19  [0.622] 49
Started game 55 of 2000000 (nnue-integration vs v0.0.1)
Finished game 49 (nnue-integration vs v0.0.1): 1/2-1/2 {Draw by 3-fold repetition}
Score of nnue-integration vs v0.0.1: 21 - 9 - 20  [0.620] 50
Started game 56 of 2000000 (v0.0.1 vs nnue-integration)
Finished game 51 (nnue-integration vs v0.0.1): 1-0 {White wins by adjudication}
Score of nnue-integration vs v0.0.1: 22 - 9 - 20  [0.627] 51
Started game 57 of 2000000 (nnue-integration vs v0.0.1)
Finished game 50 (v0.0.1 vs nnue-integration): 1/2-1/2 {Draw by 3-fold repetition}
Score of nnue-integration vs v0.0.1: 22 - 9 - 21  [0.625] 52
Started game 58 of 2000000 (v0.0.1 vs nnue-integration)
Finished game 52 (v0.0.1 vs nnue-integration): 0-1 {Black wins by adjudication}
Score of nnue-integration vs v0.0.1: 23 - 9 - 21  [0.632] 53
Started game 59 of 2000000 (nnue-integration vs v0.0.1)
Finished game 57 (nnue-integration vs v0.0.1): 1-0 {White wins by adjudication}
Score of nnue-integration vs v0.0.1: 24 - 9 - 21  [0.639] 54
Started game 60 of 2000000 (v0.0.1 vs nnue-integration)
Finished game 55 (nnue-integration vs v0.0.1): 1/2-1/2 {Draw by 3-fold repetition}
Score of nnue-integration vs v0.0.1: 24 - 9 - 22  [0.636] 55
Started game 61 of 2000000 (nnue-integration vs v0.0.1)
Finished game 56 (v0.0.1 vs nnue-integration): 1/2-1/2 {Draw by 3-fold repetition}
Score of nnue-integration vs v0.0.1: 24 - 9 - 23  [0.634] 56
Started game 62 of 2000000 (v0.0.1 vs nnue-integration)
Finished game 54 (v0.0.1 vs nnue-integration): 1/2-1/2 {Draw by 3-fold repetition}
Score of nnue-integration vs v0.0.1: 24 - 9 - 24  [0.632] 57
Started game 63 of 2000000 (nnue-integration vs v0.0.1)
Finished game 60 (v0.0.1 vs nnue-integration): 0-1 {Black wins by adjudication}
Score of nnue-integration vs v0.0.1: 25 - 9 - 24  [0.638] 58
Started game 64 of 2000000 (v0.0.1 vs nnue-integration)
Finished game 58 (v0.0.1 vs nnue-integration): 0-1 {Black wins by adjudication}
Score of nnue-integration vs v0.0.1: 26 - 9 - 24  [0.644] 59
Started game 65 of 2000000 (nnue-integration vs v0.0.1)
Finished game 59 (nnue-integration vs v0.0.1): 0-1 {Black wins by adjudication}
Score of nnue-integration vs v0.0.1: 26 - 10 - 24  [0.633] 60
Started game 66 of 2000000 (v0.0.1 vs nnue-integration)
Finished game 61 (nnue-integration vs v0.0.1): 1-0 {White wins by adjudication}
Score of nnue-integration vs v0.0.1: 27 - 10 - 24  [0.639] 61
Started game 67 of 2000000 (nnue-integration vs v0.0.1)
Finished game 65 (nnue-integration vs v0.0.1): 1-0 {White wins by adjudication}
Score of nnue-integration vs v0.0.1: 28 - 10 - 24  [0.645] 62
Started game 68 of 2000000 (v0.0.1 vs nnue-integration)
Finished game 66 (v0.0.1 vs nnue-integration): 0-1 {Black wins by adjudication}
Score of nnue-integration vs v0.0.1: 29 - 10 - 24  [0.651] 63
Started game 69 of 2000000 (nnue-integration vs v0.0.1)
Finished game 63 (nnue-integration vs v0.0.1): 1-0 {White wins by adjudication}
Score of nnue-integration vs v0.0.1: 30 - 10 - 24  [0.656] 64
Started game 70 of 2000000 (v0.0.1 vs nnue-integration)
Finished game 62 (v0.0.1 vs nnue-integration): 0-1 {Black wins by adjudication}
Score of nnue-integration vs v0.0.1: 31 - 10 - 24  [0.662] 65
Started game 71 of 2000000 (nnue-integration vs v0.0.1)
Finished game 64 (v0.0.1 vs nnue-integration): 1/2-1/2 {Draw by 3-fold repetition}
Score of nnue-integration vs v0.0.1: 31 - 10 - 25  [0.659] 66
Started game 72 of 2000000 (v0.0.1 vs nnue-integration)
Finished game 68 (v0.0.1 vs nnue-integration): 1/2-1/2 {Draw by 3-fold repetition}
Score of nnue-integration vs v0.0.1: 31 - 10 - 26  [0.657] 67
Started game 73 of 2000000 (nnue-integration vs v0.0.1)
Finished game 67 (nnue-integration vs v0.0.1): 1-0 {White wins by adjudication}
Score of nnue-integration vs v0.0.1: 32 - 10 - 26  [0.662] 68
Started game 74 of 2000000 (v0.0.1 vs nnue-integration)
Finished game 72 (v0.0.1 vs nnue-integration): 1/2-1/2 {Draw by 3-fold repetition}
Score of nnue-integration vs v0.0.1: 32 - 10 - 27  [0.659] 69
Started game 75 of 2000000 (nnue-integration vs v0.0.1)
Finished game 69 (nnue-integration vs v0.0.1): 0-1 {Black wins by adjudication}
Score of nnue-integration vs v0.0.1: 32 - 11 - 27  [0.650] 70
Started game 76 of 2000000 (v0.0.1 vs nnue-integration)
Finished game 71 (nnue-integration vs v0.0.1): 0-1 {Black wins by adjudication}
Score of nnue-integration vs v0.0.1: 32 - 12 - 27  [0.641] 71
Started game 77 of 2000000 (nnue-integration vs v0.0.1)
Finished game 73 (nnue-integration vs v0.0.1): 1-0 {White wins by adjudication}
Score of nnue-integration vs v0.0.1: 33 - 12 - 27  [0.646] 72
Started game 78 of 2000000 (v0.0.1 vs nnue-integration)
Finished game 76 (v0.0.1 vs nnue-integration): 1/2-1/2 {Draw by 3-fold repetition}
Score of nnue-integration vs v0.0.1: 33 - 12 - 28  [0.644] 73
Started game 79 of 2000000 (nnue-integration vs v0.0.1)
Finished game 70 (v0.0.1 vs nnue-integration): 1/2-1/2 {Draw by 3-fold repetition}
Score of nnue-integration vs v0.0.1: 33 - 12 - 29  [0.642] 74
Started game 80 of 2000000 (v0.0.1 vs nnue-integration)
Finished game 79 (nnue-integration vs v0.0.1): 1-0 {White wins by adjudication}
Score of nnue-integration vs v0.0.1: 34 - 12 - 29  [0.647] 75
Started game 81 of 2000000 (nnue-integration vs v0.0.1)
Finished game 75 (nnue-integration vs v0.0.1): 0-1 {Black wins by adjudication}
Score of nnue-integration vs v0.0.1: 34 - 13 - 29  [0.638] 76
Started game 82 of 2000000 (v0.0.1 vs nnue-integration)
Finished game 77 (nnue-integration vs v0.0.1): 1/2-1/2 {Draw by 3-fold repetition}
Score of nnue-integration vs v0.0.1: 34 - 13 - 30  [0.636] 77
Started game 83 of 2000000 (nnue-integration vs v0.0.1)
Finished game 74 (v0.0.1 vs nnue-integration): 0-1 {Black wins by adjudication}
Score of nnue-integration vs v0.0.1: 35 - 13 - 30  [0.641] 78
Started game 84 of 2000000 (v0.0.1 vs nnue-integration)
Finished game 78 (v0.0.1 vs nnue-integration): 1/2-1/2 {Draw by 3-fold repetition}
Score of nnue-integration vs v0.0.1: 35 - 13 - 31  [0.639] 79
Started game 85 of 2000000 (nnue-integration vs v0.0.1)
Finished game 83 (nnue-integration vs v0.0.1): 1-0 {White wins by adjudication}
Score of nnue-integration vs v0.0.1: 36 - 13 - 31  [0.644] 80
Started game 86 of 2000000 (v0.0.1 vs nnue-integration)
Finished game 82 (v0.0.1 vs nnue-integration): 0-1 {Black wins by adjudication}
Score of nnue-integration vs v0.0.1: 37 - 13 - 31  [0.648] 81
Started game 87 of 2000000 (nnue-integration vs v0.0.1)
Finished game 86 (v0.0.1 vs nnue-integration): 1-0 {White wins by adjudication}
Score of nnue-integration vs v0.0.1: 37 - 14 - 31  [0.640] 82
Started game 88 of 2000000 (v0.0.1 vs nnue-integration)
Finished game 84 (v0.0.1 vs nnue-integration): 1/2-1/2 {Draw by 3-fold repetition}
Score of nnue-integration vs v0.0.1: 37 - 14 - 32  [0.639] 83
Started game 89 of 2000000 (nnue-integration vs v0.0.1)
Finished game 80 (v0.0.1 vs nnue-integration): 0-1 {Black wins by adjudication}
Score of nnue-integration vs v0.0.1: 38 - 14 - 32  [0.643] 84
Started game 90 of 2000000 (v0.0.1 vs nnue-integration)
Finished game 87 (nnue-integration vs v0.0.1): 1-0 {White wins by adjudication}
Score of nnue-integration vs v0.0.1: 39 - 14 - 32  [0.647] 85
Started game 91 of 2000000 (nnue-integration vs v0.0.1)
Finished game 81 (nnue-integration vs v0.0.1): 0-1 {Black wins by adjudication}
Score of nnue-integration vs v0.0.1: 39 - 15 - 32  [0.640] 86
Started game 92 of 2000000 (v0.0.1 vs nnue-integration)
Finished game 85 (nnue-integration vs v0.0.1): 1/2-1/2 {Draw by 3-fold repetition}
Score of nnue-integration vs v0.0.1: 39 - 15 - 33  [0.638] 87
Started game 93 of 2000000 (nnue-integration vs v0.0.1)
Finished game 91 (nnue-integration vs v0.0.1): 1-0 {White wins by adjudication}
Score of nnue-integration vs v0.0.1: 40 - 15 - 33  [0.642] 88
Started game 94 of 2000000 (v0.0.1 vs nnue-integration)
Finished game 89 (nnue-integration vs v0.0.1): 1/2-1/2 {Draw by 3-fold repetition}
Score of nnue-integration vs v0.0.1: 40 - 15 - 34  [0.640] 89
Started game 95 of 2000000 (nnue-integration vs v0.0.1)
Finished game 90 (v0.0.1 vs nnue-integration): 1-0 {White wins by adjudication}
Score of nnue-integration vs v0.0.1: 40 - 16 - 34  [0.633] 90
Started game 96 of 2000000 (v0.0.1 vs nnue-integration)
Finished game 88 (v0.0.1 vs nnue-integration): 1/2-1/2 {Draw by 3-fold repetition}
Score of nnue-integration vs v0.0.1: 40 - 16 - 35  [0.632] 91
Started game 97 of 2000000 (nnue-integration vs v0.0.1)
Finished game 92 (v0.0.1 vs nnue-integration): 0-1 {Black wins by adjudication}
Score of nnue-integration vs v0.0.1: 41 - 16 - 35  [0.636] 92
Started game 98 of 2000000 (v0.0.1 vs nnue-integration)
Finished game 95 (nnue-integration vs v0.0.1): 1/2-1/2 {Draw by 3-fold repetition}
Score of nnue-integration vs v0.0.1: 41 - 16 - 36  [0.634] 93
Started game 99 of 2000000 (nnue-integration vs v0.0.1)
Finished game 96 (v0.0.1 vs nnue-integration): 1/2-1/2 {Draw by 3-fold repetition}
Score of nnue-integration vs v0.0.1: 41 - 16 - 37  [0.633] 94
Started game 100 of 2000000 (v0.0.1 vs nnue-integration)
Finished game 94 (v0.0.1 vs nnue-integration): 1/2-1/2 {Draw by 3-fold repetition}
Score of nnue-integration vs v0.0.1: 41 - 16 - 38  [0.632] 95
Started game 101 of 2000000 (nnue-integration vs v0.0.1)
Finished game 93 (nnue-integration vs v0.0.1): 1/2-1/2 {Draw by 3-fold repetition}
Score of nnue-integration vs v0.0.1: 41 - 16 - 39  [0.630] 96
Started game 102 of 2000000 (v0.0.1 vs nnue-integration)
Finished game 97 (nnue-integration vs v0.0.1): 0-1 {Black wins by adjudication}
Score of nnue-integration vs v0.0.1: 41 - 17 - 39  [0.624] 97
Started game 103 of 2000000 (nnue-integration vs v0.0.1)
Finished game 98 (v0.0.1 vs nnue-integration): 0-1 {Black wins by adjudication}
Score of nnue-integration vs v0.0.1: 42 - 17 - 39  [0.628] 98
Started game 104 of 2000000 (v0.0.1 vs nnue-integration)
Finished game 99 (nnue-integration vs v0.0.1): 1-0 {White wins by adjudication}
Score of nnue-integration vs v0.0.1: 43 - 17 - 39  [0.631] 99
Started game 105 of 2000000 (nnue-integration vs v0.0.1)
Finished game 100 (v0.0.1 vs nnue-integration): 1/2-1/2 {Draw by 3-fold repetition}
Score of nnue-integration vs v0.0.1: 43 - 17 - 40  [0.630] 100
Started game 106 of 2000000 (v0.0.1 vs nnue-integration)
Finished game 103 (nnue-integration vs v0.0.1): 1-0 {White wins by adjudication}
Score of nnue-integration vs v0.0.1: 44 - 17 - 40  [0.634] 101
Started game 107 of 2000000 (nnue-integration vs v0.0.1)
Finished game 102 (v0.0.1 vs nnue-integration): 1/2-1/2 {Draw by 3-fold repetition}
Score of nnue-integration vs v0.0.1: 44 - 17 - 41  [0.632] 102
Started game 108 of 2000000 (v0.0.1 vs nnue-integration)
Finished game 101 (nnue-integration vs v0.0.1): 1-0 {White wins by adjudication}
Score of nnue-integration vs v0.0.1: 45 - 17 - 41  [0.636] 103
Started game 109 of 2000000 (nnue-integration vs v0.0.1)
Finished game 104 (v0.0.1 vs nnue-integration): 1/2-1/2 {Draw by 3-fold repetition}
Score of nnue-integration vs v0.0.1: 45 - 17 - 42  [0.635] 104
Started game 110 of 2000000 (v0.0.1 vs nnue-integration)
Finished game 107 (nnue-integration vs v0.0.1): 1-0 {White wins by adjudication}
Score of nnue-integration vs v0.0.1: 46 - 17 - 42  [0.638] 105
Started game 111 of 2000000 (nnue-integration vs v0.0.1)
Finished game 106 (v0.0.1 vs nnue-integration): 0-1 {Black wins by adjudication}
Score of nnue-integration vs v0.0.1: 47 - 17 - 42  [0.642] 106
Started game 112 of 2000000 (v0.0.1 vs nnue-integration)
Finished game 105 (nnue-integration vs v0.0.1): 0-1 {Black wins by adjudication}
Score of nnue-integration vs v0.0.1: 47 - 18 - 42  [0.636] 107
Started game 113 of 2000000 (nnue-integration vs v0.0.1)
Finished game 108 (v0.0.1 vs nnue-integration): 0-1 {Black wins by adjudication}
Score of nnue-integration vs v0.0.1: 48 - 18 - 42  [0.639] 108
Started game 114 of 2000000 (v0.0.1 vs nnue-integration)
Finished game 109 (nnue-integration vs v0.0.1): 1-0 {White wins by adjudication}
Score of nnue-integration vs v0.0.1: 49 - 18 - 42  [0.642] 109
Started game 115 of 2000000 (nnue-integration vs v0.0.1)
Finished game 111 (nnue-integration vs v0.0.1): 0-1 {Black wins by adjudication}
Score of nnue-integration vs v0.0.1: 49 - 19 - 42  [0.636] 110
Started game 116 of 2000000 (v0.0.1 vs nnue-integration)
Finished game 110 (v0.0.1 vs nnue-integration): 0-1 {Black wins by adjudication}
Score of nnue-integration vs v0.0.1: 50 - 19 - 42  [0.640] 111
Started game 117 of 2000000 (nnue-integration vs v0.0.1)
Finished game 112 (v0.0.1 vs nnue-integration): 0-1 {Black wins by adjudication}
Score of nnue-integration vs v0.0.1: 51 - 19 - 42  [0.643] 112
Started game 118 of 2000000 (v0.0.1 vs nnue-integration)
Finished game 114 (v0.0.1 vs nnue-integration): 0-1 {Black wins by adjudication}
Score of nnue-integration vs v0.0.1: 52 - 19 - 42  [0.646] 113
Started game 119 of 2000000 (nnue-integration vs v0.0.1)
Finished game 116 (v0.0.1 vs nnue-integration): 0-1 {Black wins by adjudication}
Score of nnue-integration vs v0.0.1: 53 - 19 - 42  [0.649] 114
Started game 120 of 2000000 (v0.0.1 vs nnue-integration)
Finished game 115 (nnue-integration vs v0.0.1): 0-1 {Black wins by adjudication}
Score of nnue-integration vs v0.0.1: 53 - 20 - 42  [0.643] 115
Started game 121 of 2000000 (nnue-integration vs v0.0.1)
Finished game 113 (nnue-integration vs v0.0.1): 0-1 {Black wins by adjudication}
Score of nnue-integration vs v0.0.1: 53 - 21 - 42  [0.638] 116
Started game 122 of 2000000 (v0.0.1 vs nnue-integration)
Finished game 117 (nnue-integration vs v0.0.1): 1-0 {White wins by adjudication}
Score of nnue-integration vs v0.0.1: 54 - 21 - 42  [0.641] 117
Started game 123 of 2000000 (nnue-integration vs v0.0.1)
Finished game 120 (v0.0.1 vs nnue-integration): 1/2-1/2 {Draw by 3-fold repetition}
Score of nnue-integration vs v0.0.1: 54 - 21 - 43  [0.640] 118
Started game 124 of 2000000 (v0.0.1 vs nnue-integration)
Finished game 121 (nnue-integration vs v0.0.1): 0-1 {Black wins by adjudication}
Score of nnue-integration vs v0.0.1: 54 - 22 - 43  [0.634] 119
Started game 125 of 2000000 (nnue-integration vs v0.0.1)
Finished game 118 (v0.0.1 vs nnue-integration): 1/2-1/2 {Draw by 3-fold repetition}
Score of nnue-integration vs v0.0.1: 54 - 22 - 44  [0.633] 120
Started game 126 of 2000000 (v0.0.1 vs nnue-integration)
Finished game 119 (nnue-integration vs v0.0.1): 1-0 {White wins by adjudication}
Score of nnue-integration vs v0.0.1: 55 - 22 - 44  [0.636] 121
Started game 127 of 2000000 (nnue-integration vs v0.0.1)
Finished game 124 (v0.0.1 vs nnue-integration): 0-1 {Black wins by adjudication}
Score of nnue-integration vs v0.0.1: 56 - 22 - 44  [0.639] 122
Started game 128 of 2000000 (v0.0.1 vs nnue-integration)
Finished game 123 (nnue-integration vs v0.0.1): 1-0 {White wins by adjudication}
Score of nnue-integration vs v0.0.1: 57 - 22 - 44  [0.642] 123
Started game 129 of 2000000 (nnue-integration vs v0.0.1)
Finished game 126 (v0.0.1 vs nnue-integration): 1/2-1/2 {Draw by 3-fold repetition}
Score of nnue-integration vs v0.0.1: 57 - 22 - 45  [0.641] 124
Started game 130 of 2000000 (v0.0.1 vs nnue-integration)
Finished game 122 (v0.0.1 vs nnue-integration): 1/2-1/2 {Draw by 3-fold repetition}
Score of nnue-integration vs v0.0.1: 57 - 22 - 46  [0.640] 125
Started game 131 of 2000000 (nnue-integration vs v0.0.1)
Finished game 129 (nnue-integration vs v0.0.1): 1-0 {White wins by adjudication}
Score of nnue-integration vs v0.0.1: 58 - 22 - 46  [0.643] 126
Started game 132 of 2000000 (v0.0.1 vs nnue-integration)
Finished game 127 (nnue-integration vs v0.0.1): 0-1 {Black wins by adjudication}
Score of nnue-integration vs v0.0.1: 58 - 23 - 46  [0.638] 127
Started game 133 of 2000000 (nnue-integration vs v0.0.1)
Finished game 125 (nnue-integration vs v0.0.1): 1-0 {White wins by adjudication}
Score of nnue-integration vs v0.0.1: 59 - 23 - 46  [0.641] 128
Started game 134 of 2000000 (v0.0.1 vs nnue-integration)
Finished game 128 (v0.0.1 vs nnue-integration): 1/2-1/2 {Draw by 3-fold repetition}
Score of nnue-integration vs v0.0.1: 59 - 23 - 47  [0.640] 129
Started game 135 of 2000000 (nnue-integration vs v0.0.1)
Finished game 130 (v0.0.1 vs nnue-integration): 0-1 {Black wins by adjudication}
Score of nnue-integration vs v0.0.1: 60 - 23 - 47  [0.642] 130
Started game 136 of 2000000 (v0.0.1 vs nnue-integration)
Finished game 131 (nnue-integration vs v0.0.1): 1-0 {White wins by adjudication}
Score of nnue-integration vs v0.0.1: 61 - 23 - 47  [0.645] 131
Started game 137 of 2000000 (nnue-integration vs v0.0.1)
Finished game 132 (v0.0.1 vs nnue-integration): 1/2-1/2 {Draw by 3-fold repetition}
Score of nnue-integration vs v0.0.1: 61 - 23 - 48  [0.644] 132
Started game 138 of 2000000 (v0.0.1 vs nnue-integration)
Finished game 134 (v0.0.1 vs nnue-integration): 0-1 {Black wins by adjudication}
Score of nnue-integration vs v0.0.1: 62 - 23 - 48  [0.647] 133
Started game 139 of 2000000 (nnue-integration vs v0.0.1)
Finished game 135 (nnue-integration vs v0.0.1): 1-0 {White wins by adjudication}
Score of nnue-integration vs v0.0.1: 63 - 23 - 48  [0.649] 134
Started game 140 of 2000000 (v0.0.1 vs nnue-integration)
Finished game 133 (nnue-integration vs v0.0.1): 1-0 {White wins by adjudication}
Score of nnue-integration vs v0.0.1: 64 - 23 - 48  [0.652] 135
Started game 141 of 2000000 (nnue-integration vs v0.0.1)
Finished game 139 (nnue-integration vs v0.0.1): 1/2-1/2 {Draw by 3-fold repetition}
Score of nnue-integration vs v0.0.1: 64 - 23 - 49  [0.651] 136
Started game 142 of 2000000 (v0.0.1 vs nnue-integration)
Finished game 137 (nnue-integration vs v0.0.1): 0-1 {Black wins by adjudication}
Score of nnue-integration vs v0.0.1: 64 - 24 - 49  [0.646] 137
Started game 143 of 2000000 (nnue-integration vs v0.0.1)
Finished game 140 (v0.0.1 vs nnue-integration): 0-1 {Black wins by adjudication}
Score of nnue-integration vs v0.0.1: 65 - 24 - 49  [0.649] 138
Started game 144 of 2000000 (v0.0.1 vs nnue-integration)
Finished game 138 (v0.0.1 vs nnue-integration): 0-1 {Black wins by adjudication}
Score of nnue-integration vs v0.0.1: 66 - 24 - 49  [0.651] 139
Started game 145 of 2000000 (nnue-integration vs v0.0.1)
Finished game 141 (nnue-integration vs v0.0.1): 1-0 {White wins by adjudication}
Score of nnue-integration vs v0.0.1: 67 - 24 - 49  [0.654] 140
Started game 146 of 2000000 (v0.0.1 vs nnue-integration)
Finished game 136 (v0.0.1 vs nnue-integration): 1/2-1/2 {Draw by 3-fold repetition}
Score of nnue-integration vs v0.0.1: 67 - 24 - 50  [0.652] 141
Started game 147 of 2000000 (nnue-integration vs v0.0.1)
Finished game 142 (v0.0.1 vs nnue-integration): 0-1 {Black wins by adjudication}
Score of nnue-integration vs v0.0.1: 68 - 24 - 50  [0.655] 142
Started game 148 of 2000000 (v0.0.1 vs nnue-integration)
Finished game 143 (nnue-integration vs v0.0.1): 1/2-1/2 {Draw by 3-fold repetition}
Score of nnue-integration vs v0.0.1: 68 - 24 - 51  [0.654] 143
Started game 149 of 2000000 (nnue-integration vs v0.0.1)
Finished game 144 (v0.0.1 vs nnue-integration): 1/2-1/2 {Draw by 3-fold repetition}
Score of nnue-integration vs v0.0.1: 68 - 24 - 52  [0.653] 144
Started game 150 of 2000000 (v0.0.1 vs nnue-integration)
Finished game 146 (v0.0.1 vs nnue-integration): 1/2-1/2 {Draw by 3-fold repetition}
Score of nnue-integration vs v0.0.1: 68 - 24 - 53  [0.652] 145
Started game 151 of 2000000 (nnue-integration vs v0.0.1)
Finished game 147 (nnue-integration vs v0.0.1): 1/2-1/2 {Draw by 3-fold repetition}
Score of nnue-integration vs v0.0.1: 68 - 24 - 54  [0.651] 146
Started game 152 of 2000000 (v0.0.1 vs nnue-integration)
Finished game 145 (nnue-integration vs v0.0.1): 0-1 {Black wins by adjudication}
Score of nnue-integration vs v0.0.1: 68 - 25 - 54  [0.646] 147
Started game 153 of 2000000 (nnue-integration vs v0.0.1)
Finished game 148 (v0.0.1 vs nnue-integration): 0-1 {Black wins by adjudication}
Score of nnue-integration vs v0.0.1: 69 - 25 - 54  [0.649] 148
Started game 154 of 2000000 (v0.0.1 vs nnue-integration)
Finished game 153 (nnue-integration vs v0.0.1): 1-0 {White wins by adjudication}
Score of nnue-integration vs v0.0.1: 70 - 25 - 54  [0.651] 149
Started game 155 of 2000000 (nnue-integration vs v0.0.1)
Finished game 151 (nnue-integration vs v0.0.1): 1-0 {White wins by adjudication}
Score of nnue-integration vs v0.0.1: 71 - 25 - 54  [0.653] 150
Started game 156 of 2000000 (v0.0.1 vs nnue-integration)
Finished game 152 (v0.0.1 vs nnue-integration): 0-1 {Black wins by adjudication}
Score of nnue-integration vs v0.0.1: 72 - 25 - 54  [0.656] 151
Started game 157 of 2000000 (nnue-integration vs v0.0.1)
Finished game 149 (nnue-integration vs v0.0.1): 1-0 {White wins by adjudication}
Score of nnue-integration vs v0.0.1: 73 - 25 - 54  [0.658] 152
Started game 158 of 2000000 (v0.0.1 vs nnue-integration)
Finished game 150 (v0.0.1 vs nnue-integration): 1/2-1/2 {Draw by 3-fold repetition}
Score of nnue-integration vs v0.0.1: 73 - 25 - 55  [0.657] 153
Started game 159 of 2000000 (nnue-integration vs v0.0.1)
Finished game 154 (v0.0.1 vs nnue-integration): 1/2-1/2 {Draw by 3-fold repetition}
Score of nnue-integration vs v0.0.1: 73 - 25 - 56  [0.656] 154
Started game 160 of 2000000 (v0.0.1 vs nnue-integration)
Finished game 159 (nnue-integration vs v0.0.1): 1-0 {White wins by adjudication}
Score of nnue-integration vs v0.0.1: 74 - 25 - 56  [0.658] 155
Started game 161 of 2000000 (nnue-integration vs v0.0.1)
Finished game 155 (nnue-integration vs v0.0.1): 1-0 {White wins by adjudication}
Score of nnue-integration vs v0.0.1: 75 - 25 - 56  [0.660] 156
Started game 162 of 2000000 (v0.0.1 vs nnue-integration)
Finished game 157 (nnue-integration vs v0.0.1): 1/2-1/2 {Draw by 3-fold repetition}
Score of nnue-integration vs v0.0.1: 75 - 25 - 57  [0.659] 157
Started game 163 of 2000000 (nnue-integration vs v0.0.1)
Finished game 156 (v0.0.1 vs nnue-integration): 1/2-1/2 {Draw by 3-fold repetition}
Score of nnue-integration vs v0.0.1: 75 - 25 - 58  [0.658] 158
Started game 164 of 2000000 (v0.0.1 vs nnue-integration)
Finished game 158 (v0.0.1 vs nnue-integration): 0-1 {Black wins by adjudication}
Score of nnue-integration vs v0.0.1: 76 - 25 - 58  [0.660] 159
Started game 165 of 2000000 (nnue-integration vs v0.0.1)
Finished game 162 (v0.0.1 vs nnue-integration): 1-0 {Black loses on time}
Score of nnue-integration vs v0.0.1: 76 - 26 - 58  [0.656] 160
Finished game 165 (nnue-integration vs v0.0.1): 1-0 {Black loses on time}
Score of nnue-integration vs v0.0.1: 77 - 26 - 58  [0.658] 161
Started game 166 of 2000000 (v0.0.1 vs nnue-integration)
Finished game 163 (nnue-integration vs v0.0.1): 0-1 {White loses on time}
Score of nnue-integration vs v0.0.1: 77 - 27 - 58  [0.654] 162
Finished game 161 (nnue-integration vs v0.0.1): 0-1 {White loses on time}
Score of nnue-integration vs v0.0.1: 77 - 28 - 58  [0.650] 163
Started game 167 of 2000000 (nnue-integration vs v0.0.1)
Finished game 160 (v0.0.1 vs nnue-integration): 1-0 {Black loses on time}
Score of nnue-integration vs v0.0.1: 77 - 29 - 58  [0.646] 164
Finished game 164 (v0.0.1 vs nnue-integration): 0-1 {White loses on time}
Score of nnue-integration vs v0.0.1: 78 - 29 - 58  [0.648] 165
Started game 168 of 2000000 (v0.0.1 vs nnue-integration)
Started game 169 of 2000000 (nnue-integration vs v0.0.1)
Started game 170 of 2000000 (v0.0.1 vs nnue-integration)
Started game 171 of 2000000 (nnue-integration vs v0.0.1)
Finished game 166 (v0.0.1 vs nnue-integration): 1-0 {Black loses on time}
Score of nnue-integration vs v0.0.1: 78 - 30 - 58  [0.645] 166
Finished game 168 (v0.0.1 vs nnue-integration): 0-1 {White loses on time}
Score of nnue-integration vs v0.0.1: 79 - 30 - 58  [0.647] 167
Finished game 171 (nnue-integration vs v0.0.1): 1-0 {Black loses on time}
Score of nnue-integration vs v0.0.1: 80 - 30 - 58  [0.649] 168
Finished game 169 (nnue-integration vs v0.0.1): 1-0 {Black loses on time}
Score of nnue-integration vs v0.0.1: 81 - 30 - 58  [0.651] 169
Finished game 167 (nnue-integration vs v0.0.1): 0-1 {White loses on time}
Score of nnue-integration vs v0.0.1: 81 - 31 - 58  [0.647] 170
Finished game 170 (v0.0.1 vs nnue-integration): 1-0 {Black loses on time}
Score of nnue-integration vs v0.0.1: 81 - 32 - 58  [0.643] 171
Started game 172 of 2000000 (v0.0.1 vs nnue-integration)
Started game 173 of 2000000 (nnue-integration vs v0.0.1)
Started game 175 of 2000000 (nnue-integration vs v0.0.1)
Started game 174 of 2000000 (v0.0.1 vs nnue-integration)
Started game 176 of 2000000 (v0.0.1 vs nnue-integration)
Started game 177 of 2000000 (nnue-integration vs v0.0.1)
Finished game 175 (nnue-integration vs v0.0.1): 1-0 {White wins by adjudication}
Score of nnue-integration vs v0.0.1: 82 - 32 - 58  [0.645] 172
Started game 178 of 2000000 (v0.0.1 vs nnue-integration)
Finished game 173 (nnue-integration vs v0.0.1): 1-0 {White wins by adjudication}
Score of nnue-integration vs v0.0.1: 83 - 32 - 58  [0.647] 173
Started game 179 of 2000000 (nnue-integration vs v0.0.1)
Finished game 177 (nnue-integration vs v0.0.1): 0-1 {Black wins by adjudication}
Score of nnue-integration vs v0.0.1: 83 - 33 - 58  [0.644] 174
Started game 180 of 2000000 (v0.0.1 vs nnue-integration)
Finished game 174 (v0.0.1 vs nnue-integration): 0-1 {Black wins by adjudication}
Score of nnue-integration vs v0.0.1: 84 - 33 - 58  [0.646] 175
Started game 181 of 2000000 (nnue-integration vs v0.0.1)
Finished game 172 (v0.0.1 vs nnue-integration): 1/2-1/2 {Draw by 3-fold repetition}
Score of nnue-integration vs v0.0.1: 84 - 33 - 59  [0.645] 176
Started game 182 of 2000000 (v0.0.1 vs nnue-integration)
Finished game 176 (v0.0.1 vs nnue-integration): 1-0 {White wins by adjudication}
Score of nnue-integration vs v0.0.1: 84 - 34 - 59  [0.641] 177
Started game 183 of 2000000 (nnue-integration vs v0.0.1)
Finished game 178 (v0.0.1 vs nnue-integration): 1-0 {White wins by adjudication}
Score of nnue-integration vs v0.0.1: 84 - 35 - 59  [0.638] 178
Started game 184 of 2000000 (v0.0.1 vs nnue-integration)
Finished game 179 (nnue-integration vs v0.0.1): 1-0 {White wins by adjudication}
Score of nnue-integration vs v0.0.1: 85 - 35 - 59  [0.640] 179
Started game 185 of 2000000 (nnue-integration vs v0.0.1)
Finished game 180 (v0.0.1 vs nnue-integration): 0-1 {Black wins by adjudication}
Score of nnue-integration vs v0.0.1: 86 - 35 - 59  [0.642] 180
Started game 186 of 2000000 (v0.0.1 vs nnue-integration)
Finished game 181 (nnue-integration vs v0.0.1): 0-1 {Black wins by adjudication}
Score of nnue-integration vs v0.0.1: 86 - 36 - 59  [0.638] 181
Started game 187 of 2000000 (nnue-integration vs v0.0.1)
Finished game 182 (v0.0.1 vs nnue-integration): 0-1 {Black wins by adjudication}
Score of nnue-integration vs v0.0.1: 87 - 36 - 59  [0.640] 182
Started game 188 of 2000000 (v0.0.1 vs nnue-integration)
Finished game 185 (nnue-integration vs v0.0.1): 1-0 {White mates}
Score of nnue-integration vs v0.0.1: 88 - 36 - 59  [0.642] 183
Started game 189 of 2000000 (nnue-integration vs v0.0.1)
Finished game 184 (v0.0.1 vs nnue-integration): 1-0 {White wins by adjudication}
Score of nnue-integration vs v0.0.1: 88 - 37 - 59  [0.639] 184
Started game 190 of 2000000 (v0.0.1 vs nnue-integration)
Finished game 183 (nnue-integration vs v0.0.1): 0-1 {Black wins by adjudication}
Score of nnue-integration vs v0.0.1: 88 - 38 - 59  [0.635] 185
Started game 191 of 2000000 (nnue-integration vs v0.0.1)
Finished game 186 (v0.0.1 vs nnue-integration): 1-0 {White wins by adjudication}
Score of nnue-integration vs v0.0.1: 88 - 39 - 59  [0.632] 186
Started game 192 of 2000000 (v0.0.1 vs nnue-integration)
Finished game 191 (nnue-integration vs v0.0.1): 1/2-1/2 {Draw by 3-fold repetition}
Score of nnue-integration vs v0.0.1: 88 - 39 - 60  [0.631] 187
Started game 193 of 2000000 (nnue-integration vs v0.0.1)
Finished game 187 (nnue-integration vs v0.0.1): 1-0 {White wins by adjudication}
Score of nnue-integration vs v0.0.1: 89 - 39 - 60  [0.633] 188
Started game 194 of 2000000 (v0.0.1 vs nnue-integration)
Finished game 188 (v0.0.1 vs nnue-integration): 1-0 {White wins by adjudication}
Score of nnue-integration vs v0.0.1: 89 - 40 - 60  [0.630] 189
Started game 195 of 2000000 (nnue-integration vs v0.0.1)
Finished game 189 (nnue-integration vs v0.0.1): 0-1 {Black wins by adjudication}
Score of nnue-integration vs v0.0.1: 89 - 41 - 60  [0.626] 190
Started game 196 of 2000000 (v0.0.1 vs nnue-integration)
Finished game 190 (v0.0.1 vs nnue-integration): 1/2-1/2 {Draw by 3-fold repetition}
Score of nnue-integration vs v0.0.1: 89 - 41 - 61  [0.626] 191
Started game 197 of 2000000 (nnue-integration vs v0.0.1)
Finished game 194 (v0.0.1 vs nnue-integration): 1/2-1/2 {Draw by 3-fold repetition}
Score of nnue-integration vs v0.0.1: 89 - 41 - 62  [0.625] 192
Started game 198 of 2000000 (v0.0.1 vs nnue-integration)
Finished game 192 (v0.0.1 vs nnue-integration): 0-1 {Black wins by adjudication}
Score of nnue-integration vs v0.0.1: 90 - 41 - 62  [0.627] 193
Started game 199 of 2000000 (nnue-integration vs v0.0.1)
Finished game 195 (nnue-integration vs v0.0.1): 1-0 {White wins by adjudication}
Score of nnue-integration vs v0.0.1: 91 - 41 - 62  [0.629] 194
Started game 200 of 2000000 (v0.0.1 vs nnue-integration)
Finished game 199 (nnue-integration vs v0.0.1): 0-1 {Black wins by adjudication}
Score of nnue-integration vs v0.0.1: 91 - 42 - 62  [0.626] 195
Started game 201 of 2000000 (nnue-integration vs v0.0.1)
Finished game 196 (v0.0.1 vs nnue-integration): 1/2-1/2 {Draw by 3-fold repetition}
Score of nnue-integration vs v0.0.1: 91 - 42 - 63  [0.625] 196
Started game 202 of 2000000 (v0.0.1 vs nnue-integration)
Finished game 193 (nnue-integration vs v0.0.1): 1/2-1/2 {Draw by 3-fold repetition}
Score of nnue-integration vs v0.0.1: 91 - 42 - 64  [0.624] 197
Started game 203 of 2000000 (nnue-integration vs v0.0.1)
Finished game 197 (nnue-integration vs v0.0.1): 0-1 {Black wins by adjudication}
Score of nnue-integration vs v0.0.1: 91 - 43 - 64  [0.621] 198
Started game 204 of 2000000 (v0.0.1 vs nnue-integration)
Finished game 200 (v0.0.1 vs nnue-integration): 0-1 {Black wins by adjudication}
Score of nnue-integration vs v0.0.1: 92 - 43 - 64  [0.623] 199
Started game 205 of 2000000 (nnue-integration vs v0.0.1)
Finished game 198 (v0.0.1 vs nnue-integration): 0-1 {Black wins by adjudication}
Score of nnue-integration vs v0.0.1: 93 - 43 - 64  [0.625] 200
Started game 206 of 2000000 (v0.0.1 vs nnue-integration)
Finished game 201 (nnue-integration vs v0.0.1): 1-0 {White wins by adjudication}
Score of nnue-integration vs v0.0.1: 94 - 43 - 64  [0.627] 201
Started game 207 of 2000000 (nnue-integration vs v0.0.1)
Finished game 205 (nnue-integration vs v0.0.1): 1/2-1/2 {Draw by 3-fold repetition}
Score of nnue-integration vs v0.0.1: 94 - 43 - 65  [0.626] 202
Started game 208 of 2000000 (v0.0.1 vs nnue-integration)
Finished game 202 (v0.0.1 vs nnue-integration): 0-1 {Black wins by adjudication}
Score of nnue-integration vs v0.0.1: 95 - 43 - 65  [0.628] 203
Started game 209 of 2000000 (nnue-integration vs v0.0.1)
Finished game 206 (v0.0.1 vs nnue-integration): 0-1 {Black wins by adjudication}
Score of nnue-integration vs v0.0.1: 96 - 43 - 65  [0.630] 204
Started game 210 of 2000000 (v0.0.1 vs nnue-integration)
Finished game 204 (v0.0.1 vs nnue-integration): 1/2-1/2 {Draw by 3-fold repetition}
Score of nnue-integration vs v0.0.1: 96 - 43 - 66  [0.629] 205
Started game 211 of 2000000 (nnue-integration vs v0.0.1)
Finished game 203 (nnue-integration vs v0.0.1): 1-0 {White wins by adjudication}
Score of nnue-integration vs v0.0.1: 97 - 43 - 66  [0.631] 206
Started game 212 of 2000000 (v0.0.1 vs nnue-integration)
Finished game 207 (nnue-integration vs v0.0.1): 1-0 {White wins by adjudication}
Score of nnue-integration vs v0.0.1: 98 - 43 - 66  [0.633] 207
Started game 213 of 2000000 (nnue-integration vs v0.0.1)
Finished game 208 (v0.0.1 vs nnue-integration): 0-1 {Black wins by adjudication}
Score of nnue-integration vs v0.0.1: 99 - 43 - 66  [0.635] 208
Started game 214 of 2000000 (v0.0.1 vs nnue-integration)
Finished game 209 (nnue-integration vs v0.0.1): 1-0 {White wins by adjudication}
Score of nnue-integration vs v0.0.1: 100 - 43 - 66  [0.636] 209
Started game 215 of 2000000 (nnue-integration vs v0.0.1)
Finished game 210 (v0.0.1 vs nnue-integration): 1/2-1/2 {Draw by 3-fold repetition}
Score of nnue-integration vs v0.0.1: 100 - 43 - 67  [0.636] 210
Started game 216 of 2000000 (v0.0.1 vs nnue-integration)
Finished game 212 (v0.0.1 vs nnue-integration): 0-1 {Black mates}
Score of nnue-integration vs v0.0.1: 101 - 43 - 67  [0.637] 211
Started game 217 of 2000000 (nnue-integration vs v0.0.1)
Finished game 214 (v0.0.1 vs nnue-integration): 0-1 {Black wins by adjudication}
Score of nnue-integration vs v0.0.1: 102 - 43 - 67  [0.639] 212
Started game 218 of 2000000 (v0.0.1 vs nnue-integration)
Finished game 213 (nnue-integration vs v0.0.1): 1-0 {White wins by adjudication}
Score of nnue-integration vs v0.0.1: 103 - 43 - 67  [0.641] 213
Started game 219 of 2000000 (nnue-integration vs v0.0.1)
Finished game 216 (v0.0.1 vs nnue-integration): 1-0 {White wins by adjudication}
Score of nnue-integration vs v0.0.1: 103 - 44 - 67  [0.638] 214
Started game 220 of 2000000 (v0.0.1 vs nnue-integration)
Finished game 215 (nnue-integration vs v0.0.1): 0-1 {Black wins by adjudication}
Score of nnue-integration vs v0.0.1: 103 - 45 - 67  [0.635] 215
Started game 221 of 2000000 (nnue-integration vs v0.0.1)
Finished game 211 (nnue-integration vs v0.0.1): 1/2-1/2 {Draw by 3-fold repetition}
Score of nnue-integration vs v0.0.1: 103 - 45 - 68  [0.634] 216
Started game 222 of 2000000 (v0.0.1 vs nnue-integration)
Finished game 219 (nnue-integration vs v0.0.1): 1-0 {White wins by adjudication}
Score of nnue-integration vs v0.0.1: 104 - 45 - 68  [0.636] 217
Started game 223 of 2000000 (nnue-integration vs v0.0.1)
Finished game 217 (nnue-integration vs v0.0.1): 1/2-1/2 {Draw by 3-fold repetition}
Score of nnue-integration vs v0.0.1: 104 - 45 - 69  [0.635] 218
Started game 224 of 2000000 (v0.0.1 vs nnue-integration)
Finished game 221 (nnue-integration vs v0.0.1): 1-0 {White wins by adjudication}
Score of nnue-integration vs v0.0.1: 105 - 45 - 69  [0.637] 219
Started game 225 of 2000000 (nnue-integration vs v0.0.1)
Finished game 218 (v0.0.1 vs nnue-integration): 1/2-1/2 {Draw by 3-fold repetition}
Score of nnue-integration vs v0.0.1: 105 - 45 - 70  [0.636] 220
Started game 226 of 2000000 (v0.0.1 vs nnue-integration)
Finished game 222 (v0.0.1 vs nnue-integration): 0-1 {Black wins by adjudication}
Score of nnue-integration vs v0.0.1: 106 - 45 - 70  [0.638] 221
Started game 227 of 2000000 (nnue-integration vs v0.0.1)
Finished game 223 (nnue-integration vs v0.0.1): 1-0 {White wins by adjudication}
Score of nnue-integration vs v0.0.1: 107 - 45 - 70  [0.640] 222
Started game 228 of 2000000 (v0.0.1 vs nnue-integration)
Finished game 220 (v0.0.1 vs nnue-integration): 0-1 {Black wins by adjudication}
Score of nnue-integration vs v0.0.1: 108 - 45 - 70  [0.641] 223
Started game 229 of 2000000 (nnue-integration vs v0.0.1)
Finished game 227 (nnue-integration vs v0.0.1): 1-0 {White wins by adjudication}
Score of nnue-integration vs v0.0.1: 109 - 45 - 70  [0.643] 224
Started game 230 of 2000000 (v0.0.1 vs nnue-integration)
Finished game 224 (v0.0.1 vs nnue-integration): 1/2-1/2 {Draw by 3-fold repetition}
Score of nnue-integration vs v0.0.1: 109 - 45 - 71  [0.642] 225
Started game 231 of 2000000 (nnue-integration vs v0.0.1)
Finished game 228 (v0.0.1 vs nnue-integration): 1/2-1/2 {Draw by 3-fold repetition}
Score of nnue-integration vs v0.0.1: 109 - 45 - 72  [0.642] 226
Started game 232 of 2000000 (v0.0.1 vs nnue-integration)
Finished game 225 (nnue-integration vs v0.0.1): 1/2-1/2 {Draw by 3-fold repetition}
Score of nnue-integration vs v0.0.1: 109 - 45 - 73  [0.641] 227
Started game 233 of 2000000 (nnue-integration vs v0.0.1)
Finished game 229 (nnue-integration vs v0.0.1): 1-0 {White wins by adjudication}
Score of nnue-integration vs v0.0.1: 110 - 45 - 73  [0.643] 228
Started game 234 of 2000000 (v0.0.1 vs nnue-integration)
Finished game 226 (v0.0.1 vs nnue-integration): 0-1 {Black wins by adjudication}
Score of nnue-integration vs v0.0.1: 111 - 45 - 73  [0.644] 229
Started game 235 of 2000000 (nnue-integration vs v0.0.1)
Finished game 230 (v0.0.1 vs nnue-integration): 0-1 {Black wins by adjudication}
Score of nnue-integration vs v0.0.1: 112 - 45 - 73  [0.646] 230
Started game 236 of 2000000 (v0.0.1 vs nnue-integration)
Finished game 232 (v0.0.1 vs nnue-integration): 0-1 {Black wins by adjudication}
Score of nnue-integration vs v0.0.1: 113 - 45 - 73  [0.647] 231
Started game 237 of 2000000 (nnue-integration vs v0.0.1)
Finished game 231 (nnue-integration vs v0.0.1): 1-0 {White wins by adjudication}
Score of nnue-integration vs v0.0.1: 114 - 45 - 73  [0.649] 232
Started game 238 of 2000000 (v0.0.1 vs nnue-integration)
Finished game 234 (v0.0.1 vs nnue-integration): 1/2-1/2 {Draw by 3-fold repetition}
Score of nnue-integration vs v0.0.1: 114 - 45 - 74  [0.648] 233
Started game 239 of 2000000 (nnue-integration vs v0.0.1)
Finished game 233 (nnue-integration vs v0.0.1): 1-0 {White wins by adjudication}
Score of nnue-integration vs v0.0.1: 115 - 45 - 74  [0.650] 234
Started game 240 of 2000000 (v0.0.1 vs nnue-integration)
Finished game 235 (nnue-integration vs v0.0.1): 1/2-1/2 {Draw by 3-fold repetition}
Score of nnue-integration vs v0.0.1: 115 - 45 - 75  [0.649] 235
Started game 241 of 2000000 (nnue-integration vs v0.0.1)
Finished game 237 (nnue-integration vs v0.0.1): 1-0 {White wins by adjudication}
Score of nnue-integration vs v0.0.1: 116 - 45 - 75  [0.650] 236
Started game 242 of 2000000 (v0.0.1 vs nnue-integration)
Finished game 239 (nnue-integration vs v0.0.1): 1/2-1/2 {Draw by 3-fold repetition}
Score of nnue-integration vs v0.0.1: 116 - 45 - 76  [0.650] 237
Started game 243 of 2000000 (nnue-integration vs v0.0.1)
Finished game 236 (v0.0.1 vs nnue-integration): 1-0 {White wins by adjudication}
Score of nnue-integration vs v0.0.1: 116 - 46 - 76  [0.647] 238
Started game 244 of 2000000 (v0.0.1 vs nnue-integration)
Finished game 238 (v0.0.1 vs nnue-integration): 1-0 {White wins by adjudication}
Score of nnue-integration vs v0.0.1: 116 - 47 - 76  [0.644] 239
Started game 245 of 2000000 (nnue-integration vs v0.0.1)
Finished game 241 (nnue-integration vs v0.0.1): 1-0 {White wins by adjudication}
Score of nnue-integration vs v0.0.1: 117 - 47 - 76  [0.646] 240
Started game 246 of 2000000 (v0.0.1 vs nnue-integration)
Finished game 240 (v0.0.1 vs nnue-integration): 0-1 {Black wins by adjudication}
Score of nnue-integration vs v0.0.1: 118 - 47 - 76  [0.647] 241
Started game 247 of 2000000 (nnue-integration vs v0.0.1)
Finished game 242 (v0.0.1 vs nnue-integration): 1-0 {White wins by adjudication}
Score of nnue-integration vs v0.0.1: 118 - 48 - 76  [0.645] 242
Started game 248 of 2000000 (v0.0.1 vs nnue-integration)
Finished game 245 (nnue-integration vs v0.0.1): 1-0 {White wins by adjudication}
Score of nnue-integration vs v0.0.1: 119 - 48 - 76  [0.646] 243
Started game 249 of 2000000 (nnue-integration vs v0.0.1)
Finished game 243 (nnue-integration vs v0.0.1): 1/2-1/2 {Draw by 3-fold repetition}
Score of nnue-integration vs v0.0.1: 119 - 48 - 77  [0.645] 244
Started game 250 of 2000000 (v0.0.1 vs nnue-integration)
Finished game 246 (v0.0.1 vs nnue-integration): 1/2-1/2 {Draw by 3-fold repetition}
Score of nnue-integration vs v0.0.1: 119 - 48 - 78  [0.645] 245
Started game 251 of 2000000 (nnue-integration vs v0.0.1)
Finished game 247 (nnue-integration vs v0.0.1): 1-0 {White wins by adjudication}
Score of nnue-integration vs v0.0.1: 120 - 48 - 78  [0.646] 246
Started game 252 of 2000000 (v0.0.1 vs nnue-integration)
Finished game 244 (v0.0.1 vs nnue-integration): 0-1 {Black wins by adjudication}
Score of nnue-integration vs v0.0.1: 121 - 48 - 78  [0.648] 247
Started game 253 of 2000000 (nnue-integration vs v0.0.1)
Finished game 252 (v0.0.1 vs nnue-integration): 1/2-1/2 {Draw by 3-fold repetition}
Score of nnue-integration vs v0.0.1: 121 - 48 - 79  [0.647] 248
Started game 254 of 2000000 (v0.0.1 vs nnue-integration)
Finished game 253 (nnue-integration vs v0.0.1): 1/2-1/2 {Draw by 3-fold repetition}
Score of nnue-integration vs v0.0.1: 121 - 48 - 80  [0.647] 249
Started game 255 of 2000000 (nnue-integration vs v0.0.1)
Finished game 248 (v0.0.1 vs nnue-integration): 1/2-1/2 {Draw by 3-fold repetition}
Score of nnue-integration vs v0.0.1: 121 - 48 - 81  [0.646] 250
Started game 256 of 2000000 (v0.0.1 vs nnue-integration)
Finished game 250 (v0.0.1 vs nnue-integration): 1-0 {White wins by adjudication}
Score of nnue-integration vs v0.0.1: 121 - 49 - 81  [0.643] 251
Started game 257 of 2000000 (nnue-integration vs v0.0.1)
Finished game 249 (nnue-integration vs v0.0.1): 1-0 {White wins by adjudication}
Score of nnue-integration vs v0.0.1: 122 - 49 - 81  [0.645] 252
Started game 258 of 2000000 (v0.0.1 vs nnue-integration)
Finished game 251 (nnue-integration vs v0.0.1): 1-0 {White wins by adjudication}
Score of nnue-integration vs v0.0.1: 123 - 49 - 81  [0.646] 253
Started game 259 of 2000000 (nnue-integration vs v0.0.1)
Finished game 255 (nnue-integration vs v0.0.1): 1-0 {White wins by adjudication}
Score of nnue-integration vs v0.0.1: 124 - 49 - 81  [0.648] 254
Started game 260 of 2000000 (v0.0.1 vs nnue-integration)
Finished game 257 (nnue-integration vs v0.0.1): 1-0 {White wins by adjudication}
Score of nnue-integration vs v0.0.1: 125 - 49 - 81  [0.649] 255
Started game 261 of 2000000 (nnue-integration vs v0.0.1)
Finished game 256 (v0.0.1 vs nnue-integration): 1/2-1/2 {Draw by 3-fold repetition}
Score of nnue-integration vs v0.0.1: 125 - 49 - 82  [0.648] 256
Started game 262 of 2000000 (v0.0.1 vs nnue-integration)
Finished game 254 (v0.0.1 vs nnue-integration): 1/2-1/2 {Draw by 3-fold repetition}
Score of nnue-integration vs v0.0.1: 125 - 49 - 83  [0.648] 257
Started game 263 of 2000000 (nnue-integration vs v0.0.1)
Finished game 261 (nnue-integration vs v0.0.1): 0-1 {Black wins by adjudication}
Score of nnue-integration vs v0.0.1: 125 - 50 - 83  [0.645] 258
Started game 264 of 2000000 (v0.0.1 vs nnue-integration)
Finished game 258 (v0.0.1 vs nnue-integration): 1-0 {White wins by adjudication}
Score of nnue-integration vs v0.0.1: 125 - 51 - 83  [0.643] 259
Started game 265 of 2000000 (nnue-integration vs v0.0.1)
Finished game 259 (nnue-integration vs v0.0.1): 1-0 {White wins by adjudication}
Score of nnue-integration vs v0.0.1: 126 - 51 - 83  [0.644] 260
Started game 266 of 2000000 (v0.0.1 vs nnue-integration)
Finished game 262 (v0.0.1 vs nnue-integration): 1/2-1/2 {Draw by 3-fold repetition}
Score of nnue-integration vs v0.0.1: 126 - 51 - 84  [0.644] 261
Started game 267 of 2000000 (nnue-integration vs v0.0.1)
Finished game 265 (nnue-integration vs v0.0.1): 1/2-1/2 {Draw by 3-fold repetition}
Score of nnue-integration vs v0.0.1: 126 - 51 - 85  [0.643] 262
Started game 268 of 2000000 (v0.0.1 vs nnue-integration)
Finished game 260 (v0.0.1 vs nnue-integration): 1-0 {White wins by adjudication}
Score of nnue-integration vs v0.0.1: 126 - 52 - 85  [0.641] 263
Started game 269 of 2000000 (nnue-integration vs v0.0.1)
Finished game 263 (nnue-integration vs v0.0.1): 1-0 {White wins by adjudication}
Score of nnue-integration vs v0.0.1: 127 - 52 - 85  [0.642] 264
Started game 270 of 2000000 (v0.0.1 vs nnue-integration)
Finished game 264 (v0.0.1 vs nnue-integration): 0-1 {Black wins by adjudication}
Score of nnue-integration vs v0.0.1: 128 - 52 - 85  [0.643] 265
Started game 271 of 2000000 (nnue-integration vs v0.0.1)
Finished game 266 (v0.0.1 vs nnue-integration): 0-1 {Black wins by adjudication}
Score of nnue-integration vs v0.0.1: 129 - 52 - 85  [0.645] 266
Started game 272 of 2000000 (v0.0.1 vs nnue-integration)
Finished game 267 (nnue-integration vs v0.0.1): 1-0 {White wins by adjudication}
Score of nnue-integration vs v0.0.1: 130 - 52 - 85  [0.646] 267
Started game 273 of 2000000 (nnue-integration vs v0.0.1)
Finished game 271 (nnue-integration vs v0.0.1): 1-0 {White wins by adjudication}
Score of nnue-integration vs v0.0.1: 131 - 52 - 85  [0.647] 268
Started game 274 of 2000000 (v0.0.1 vs nnue-integration)
Finished game 268 (v0.0.1 vs nnue-integration): 0-1 {Black wins by adjudication}
Score of nnue-integration vs v0.0.1: 132 - 52 - 85  [0.649] 269
Started game 275 of 2000000 (nnue-integration vs v0.0.1)
Finished game 273 (nnue-integration vs v0.0.1): 1-0 {White wins by adjudication}
Score of nnue-integration vs v0.0.1: 133 - 52 - 85  [0.650] 270
Started game 276 of 2000000 (v0.0.1 vs nnue-integration)
Finished game 269 (nnue-integration vs v0.0.1): 0-1 {Black wins by adjudication}
Score of nnue-integration vs v0.0.1: 133 - 53 - 85  [0.648] 271
Started game 277 of 2000000 (nnue-integration vs v0.0.1)
Finished game 270 (v0.0.1 vs nnue-integration): 1/2-1/2 {Draw by 3-fold repetition}
Score of nnue-integration vs v0.0.1: 133 - 53 - 86  [0.647] 272
Started game 278 of 2000000 (v0.0.1 vs nnue-integration)
Finished game 272 (v0.0.1 vs nnue-integration): 1/2-1/2 {Draw by 3-fold repetition}
Score of nnue-integration vs v0.0.1: 133 - 53 - 87  [0.647] 273
Started game 279 of 2000000 (nnue-integration vs v0.0.1)
Finished game 274 (v0.0.1 vs nnue-integration): 0-1 {Black mates}
Score of nnue-integration vs v0.0.1: 134 - 53 - 87  [0.648] 274
Started game 280 of 2000000 (v0.0.1 vs nnue-integration)
Finished game 275 (nnue-integration vs v0.0.1): 1-0 {White wins by adjudication}
Score of nnue-integration vs v0.0.1: 135 - 53 - 87  [0.649] 275
Started game 281 of 2000000 (nnue-integration vs v0.0.1)
Finished game 278 (v0.0.1 vs nnue-integration): 1/2-1/2 {Draw by 3-fold repetition}
Score of nnue-integration vs v0.0.1: 135 - 53 - 88  [0.649] 276
Started game 282 of 2000000 (v0.0.1 vs nnue-integration)
Finished game 277 (nnue-integration vs v0.0.1): 1-0 {White wins by adjudication}
Score of nnue-integration vs v0.0.1: 136 - 53 - 88  [0.650] 277
Started game 283 of 2000000 (nnue-integration vs v0.0.1)
Finished game 276 (v0.0.1 vs nnue-integration): 1-0 {White wins by adjudication}
Score of nnue-integration vs v0.0.1: 136 - 54 - 88  [0.647] 278
Started game 284 of 2000000 (v0.0.1 vs nnue-integration)
Finished game 280 (v0.0.1 vs nnue-integration): 0-1 {Black wins by adjudication}
Score of nnue-integration vs v0.0.1: 137 - 54 - 88  [0.649] 279
Started game 285 of 2000000 (nnue-integration vs v0.0.1)
Finished game 281 (nnue-integration vs v0.0.1): 1-0 {White mates}
Score of nnue-integration vs v0.0.1: 138 - 54 - 88  [0.650] 280
Started game 286 of 2000000 (v0.0.1 vs nnue-integration)
Finished game 279 (nnue-integration vs v0.0.1): 0-1 {Black wins by adjudication}
Score of nnue-integration vs v0.0.1: 138 - 55 - 88  [0.648] 281
Started game 287 of 2000000 (nnue-integration vs v0.0.1)
Finished game 284 (v0.0.1 vs nnue-integration): 1/2-1/2 {Draw by 3-fold repetition}
Score of nnue-integration vs v0.0.1: 138 - 55 - 89  [0.647] 282
Started game 288 of 2000000 (v0.0.1 vs nnue-integration)
Finished game 283 (nnue-integration vs v0.0.1): 1-0 {White mates}
Score of nnue-integration vs v0.0.1: 139 - 55 - 89  [0.648] 283
Started game 289 of 2000000 (nnue-integration vs v0.0.1)
Finished game 282 (v0.0.1 vs nnue-integration): 0-1 {Black wins by adjudication}
Score of nnue-integration vs v0.0.1: 140 - 55 - 89  [0.650] 284
Started game 290 of 2000000 (v0.0.1 vs nnue-integration)
Finished game 290 (v0.0.1 vs nnue-integration): 1/2-1/2 {Draw by 3-fold repetition}
Score of nnue-integration vs v0.0.1: 140 - 55 - 90  [0.649] 285
Started game 291 of 2000000 (nnue-integration vs v0.0.1)
Finished game 286 (v0.0.1 vs nnue-integration): 1/2-1/2 {Draw by 3-fold repetition}
Score of nnue-integration vs v0.0.1: 140 - 55 - 91  [0.649] 286
Started game 292 of 2000000 (v0.0.1 vs nnue-integration)
Finished game 287 (nnue-integration vs v0.0.1): 0-1 {Black wins by adjudication}
Score of nnue-integration vs v0.0.1: 140 - 56 - 91  [0.646] 287
Started game 293 of 2000000 (nnue-integration vs v0.0.1)
Finished game 289 (nnue-integration vs v0.0.1): 1-0 {White wins by adjudication}
Score of nnue-integration vs v0.0.1: 141 - 56 - 91  [0.648] 288
Started game 294 of 2000000 (v0.0.1 vs nnue-integration)
Finished game 285 (nnue-integration vs v0.0.1): 0-1 {Black wins by adjudication}
Score of nnue-integration vs v0.0.1: 141 - 57 - 91  [0.645] 289
Started game 295 of 2000000 (nnue-integration vs v0.0.1)
Finished game 288 (v0.0.1 vs nnue-integration): 1/2-1/2 {Draw by 3-fold repetition}
Score of nnue-integration vs v0.0.1: 141 - 57 - 92  [0.645] 290
Started game 296 of 2000000 (v0.0.1 vs nnue-integration)
Finished game 291 (nnue-integration vs v0.0.1): 1-0 {White wins by adjudication}
Score of nnue-integration vs v0.0.1: 142 - 57 - 92  [0.646] 291
Started game 297 of 2000000 (nnue-integration vs v0.0.1)
Finished game 295 (nnue-integration vs v0.0.1): 1-0 {White wins by adjudication}
Score of nnue-integration vs v0.0.1: 143 - 57 - 92  [0.647] 292
Started game 298 of 2000000 (v0.0.1 vs nnue-integration)
Finished game 293 (nnue-integration vs v0.0.1): 1/2-1/2 {Draw by 3-fold repetition}
Score of nnue-integration vs v0.0.1: 143 - 57 - 93  [0.647] 293
Started game 299 of 2000000 (nnue-integration vs v0.0.1)
Finished game 292 (v0.0.1 vs nnue-integration): 1-0 {White wins by adjudication}
Score of nnue-integration vs v0.0.1: 143 - 58 - 93  [0.645] 294
Started game 300 of 2000000 (v0.0.1 vs nnue-integration)
Finished game 294 (v0.0.1 vs nnue-integration): 0-1 {Black wins by adjudication}
Score of nnue-integration vs v0.0.1: 144 - 58 - 93  [0.646] 295
Started game 301 of 2000000 (nnue-integration vs v0.0.1)
Finished game 296 (v0.0.1 vs nnue-integration): 0-1 {Black wins by adjudication}
Score of nnue-integration vs v0.0.1: 145 - 58 - 93  [0.647] 296
Started game 302 of 2000000 (v0.0.1 vs nnue-integration)
Finished game 299 (nnue-integration vs v0.0.1): 1-0 {White wins by adjudication}
Score of nnue-integration vs v0.0.1: 146 - 58 - 93  [0.648] 297
Started game 303 of 2000000 (nnue-integration vs v0.0.1)
Finished game 298 (v0.0.1 vs nnue-integration): 0-1 {Black wins by adjudication}
Score of nnue-integration vs v0.0.1: 147 - 58 - 93  [0.649] 298
Started game 304 of 2000000 (v0.0.1 vs nnue-integration)
Finished game 297 (nnue-integration vs v0.0.1): 1-0 {White wins by adjudication}
Score of nnue-integration vs v0.0.1: 148 - 58 - 93  [0.651] 299
Started game 305 of 2000000 (nnue-integration vs v0.0.1)
Finished game 301 (nnue-integration vs v0.0.1): 1-0 {White wins by adjudication}
Score of nnue-integration vs v0.0.1: 149 - 58 - 93  [0.652] 300
Started game 306 of 2000000 (v0.0.1 vs nnue-integration)
Finished game 305 (nnue-integration vs v0.0.1): 1-0 {White wins by adjudication}
Score of nnue-integration vs v0.0.1: 150 - 58 - 93  [0.653] 301
Started game 307 of 2000000 (nnue-integration vs v0.0.1)
Finished game 300 (v0.0.1 vs nnue-integration): 1/2-1/2 {Draw by 3-fold repetition}
Score of nnue-integration vs v0.0.1: 150 - 58 - 94  [0.652] 302
Started game 308 of 2000000 (v0.0.1 vs nnue-integration)
Finished game 303 (nnue-integration vs v0.0.1): 1/2-1/2 {Draw by 3-fold repetition}
Score of nnue-integration vs v0.0.1: 150 - 58 - 95  [0.652] 303
Started game 309 of 2000000 (nnue-integration vs v0.0.1)
Finished game 307 (nnue-integration vs v0.0.1): 1-0 {White wins by adjudication}
Score of nnue-integration vs v0.0.1: 151 - 58 - 95  [0.653] 304
Started game 310 of 2000000 (v0.0.1 vs nnue-integration)
Finished game 302 (v0.0.1 vs nnue-integration): 1-0 {White wins by adjudication}
Score of nnue-integration vs v0.0.1: 151 - 59 - 95  [0.651] 305
Started game 311 of 2000000 (nnue-integration vs v0.0.1)
Finished game 306 (v0.0.1 vs nnue-integration): 1-0 {White wins by adjudication}
Score of nnue-integration vs v0.0.1: 151 - 60 - 95  [0.649] 306
Started game 312 of 2000000 (v0.0.1 vs nnue-integration)
Finished game 304 (v0.0.1 vs nnue-integration): 1/2-1/2 {Draw by 3-fold repetition}
Score of nnue-integration vs v0.0.1: 151 - 60 - 96  [0.648] 307
Started game 313 of 2000000 (nnue-integration vs v0.0.1)
Finished game 308 (v0.0.1 vs nnue-integration): 0-1 {Black wins by adjudication}
Score of nnue-integration vs v0.0.1: 152 - 60 - 96  [0.649] 308
Started game 314 of 2000000 (v0.0.1 vs nnue-integration)
Finished game 309 (nnue-integration vs v0.0.1): 1/2-1/2 {Draw by 3-fold repetition}
Score of nnue-integration vs v0.0.1: 152 - 60 - 97  [0.649] 309
Started game 315 of 2000000 (nnue-integration vs v0.0.1)
Finished game 310 (v0.0.1 vs nnue-integration): 1/2-1/2 {Draw by 3-fold repetition}
Score of nnue-integration vs v0.0.1: 152 - 60 - 98  [0.648] 310
Started game 316 of 2000000 (v0.0.1 vs nnue-integration)
Finished game 313 (nnue-integration vs v0.0.1): 1-0 {White wins by adjudication}
Score of nnue-integration vs v0.0.1: 153 - 60 - 98  [0.650] 311
Started game 317 of 2000000 (nnue-integration vs v0.0.1)
Finished game 311 (nnue-integration vs v0.0.1): 1/2-1/2 {Draw by 3-fold repetition}
Score of nnue-integration vs v0.0.1: 153 - 60 - 99  [0.649] 312
Started game 318 of 2000000 (v0.0.1 vs nnue-integration)
Finished game 312 (v0.0.1 vs nnue-integration): 1/2-1/2 {Draw by 3-fold repetition}
Score of nnue-integration vs v0.0.1: 153 - 60 - 100  [0.649] 313
Started game 319 of 2000000 (nnue-integration vs v0.0.1)
Finished game 314 (v0.0.1 vs nnue-integration): 1/2-1/2 {Draw by 3-fold repetition}
Score of nnue-integration vs v0.0.1: 153 - 60 - 101  [0.648] 314
Started game 320 of 2000000 (v0.0.1 vs nnue-integration)
Finished game 315 (nnue-integration vs v0.0.1): 1-0 {White wins by adjudication}
Score of nnue-integration vs v0.0.1: 154 - 60 - 101  [0.649] 315
Started game 321 of 2000000 (nnue-integration vs v0.0.1)
Finished game 316 (v0.0.1 vs nnue-integration): 1-0 {White wins by adjudication}
Score of nnue-integration vs v0.0.1: 154 - 61 - 101  [0.647] 316
Started game 322 of 2000000 (v0.0.1 vs nnue-integration)
Finished game 317 (nnue-integration vs v0.0.1): 1-0 {White wins by adjudication}
Score of nnue-integration vs v0.0.1: 155 - 61 - 101  [0.648] 317
Started game 323 of 2000000 (nnue-integration vs v0.0.1)
Finished game 319 (nnue-integration vs v0.0.1): 1/2-1/2 {Draw by 3-fold repetition}
Score of nnue-integration vs v0.0.1: 155 - 61 - 102  [0.648] 318
Started game 324 of 2000000 (v0.0.1 vs nnue-integration)
Finished game 320 (v0.0.1 vs nnue-integration): 1/2-1/2 {Draw by 3-fold repetition}
Score of nnue-integration vs v0.0.1: 155 - 61 - 103  [0.647] 319
Started game 325 of 2000000 (nnue-integration vs v0.0.1)
Finished game 318 (v0.0.1 vs nnue-integration): 1-0 {White wins by adjudication}
Score of nnue-integration vs v0.0.1: 155 - 62 - 103  [0.645] 320
Started game 326 of 2000000 (v0.0.1 vs nnue-integration)
Finished game 323 (nnue-integration vs v0.0.1): 1-0 {White wins by adjudication}
Score of nnue-integration vs v0.0.1: 156 - 62 - 103  [0.646] 321
Started game 327 of 2000000 (nnue-integration vs v0.0.1)
Finished game 322 (v0.0.1 vs nnue-integration): 0-1 {Black wins by adjudication}
Score of nnue-integration vs v0.0.1: 157 - 62 - 103  [0.648] 322
Started game 328 of 2000000 (v0.0.1 vs nnue-integration)
Finished game 321 (nnue-integration vs v0.0.1): 1/2-1/2 {Draw by 3-fold repetition}
Score of nnue-integration vs v0.0.1: 157 - 62 - 104  [0.647] 323
Started game 329 of 2000000 (nnue-integration vs v0.0.1)
Finished game 327 (nnue-integration vs v0.0.1): 1-0 {White wins by adjudication}
Score of nnue-integration vs v0.0.1: 158 - 62 - 104  [0.648] 324
Started game 330 of 2000000 (v0.0.1 vs nnue-integration)
Finished game 324 (v0.0.1 vs nnue-integration): 1/2-1/2 {Draw by 3-fold repetition}
Score of nnue-integration vs v0.0.1: 158 - 62 - 105  [0.648] 325
Started game 331 of 2000000 (nnue-integration vs v0.0.1)
Finished game 326 (v0.0.1 vs nnue-integration): 0-1 {Black wins by adjudication}
Score of nnue-integration vs v0.0.1: 159 - 62 - 105  [0.649] 326
Started game 332 of 2000000 (v0.0.1 vs nnue-integration)
Finished game 325 (nnue-integration vs v0.0.1): 0-1 {Black wins by adjudication}
Score of nnue-integration vs v0.0.1: 159 - 63 - 105  [0.647] 327
Started game 333 of 2000000 (nnue-integration vs v0.0.1)
Finished game 329 (nnue-integration vs v0.0.1): 1-0 {White wins by adjudication}
Score of nnue-integration vs v0.0.1: 160 - 63 - 105  [0.648] 328
Started game 334 of 2000000 (v0.0.1 vs nnue-integration)
Finished game 328 (v0.0.1 vs nnue-integration): 1/2-1/2 {Draw by 3-fold repetition}
Score of nnue-integration vs v0.0.1: 160 - 63 - 106  [0.647] 329
Started game 335 of 2000000 (nnue-integration vs v0.0.1)
Finished game 331 (nnue-integration vs v0.0.1): 1-0 {White wins by adjudication}
Score of nnue-integration vs v0.0.1: 161 - 63 - 106  [0.648] 330
Started game 336 of 2000000 (v0.0.1 vs nnue-integration)
Finished game 330 (v0.0.1 vs nnue-integration): 0-1 {Black wins by adjudication}
Score of nnue-integration vs v0.0.1: 162 - 63 - 106  [0.650] 331
Started game 337 of 2000000 (nnue-integration vs v0.0.1)
Finished game 332 (v0.0.1 vs nnue-integration): 1-0 {White wins by adjudication}
Score of nnue-integration vs v0.0.1: 162 - 64 - 106  [0.648] 332
Started game 338 of 2000000 (v0.0.1 vs nnue-integration)
Finished game 333 (nnue-integration vs v0.0.1): 1-0 {White wins by adjudication}
Score of nnue-integration vs v0.0.1: 163 - 64 - 106  [0.649] 333
Started game 339 of 2000000 (nnue-integration vs v0.0.1)
Finished game 334 (v0.0.1 vs nnue-integration): 0-1 {Black wins by adjudication}
Score of nnue-integration vs v0.0.1: 164 - 64 - 106  [0.650] 334
Started game 340 of 2000000 (v0.0.1 vs nnue-integration)
Finished game 335 (nnue-integration vs v0.0.1): 0-1 {Black wins by adjudication}
Score of nnue-integration vs v0.0.1: 164 - 65 - 106  [0.648] 335
Started game 341 of 2000000 (nnue-integration vs v0.0.1)
Finished game 339 (nnue-integration vs v0.0.1): 1-0 {White wins by adjudication}
Score of nnue-integration vs v0.0.1: 165 - 65 - 106  [0.649] 336
Started game 342 of 2000000 (v0.0.1 vs nnue-integration)
Finished game 338 (v0.0.1 vs nnue-integration): 0-1 {Black wins by adjudication}
Score of nnue-integration vs v0.0.1: 166 - 65 - 106  [0.650] 337
Started game 343 of 2000000 (nnue-integration vs v0.0.1)
Finished game 337 (nnue-integration vs v0.0.1): 1-0 {White wins by adjudication}
Score of nnue-integration vs v0.0.1: 167 - 65 - 106  [0.651] 338
Started game 344 of 2000000 (v0.0.1 vs nnue-integration)
Finished game 336 (v0.0.1 vs nnue-integration): 1/2-1/2 {Draw by 3-fold repetition}
Score of nnue-integration vs v0.0.1: 167 - 65 - 107  [0.650] 339
Started game 345 of 2000000 (nnue-integration vs v0.0.1)
Finished game 340 (v0.0.1 vs nnue-integration): 1-0 {White wins by adjudication}
Score of nnue-integration vs v0.0.1: 167 - 66 - 107  [0.649] 340
Started game 346 of 2000000 (v0.0.1 vs nnue-integration)
Finished game 343 (nnue-integration vs v0.0.1): 1/2-1/2 {Draw by 3-fold repetition}
Score of nnue-integration vs v0.0.1: 167 - 66 - 108  [0.648] 341
Started game 347 of 2000000 (nnue-integration vs v0.0.1)
Finished game 341 (nnue-integration vs v0.0.1): 1/2-1/2 {Draw by 3-fold repetition}
Score of nnue-integration vs v0.0.1: 167 - 66 - 109  [0.648] 342
Started game 348 of 2000000 (v0.0.1 vs nnue-integration)
Finished game 345 (nnue-integration vs v0.0.1): 0-1 {Black wins by adjudication}
Score of nnue-integration vs v0.0.1: 167 - 67 - 109  [0.646] 343
Started game 349 of 2000000 (nnue-integration vs v0.0.1)
Finished game 346 (v0.0.1 vs nnue-integration): 0-1 {Black mates}
Score of nnue-integration vs v0.0.1: 168 - 67 - 109  [0.647] 344
Started game 350 of 2000000 (v0.0.1 vs nnue-integration)
Finished game 342 (v0.0.1 vs nnue-integration): 1/2-1/2 {Draw by 3-fold repetition}
Score of nnue-integration vs v0.0.1: 168 - 67 - 110  [0.646] 345
Started game 351 of 2000000 (nnue-integration vs v0.0.1)
Finished game 347 (nnue-integration vs v0.0.1): 1-0 {White wins by adjudication}
Score of nnue-integration vs v0.0.1: 169 - 67 - 110  [0.647] 346
Started game 352 of 2000000 (v0.0.1 vs nnue-integration)
Finished game 344 (v0.0.1 vs nnue-integration): 1/2-1/2 {Draw by 3-fold repetition}
Score of nnue-integration vs v0.0.1: 169 - 67 - 111  [0.647] 347
Started game 353 of 2000000 (nnue-integration vs v0.0.1)
Finished game 349 (nnue-integration vs v0.0.1): 0-1 {Black wins by adjudication}
Score of nnue-integration vs v0.0.1: 169 - 68 - 111  [0.645] 348
Started game 354 of 2000000 (v0.0.1 vs nnue-integration)
Finished game 348 (v0.0.1 vs nnue-integration): 0-1 {Black wins by adjudication}
Score of nnue-integration vs v0.0.1: 170 - 68 - 111  [0.646] 349
Started game 355 of 2000000 (nnue-integration vs v0.0.1)
Finished game 351 (nnue-integration vs v0.0.1): 1-0 {White wins by adjudication}
Score of nnue-integration vs v0.0.1: 171 - 68 - 111  [0.647] 350
Started game 356 of 2000000 (v0.0.1 vs nnue-integration)
Finished game 350 (v0.0.1 vs nnue-integration): 0-1 {Black wins by adjudication}
Score of nnue-integration vs v0.0.1: 172 - 68 - 111  [0.648] 351
Started game 357 of 2000000 (nnue-integration vs v0.0.1)
Finished game 355 (nnue-integration vs v0.0.1): 1/2-1/2 {Draw by 3-fold repetition}
Score of nnue-integration vs v0.0.1: 172 - 68 - 112  [0.648] 352
Started game 358 of 2000000 (v0.0.1 vs nnue-integration)
Finished game 354 (v0.0.1 vs nnue-integration): 0-1 {Black wins by adjudication}
Score of nnue-integration vs v0.0.1: 173 - 68 - 112  [0.649] 353
Started game 359 of 2000000 (nnue-integration vs v0.0.1)
Finished game 357 (nnue-integration vs v0.0.1): 1/2-1/2 {Draw by 3-fold repetition}
Score of nnue-integration vs v0.0.1: 173 - 68 - 113  [0.648] 354
Started game 360 of 2000000 (v0.0.1 vs nnue-integration)
Finished game 353 (nnue-integration vs v0.0.1): 1-0 {White wins by adjudication}
Score of nnue-integration vs v0.0.1: 174 - 68 - 113  [0.649] 355
Started game 361 of 2000000 (nnue-integration vs v0.0.1)
Finished game 356 (v0.0.1 vs nnue-integration): 1/2-1/2 {Draw by 3-fold repetition}
Score of nnue-integration vs v0.0.1: 174 - 68 - 114  [0.649] 356
Started game 362 of 2000000 (v0.0.1 vs nnue-integration)
Finished game 352 (v0.0.1 vs nnue-integration): 1/2-1/2 {Draw by 3-fold repetition}
Score of nnue-integration vs v0.0.1: 174 - 68 - 115  [0.648] 357
Started game 363 of 2000000 (nnue-integration vs v0.0.1)
Finished game 361 (nnue-integration vs v0.0.1): 1-0 {White wins by adjudication}
Score of nnue-integration vs v0.0.1: 175 - 68 - 115  [0.649] 358
Started game 364 of 2000000 (v0.0.1 vs nnue-integration)
Finished game 360 (v0.0.1 vs nnue-integration): 0-1 {Black wins by adjudication}
Score of nnue-integration vs v0.0.1: 176 - 68 - 115  [0.650] 359
Started game 365 of 2000000 (nnue-integration vs v0.0.1)
Finished game 358 (v0.0.1 vs nnue-integration): 0-1 {Black wins by adjudication}
Score of nnue-integration vs v0.0.1: 177 - 68 - 115  [0.651] 360
Started game 366 of 2000000 (v0.0.1 vs nnue-integration)
Finished game 359 (nnue-integration vs v0.0.1): 1/2-1/2 {Draw by 3-fold repetition}
Score of nnue-integration vs v0.0.1: 177 - 68 - 116  [0.651] 361
Started game 367 of 2000000 (nnue-integration vs v0.0.1)
Finished game 362 (v0.0.1 vs nnue-integration): 0-1 {Black wins by adjudication}
Score of nnue-integration vs v0.0.1: 178 - 68 - 116  [0.652] 362
Started game 368 of 2000000 (v0.0.1 vs nnue-integration)
Finished game 363 (nnue-integration vs v0.0.1): 1-0 {White wins by adjudication}
Score of nnue-integration vs v0.0.1: 179 - 68 - 116  [0.653] 363
Started game 369 of 2000000 (nnue-integration vs v0.0.1)
Finished game 364 (v0.0.1 vs nnue-integration): 1/2-1/2 {Draw by 3-fold repetition}
Score of nnue-integration vs v0.0.1: 179 - 68 - 117  [0.652] 364
Started game 370 of 2000000 (v0.0.1 vs nnue-integration)
Finished game 365 (nnue-integration vs v0.0.1): 1/2-1/2 {Draw by 3-fold repetition}
Score of nnue-integration vs v0.0.1: 179 - 68 - 118  [0.652] 365
Started game 371 of 2000000 (nnue-integration vs v0.0.1)
Finished game 366 (v0.0.1 vs nnue-integration): 1/2-1/2 {Draw by 3-fold repetition}
Score of nnue-integration vs v0.0.1: 179 - 68 - 119  [0.652] 366
Started game 372 of 2000000 (v0.0.1 vs nnue-integration)
Finished game 369 (nnue-integration vs v0.0.1): 1-0 {White wins by adjudication}
Score of nnue-integration vs v0.0.1: 180 - 68 - 119  [0.653] 367
Started game 373 of 2000000 (nnue-integration vs v0.0.1)
Finished game 368 (v0.0.1 vs nnue-integration): 1/2-1/2 {Draw by 3-fold repetition}
Score of nnue-integration vs v0.0.1: 180 - 68 - 120  [0.652] 368
Started game 374 of 2000000 (v0.0.1 vs nnue-integration)
Finished game 367 (nnue-integration vs v0.0.1): 1-0 {White wins by adjudication}
Score of nnue-integration vs v0.0.1: 181 - 68 - 120  [0.653] 369
Started game 375 of 2000000 (nnue-integration vs v0.0.1)
Finished game 370 (v0.0.1 vs nnue-integration): 1-0 {White wins by adjudication}
Score of nnue-integration vs v0.0.1: 181 - 69 - 120  [0.651] 370
Started game 376 of 2000000 (v0.0.1 vs nnue-integration)
Finished game 372 (v0.0.1 vs nnue-integration): 0-1 {Black wins by adjudication}
Score of nnue-integration vs v0.0.1: 182 - 69 - 120  [0.652] 371
Started game 377 of 2000000 (nnue-integration vs v0.0.1)
Finished game 374 (v0.0.1 vs nnue-integration): 0-1 {Black wins by adjudication}
Score of nnue-integration vs v0.0.1: 183 - 69 - 120  [0.653] 372
Started game 378 of 2000000 (v0.0.1 vs nnue-integration)
Finished game 373 (nnue-integration vs v0.0.1): 1-0 {White wins by adjudication}
Score of nnue-integration vs v0.0.1: 184 - 69 - 120  [0.654] 373
Started game 379 of 2000000 (nnue-integration vs v0.0.1)
Finished game 371 (nnue-integration vs v0.0.1): 1-0 {White wins by adjudication}
Score of nnue-integration vs v0.0.1: 185 - 69 - 120  [0.655] 374
Started game 380 of 2000000 (v0.0.1 vs nnue-integration)
Finished game 375 (nnue-integration vs v0.0.1): 0-1 {Black wins by adjudication}
Score of nnue-integration vs v0.0.1: 185 - 70 - 120  [0.653] 375
Started game 381 of 2000000 (nnue-integration vs v0.0.1)
Finished game 376 (v0.0.1 vs nnue-integration): 0-1 {Black wins by adjudication}
Score of nnue-integration vs v0.0.1: 186 - 70 - 120  [0.654] 376
Started game 382 of 2000000 (v0.0.1 vs nnue-integration)
Finished game 379 (nnue-integration vs v0.0.1): 1-0 {White wins by adjudication}
Score of nnue-integration vs v0.0.1: 187 - 70 - 120  [0.655] 377
Started game 383 of 2000000 (nnue-integration vs v0.0.1)
Finished game 377 (nnue-integration vs v0.0.1): 0-1 {Black wins by adjudication}
Score of nnue-integration vs v0.0.1: 187 - 71 - 120  [0.653] 378
Started game 384 of 2000000 (v0.0.1 vs nnue-integration)
Finished game 378 (v0.0.1 vs nnue-integration): 0-1 {Black wins by adjudication}
Score of nnue-integration vs v0.0.1: 188 - 71 - 120  [0.654] 379
Started game 385 of 2000000 (nnue-integration vs v0.0.1)
Finished game 380 (v0.0.1 vs nnue-integration): 0-1 {Black wins by adjudication}
Score of nnue-integration vs v0.0.1: 189 - 71 - 120  [0.655] 380
Started game 386 of 2000000 (v0.0.1 vs nnue-integration)
Finished game 383 (nnue-integration vs v0.0.1): 1-0 {White wins by adjudication}
Score of nnue-integration vs v0.0.1: 190 - 71 - 120  [0.656] 381
Started game 387 of 2000000 (nnue-integration vs v0.0.1)
Finished game 381 (nnue-integration vs v0.0.1): 0-1 {Black wins by adjudication}
Score of nnue-integration vs v0.0.1: 190 - 72 - 120  [0.654] 382
Started game 388 of 2000000 (v0.0.1 vs nnue-integration)
Finished game 382 (v0.0.1 vs nnue-integration): 0-1 {Black wins by adjudication}
Score of nnue-integration vs v0.0.1: 191 - 72 - 120  [0.655] 383
Started game 389 of 2000000 (nnue-integration vs v0.0.1)
Finished game 385 (nnue-integration vs v0.0.1): 1-0 {White wins by adjudication}
Score of nnue-integration vs v0.0.1: 192 - 72 - 120  [0.656] 384
Started game 390 of 2000000 (v0.0.1 vs nnue-integration)
Finished game 389 (nnue-integration vs v0.0.1): 1-0 {White wins by adjudication}
Score of nnue-integration vs v0.0.1: 193 - 72 - 120  [0.657] 385
Started game 391 of 2000000 (nnue-integration vs v0.0.1)
Finished game 387 (nnue-integration vs v0.0.1): 1/2-1/2 {Draw by 3-fold repetition}
Score of nnue-integration vs v0.0.1: 193 - 72 - 121  [0.657] 386
Started game 392 of 2000000 (v0.0.1 vs nnue-integration)
Finished game 386 (v0.0.1 vs nnue-integration): 1/2-1/2 {Draw by 3-fold repetition}
Score of nnue-integration vs v0.0.1: 193 - 72 - 122  [0.656] 387
Started game 393 of 2000000 (nnue-integration vs v0.0.1)
Finished game 384 (v0.0.1 vs nnue-integration): 0-1 {Black wins by adjudication}
Score of nnue-integration vs v0.0.1: 194 - 72 - 122  [0.657] 388
Started game 394 of 2000000 (v0.0.1 vs nnue-integration)
Finished game 388 (v0.0.1 vs nnue-integration): 0-1 {Black wins by adjudication}
Score of nnue-integration vs v0.0.1: 195 - 72 - 122  [0.658] 389
Started game 395 of 2000000 (nnue-integration vs v0.0.1)
Finished game 391 (nnue-integration vs v0.0.1): 0-1 {Black wins by adjudication}
Score of nnue-integration vs v0.0.1: 195 - 73 - 122  [0.656] 390
Started game 396 of 2000000 (v0.0.1 vs nnue-integration)
Finished game 390 (v0.0.1 vs nnue-integration): 1/2-1/2 {Draw by 3-fold repetition}
Score of nnue-integration vs v0.0.1: 195 - 73 - 123  [0.656] 391
Started game 397 of 2000000 (nnue-integration vs v0.0.1)
Finished game 392 (v0.0.1 vs nnue-integration): 1/2-1/2 {Draw by 3-fold repetition}
Score of nnue-integration vs v0.0.1: 195 - 73 - 124  [0.656] 392
Started game 398 of 2000000 (v0.0.1 vs nnue-integration)
Finished game 394 (v0.0.1 vs nnue-integration): 1/2-1/2 {Draw by 3-fold repetition}
Score of nnue-integration vs v0.0.1: 195 - 73 - 125  [0.655] 393
Started game 399 of 2000000 (nnue-integration vs v0.0.1)
Finished game 393 (nnue-integration vs v0.0.1): 1-0 {White wins by adjudication}
Score of nnue-integration vs v0.0.1: 196 - 73 - 125  [0.656] 394
Started game 400 of 2000000 (v0.0.1 vs nnue-integration)
Finished game 395 (nnue-integration vs v0.0.1): 0-1 {Black wins by adjudication}
Score of nnue-integration vs v0.0.1: 196 - 74 - 125  [0.654] 395
Started game 401 of 2000000 (nnue-integration vs v0.0.1)
Finished game 396 (v0.0.1 vs nnue-integration): 1/2-1/2 {Draw by 3-fold repetition}
Score of nnue-integration vs v0.0.1: 196 - 74 - 126  [0.654] 396
Started game 402 of 2000000 (v0.0.1 vs nnue-integration)
Finished game 397 (nnue-integration vs v0.0.1): 1-0 {White wins by adjudication}
Score of nnue-integration vs v0.0.1: 197 - 74 - 126  [0.655] 397
Started game 403 of 2000000 (nnue-integration vs v0.0.1)
Finished game 399 (nnue-integration vs v0.0.1): 1-0 {White wins by adjudication}
Score of nnue-integration vs v0.0.1: 198 - 74 - 126  [0.656] 398
Started game 404 of 2000000 (v0.0.1 vs nnue-integration)
Finished game 398 (v0.0.1 vs nnue-integration): 1/2-1/2 {Draw by 3-fold repetition}
Score of nnue-integration vs v0.0.1: 198 - 74 - 127  [0.655] 399
Started game 405 of 2000000 (nnue-integration vs v0.0.1)
Finished game 402 (v0.0.1 vs nnue-integration): 0-1 {Black wins by adjudication}
Score of nnue-integration vs v0.0.1: 199 - 74 - 127  [0.656] 400
Started game 406 of 2000000 (v0.0.1 vs nnue-integration)
Finished game 400 (v0.0.1 vs nnue-integration): 0-1 {Black mates}
Score of nnue-integration vs v0.0.1: 200 - 74 - 127  [0.657] 401
Started game 407 of 2000000 (nnue-integration vs v0.0.1)
Finished game 403 (nnue-integration vs v0.0.1): 1-0 {White wins by adjudication}
Score of nnue-integration vs v0.0.1: 201 - 74 - 127  [0.658] 402
Started game 408 of 2000000 (v0.0.1 vs nnue-integration)
Finished game 401 (nnue-integration vs v0.0.1): 1/2-1/2 {Draw by 3-fold repetition}
Score of nnue-integration vs v0.0.1: 201 - 74 - 128  [0.658] 403
Started game 409 of 2000000 (nnue-integration vs v0.0.1)
Finished game 404 (v0.0.1 vs nnue-integration): 0-1 {Black mates}
Score of nnue-integration vs v0.0.1: 202 - 74 - 128  [0.658] 404
Started game 410 of 2000000 (v0.0.1 vs nnue-integration)
Finished game 407 (nnue-integration vs v0.0.1): 1-0 {White wins by adjudication}
Score of nnue-integration vs v0.0.1: 203 - 74 - 128  [0.659] 405
Started game 411 of 2000000 (nnue-integration vs v0.0.1)
Finished game 405 (nnue-integration vs v0.0.1): 1/2-1/2 {Draw by 3-fold repetition}
Score of nnue-integration vs v0.0.1: 203 - 74 - 129  [0.659] 406
Started game 412 of 2000000 (v0.0.1 vs nnue-integration)
Finished game 409 (nnue-integration vs v0.0.1): 1/2-1/2 {Draw by 3-fold repetition}
Score of nnue-integration vs v0.0.1: 203 - 74 - 130  [0.658] 407
Started game 413 of 2000000 (nnue-integration vs v0.0.1)
Finished game 406 (v0.0.1 vs nnue-integration): 1-0 {White wins by adjudication}
Score of nnue-integration vs v0.0.1: 203 - 75 - 130  [0.657] 408
Started game 414 of 2000000 (v0.0.1 vs nnue-integration)
Finished game 408 (v0.0.1 vs nnue-integration): 0-1 {Black wins by adjudication}
Score of nnue-integration vs v0.0.1: 204 - 75 - 130  [0.658] 409
Started game 415 of 2000000 (nnue-integration vs v0.0.1)
Finished game 410 (v0.0.1 vs nnue-integration): 0-1 {Black mates}
Score of nnue-integration vs v0.0.1: 205 - 75 - 130  [0.659] 410
Started game 416 of 2000000 (v0.0.1 vs nnue-integration)
Finished game 411 (nnue-integration vs v0.0.1): 1-0 {White wins by adjudication}
Score of nnue-integration vs v0.0.1: 206 - 75 - 130  [0.659] 411
Started game 417 of 2000000 (nnue-integration vs v0.0.1)
Finished game 415 (nnue-integration vs v0.0.1): 1/2-1/2 {Draw by 3-fold repetition}
Score of nnue-integration vs v0.0.1: 206 - 75 - 131  [0.659] 412
Started game 418 of 2000000 (v0.0.1 vs nnue-integration)
Finished game 412 (v0.0.1 vs nnue-integration): 1/2-1/2 {Draw by 3-fold repetition}
Score of nnue-integration vs v0.0.1: 206 - 75 - 132  [0.659] 413
Started game 419 of 2000000 (nnue-integration vs v0.0.1)
Finished game 413 (nnue-integration vs v0.0.1): 1-0 {White wins by adjudication}
Score of nnue-integration vs v0.0.1: 207 - 75 - 132  [0.659] 414
Started game 420 of 2000000 (v0.0.1 vs nnue-integration)
Finished game 414 (v0.0.1 vs nnue-integration): 1/2-1/2 {Draw by 3-fold repetition}
Score of nnue-integration vs v0.0.1: 207 - 75 - 133  [0.659] 415
Started game 421 of 2000000 (nnue-integration vs v0.0.1)
Finished game 416 (v0.0.1 vs nnue-integration): 1-0 {White wins by adjudication}
Score of nnue-integration vs v0.0.1: 207 - 76 - 133  [0.657] 416
Started game 422 of 2000000 (v0.0.1 vs nnue-integration)
Finished game 417 (nnue-integration vs v0.0.1): 1-0 {White wins by adjudication}
Score of nnue-integration vs v0.0.1: 208 - 76 - 133  [0.658] 417
Started game 423 of 2000000 (nnue-integration vs v0.0.1)
Finished game 419 (nnue-integration vs v0.0.1): 1/2-1/2 {Draw by 3-fold repetition}
Score of nnue-integration vs v0.0.1: 208 - 76 - 134  [0.658] 418
Started game 424 of 2000000 (v0.0.1 vs nnue-integration)
Finished game 418 (v0.0.1 vs nnue-integration): 1/2-1/2 {Draw by 3-fold repetition}
Score of nnue-integration vs v0.0.1: 208 - 76 - 135  [0.658] 419
Started game 425 of 2000000 (nnue-integration vs v0.0.1)
Finished game 421 (nnue-integration vs v0.0.1): 1-0 {White wins by adjudication}
Score of nnue-integration vs v0.0.1: 209 - 76 - 135  [0.658] 420
Started game 426 of 2000000 (v0.0.1 vs nnue-integration)
Finished game 420 (v0.0.1 vs nnue-integration): 1/2-1/2 {Draw by 3-fold repetition}
Score of nnue-integration vs v0.0.1: 209 - 76 - 136  [0.658] 421
Started game 427 of 2000000 (nnue-integration vs v0.0.1)
Finished game 427 (nnue-integration vs v0.0.1): 1-0 {White wins by adjudication}
Score of nnue-integration vs v0.0.1: 210 - 76 - 136  [0.659] 422
Started game 428 of 2000000 (v0.0.1 vs nnue-integration)
Finished game 423 (nnue-integration vs v0.0.1): 1-0 {White wins by adjudication}
Score of nnue-integration vs v0.0.1: 211 - 76 - 136  [0.660] 423
Started game 429 of 2000000 (nnue-integration vs v0.0.1)
Finished game 426 (v0.0.1 vs nnue-integration): 0-1 {Black wins by adjudication}
Score of nnue-integration vs v0.0.1: 212 - 76 - 136  [0.660] 424
Started game 430 of 2000000 (v0.0.1 vs nnue-integration)
Finished game 425 (nnue-integration vs v0.0.1): 1-0 {White mates}
Score of nnue-integration vs v0.0.1: 213 - 76 - 136  [0.661] 425
Started game 431 of 2000000 (nnue-integration vs v0.0.1)
Finished game 422 (v0.0.1 vs nnue-integration): 0-1 {Black wins by adjudication}
Score of nnue-integration vs v0.0.1: 214 - 76 - 136  [0.662] 426
Started game 432 of 2000000 (v0.0.1 vs nnue-integration)
Finished game 424 (v0.0.1 vs nnue-integration): 1/2-1/2 {Draw by 3-fold repetition}
Score of nnue-integration vs v0.0.1: 214 - 76 - 137  [0.662] 427
Started game 433 of 2000000 (nnue-integration vs v0.0.1)
Finished game 430 (v0.0.1 vs nnue-integration): 1/2-1/2 {Draw by 3-fold repetition}
Score of nnue-integration vs v0.0.1: 214 - 76 - 138  [0.661] 428
Started game 434 of 2000000 (v0.0.1 vs nnue-integration)
Finished game 429 (nnue-integration vs v0.0.1): 0-1 {Black wins by adjudication}
Score of nnue-integration vs v0.0.1: 214 - 77 - 138  [0.660] 429
Started game 435 of 2000000 (nnue-integration vs v0.0.1)
Finished game 428 (v0.0.1 vs nnue-integration): 1/2-1/2 {Draw by 3-fold repetition}
Score of nnue-integration vs v0.0.1: 214 - 77 - 139  [0.659] 430
Started game 436 of 2000000 (v0.0.1 vs nnue-integration)
Finished game 431 (nnue-integration vs v0.0.1): 1/2-1/2 {Draw by 3-fold repetition}
Score of nnue-integration vs v0.0.1: 214 - 77 - 140  [0.659] 431
Started game 437 of 2000000 (nnue-integration vs v0.0.1)
Finished game 432 (v0.0.1 vs nnue-integration): 0-1 {Black wins by adjudication}
Score of nnue-integration vs v0.0.1: 215 - 77 - 140  [0.660] 432
Started game 438 of 2000000 (v0.0.1 vs nnue-integration)
Finished game 433 (nnue-integration vs v0.0.1): 1/2-1/2 {Draw by 3-fold repetition}
Score of nnue-integration vs v0.0.1: 215 - 77 - 141  [0.659] 433
Started game 439 of 2000000 (nnue-integration vs v0.0.1)
Finished game 435 (nnue-integration vs v0.0.1): 1/2-1/2 {Draw by 3-fold repetition}
Score of nnue-integration vs v0.0.1: 215 - 77 - 142  [0.659] 434
Started game 440 of 2000000 (v0.0.1 vs nnue-integration)
Finished game 434 (v0.0.1 vs nnue-integration): 0-1 {Black wins by adjudication}
Score of nnue-integration vs v0.0.1: 216 - 77 - 142  [0.660] 435
Started game 441 of 2000000 (nnue-integration vs v0.0.1)
Finished game 437 (nnue-integration vs v0.0.1): 1-0 {White wins by adjudication}
Score of nnue-integration vs v0.0.1: 217 - 77 - 142  [0.661] 436
Started game 442 of 2000000 (v0.0.1 vs nnue-integration)
Finished game 436 (v0.0.1 vs nnue-integration): 0-1 {Black wins by adjudication}
Score of nnue-integration vs v0.0.1: 218 - 77 - 142  [0.661] 437
Started game 443 of 2000000 (nnue-integration vs v0.0.1)
Finished game 438 (v0.0.1 vs nnue-integration): 1-0 {White wins by adjudication}
Score of nnue-integration vs v0.0.1: 218 - 78 - 142  [0.660] 438
Started game 444 of 2000000 (v0.0.1 vs nnue-integration)
Finished game 439 (nnue-integration vs v0.0.1): 1/2-1/2 {Draw by 3-fold repetition}
Score of nnue-integration vs v0.0.1: 218 - 78 - 143  [0.659] 439
Started game 445 of 2000000 (nnue-integration vs v0.0.1)
Finished game 441 (nnue-integration vs v0.0.1): 1-0 {White wins by adjudication}
Score of nnue-integration vs v0.0.1: 219 - 78 - 143  [0.660] 440
Started game 446 of 2000000 (v0.0.1 vs nnue-integration)
Finished game 442 (v0.0.1 vs nnue-integration): 0-1 {Black wins by adjudication}
Score of nnue-integration vs v0.0.1: 220 - 78 - 143  [0.661] 441
Started game 447 of 2000000 (nnue-integration vs v0.0.1)
Finished game 444 (v0.0.1 vs nnue-integration): 1/2-1/2 {Draw by 3-fold repetition}
Score of nnue-integration vs v0.0.1: 220 - 78 - 144  [0.661] 442
Started game 448 of 2000000 (v0.0.1 vs nnue-integration)
Finished game 445 (nnue-integration vs v0.0.1): 0-1 {Black wins by adjudication}
Score of nnue-integration vs v0.0.1: 220 - 79 - 144  [0.659] 443
Started game 449 of 2000000 (nnue-integration vs v0.0.1)
Finished game 440 (v0.0.1 vs nnue-integration): 1-0 {White wins by adjudication}
Score of nnue-integration vs v0.0.1: 220 - 80 - 144  [0.658] 444
Started game 450 of 2000000 (v0.0.1 vs nnue-integration)
Finished game 448 (v0.0.1 vs nnue-integration): 0-1 {Black wins by adjudication}
Score of nnue-integration vs v0.0.1: 221 - 80 - 144  [0.658] 445
Started game 451 of 2000000 (nnue-integration vs v0.0.1)
Finished game 443 (nnue-integration vs v0.0.1): 0-1 {Black wins by adjudication}
Score of nnue-integration vs v0.0.1: 221 - 81 - 144  [0.657] 446
Started game 452 of 2000000 (v0.0.1 vs nnue-integration)
Finished game 446 (v0.0.1 vs nnue-integration): 0-1 {Black wins by adjudication}
Score of nnue-integration vs v0.0.1: 222 - 81 - 144  [0.658] 447
Started game 453 of 2000000 (nnue-integration vs v0.0.1)
Finished game 447 (nnue-integration vs v0.0.1): 1-0 {White wins by adjudication}
Score of nnue-integration vs v0.0.1: 223 - 81 - 144  [0.658] 448
Started game 454 of 2000000 (v0.0.1 vs nnue-integration)
Finished game 451 (nnue-integration vs v0.0.1): 1-0 {White wins by adjudication}
Score of nnue-integration vs v0.0.1: 224 - 81 - 144  [0.659] 449
Started game 455 of 2000000 (nnue-integration vs v0.0.1)
Finished game 453 (nnue-integration vs v0.0.1): 1/2-1/2 {Draw by 3-fold repetition}
Score of nnue-integration vs v0.0.1: 224 - 81 - 145  [0.659] 450
Started game 456 of 2000000 (v0.0.1 vs nnue-integration)
Finished game 449 (nnue-integration vs v0.0.1): 1/2-1/2 {Draw by 3-fold repetition}
Score of nnue-integration vs v0.0.1: 224 - 81 - 146  [0.659] 451
Started game 457 of 2000000 (nnue-integration vs v0.0.1)
Finished game 454 (v0.0.1 vs nnue-integration): 1/2-1/2 {Draw by 3-fold repetition}
Score of nnue-integration vs v0.0.1: 224 - 81 - 147  [0.658] 452
Started game 458 of 2000000 (v0.0.1 vs nnue-integration)
Finished game 452 (v0.0.1 vs nnue-integration): 1-0 {White wins by adjudication}
Score of nnue-integration vs v0.0.1: 224 - 82 - 147  [0.657] 453
Started game 459 of 2000000 (nnue-integration vs v0.0.1)
Finished game 450 (v0.0.1 vs nnue-integration): 1-0 {White wins by adjudication}
Score of nnue-integration vs v0.0.1: 224 - 83 - 147  [0.655] 454
Started game 460 of 2000000 (v0.0.1 vs nnue-integration)
Finished game 457 (nnue-integration vs v0.0.1): 1-0 {White mates}
Score of nnue-integration vs v0.0.1: 225 - 83 - 147  [0.656] 455
Started game 461 of 2000000 (nnue-integration vs v0.0.1)
Finished game 456 (v0.0.1 vs nnue-integration): 0-1 {Black wins by adjudication}
Score of nnue-integration vs v0.0.1: 226 - 83 - 147  [0.657] 456
Started game 462 of 2000000 (v0.0.1 vs nnue-integration)
Finished game 455 (nnue-integration vs v0.0.1): 1-0 {White wins by adjudication}
Score of nnue-integration vs v0.0.1: 227 - 83 - 147  [0.658] 457
Started game 463 of 2000000 (nnue-integration vs v0.0.1)
Finished game 459 (nnue-integration vs v0.0.1): 1-0 {White wins by adjudication}
Score of nnue-integration vs v0.0.1: 228 - 83 - 147  [0.658] 458
Started game 464 of 2000000 (v0.0.1 vs nnue-integration)
Finished game 458 (v0.0.1 vs nnue-integration): 1/2-1/2 {Draw by 3-fold repetition}
Score of nnue-integration vs v0.0.1: 228 - 83 - 148  [0.658] 459
Started game 465 of 2000000 (nnue-integration vs v0.0.1)
Finished game 461 (nnue-integration vs v0.0.1): 1-0 {White wins by adjudication}
Score of nnue-integration vs v0.0.1: 229 - 83 - 148  [0.659] 460
Started game 466 of 2000000 (v0.0.1 vs nnue-integration)
Finished game 460 (v0.0.1 vs nnue-integration): 0-1 {Black wins by adjudication}
Score of nnue-integration vs v0.0.1: 230 - 83 - 148  [0.659] 461
Started game 467 of 2000000 (nnue-integration vs v0.0.1)
Finished game 462 (v0.0.1 vs nnue-integration): 1/2-1/2 {Draw by 3-fold repetition}
Score of nnue-integration vs v0.0.1: 230 - 83 - 149  [0.659] 462
Started game 468 of 2000000 (v0.0.1 vs nnue-integration)
Finished game 467 (nnue-integration vs v0.0.1): 1-0 {White wins by adjudication}
Score of nnue-integration vs v0.0.1: 231 - 83 - 149  [0.660] 463
Started game 469 of 2000000 (nnue-integration vs v0.0.1)
Finished game 465 (nnue-integration vs v0.0.1): 1-0 {White wins by adjudication}
Score of nnue-integration vs v0.0.1: 232 - 83 - 149  [0.661] 464
Started game 470 of 2000000 (v0.0.1 vs nnue-integration)
Finished game 466 (v0.0.1 vs nnue-integration): 1/2-1/2 {Draw by 3-fold repetition}
Score of nnue-integration vs v0.0.1: 232 - 83 - 150  [0.660] 465
Started game 471 of 2000000 (nnue-integration vs v0.0.1)
Finished game 463 (nnue-integration vs v0.0.1): 1-0 {White wins by adjudication}
Score of nnue-integration vs v0.0.1: 233 - 83 - 150  [0.661] 466
Started game 472 of 2000000 (v0.0.1 vs nnue-integration)
Finished game 464 (v0.0.1 vs nnue-integration): 1/2-1/2 {Draw by 3-fold repetition}
Score of nnue-integration vs v0.0.1: 233 - 83 - 151  [0.661] 467
Started game 473 of 2000000 (nnue-integration vs v0.0.1)
Finished game 469 (nnue-integration vs v0.0.1): 1/2-1/2 {Draw by 3-fold repetition}
Score of nnue-integration vs v0.0.1: 233 - 83 - 152  [0.660] 468
Started game 474 of 2000000 (v0.0.1 vs nnue-integration)
Finished game 471 (nnue-integration vs v0.0.1): 1-0 {White wins by adjudication}
Score of nnue-integration vs v0.0.1: 234 - 83 - 152  [0.661] 469
Started game 475 of 2000000 (nnue-integration vs v0.0.1)
Finished game 468 (v0.0.1 vs nnue-integration): 1-0 {White wins by adjudication}
Score of nnue-integration vs v0.0.1: 234 - 84 - 152  [0.660] 470
Started game 476 of 2000000 (v0.0.1 vs nnue-integration)
Finished game 470 (v0.0.1 vs nnue-integration): 1/2-1/2 {Draw by 3-fold repetition}
Score of nnue-integration vs v0.0.1: 234 - 84 - 153  [0.659] 471
Started game 477 of 2000000 (nnue-integration vs v0.0.1)
Finished game 472 (v0.0.1 vs nnue-integration): 0-1 {Black wins by adjudication}
Score of nnue-integration vs v0.0.1: 235 - 84 - 153  [0.660] 472
Started game 478 of 2000000 (v0.0.1 vs nnue-integration)
Finished game 473 (nnue-integration vs v0.0.1): 1-0 {White wins by adjudication}
Score of nnue-integration vs v0.0.1: 236 - 84 - 153  [0.661] 473
Started game 479 of 2000000 (nnue-integration vs v0.0.1)
Finished game 476 (v0.0.1 vs nnue-integration): 1/2-1/2 {Draw by 3-fold repetition}
Score of nnue-integration vs v0.0.1: 236 - 84 - 154  [0.660] 474
Started game 480 of 2000000 (v0.0.1 vs nnue-integration)
Finished game 474 (v0.0.1 vs nnue-integration): 0-1 {Black wins by adjudication}
Score of nnue-integration vs v0.0.1: 237 - 84 - 154  [0.661] 475
Started game 481 of 2000000 (nnue-integration vs v0.0.1)
Finished game 478 (v0.0.1 vs nnue-integration): 0-1 {Black wins by adjudication}
Score of nnue-integration vs v0.0.1: 238 - 84 - 154  [0.662] 476
Started game 482 of 2000000 (v0.0.1 vs nnue-integration)
Finished game 479 (nnue-integration vs v0.0.1): 1-0 {White wins by adjudication}
Score of nnue-integration vs v0.0.1: 239 - 84 - 154  [0.662] 477
Started game 483 of 2000000 (nnue-integration vs v0.0.1)
Finished game 475 (nnue-integration vs v0.0.1): 1-0 {White wins by adjudication}
Score of nnue-integration vs v0.0.1: 240 - 84 - 154  [0.663] 478
Started game 484 of 2000000 (v0.0.1 vs nnue-integration)
Finished game 477 (nnue-integration vs v0.0.1): 0-1 {Black wins by adjudication}
Score of nnue-integration vs v0.0.1: 240 - 85 - 154  [0.662] 479
Started game 485 of 2000000 (nnue-integration vs v0.0.1)
Finished game 480 (v0.0.1 vs nnue-integration): 0-1 {Black wins by adjudication}
Score of nnue-integration vs v0.0.1: 241 - 85 - 154  [0.662] 480
Started game 486 of 2000000 (v0.0.1 vs nnue-integration)
Finished game 481 (nnue-integration vs v0.0.1): 1-0 {White wins by adjudication}
Score of nnue-integration vs v0.0.1: 242 - 85 - 154  [0.663] 481
Started game 487 of 2000000 (nnue-integration vs v0.0.1)
Finished game 482 (v0.0.1 vs nnue-integration): 1-0 {White wins by adjudication}
Score of nnue-integration vs v0.0.1: 242 - 86 - 154  [0.662] 482
Started game 488 of 2000000 (v0.0.1 vs nnue-integration)
Finished game 483 (nnue-integration vs v0.0.1): 1-0 {White wins by adjudication}
Score of nnue-integration vs v0.0.1: 243 - 86 - 154  [0.663] 483
Started game 489 of 2000000 (nnue-integration vs v0.0.1)
Finished game 484 (v0.0.1 vs nnue-integration): 1/2-1/2 {Draw by 3-fold repetition}
Score of nnue-integration vs v0.0.1: 243 - 86 - 155  [0.662] 484
Started game 490 of 2000000 (v0.0.1 vs nnue-integration)
Finished game 485 (nnue-integration vs v0.0.1): 0-1 {Black mates}
Score of nnue-integration vs v0.0.1: 243 - 87 - 155  [0.661] 485
Started game 491 of 2000000 (nnue-integration vs v0.0.1)
Finished game 487 (nnue-integration vs v0.0.1): 0-1 {Black mates}
Score of nnue-integration vs v0.0.1: 243 - 88 - 155  [0.659] 486
Started game 492 of 2000000 (v0.0.1 vs nnue-integration)
Finished game 486 (v0.0.1 vs nnue-integration): 0-1 {Black wins by adjudication}
Score of nnue-integration vs v0.0.1: 244 - 88 - 155  [0.660] 487
Started game 493 of 2000000 (nnue-integration vs v0.0.1)
Finished game 489 (nnue-integration vs v0.0.1): 1/2-1/2 {Draw by 3-fold repetition}
Score of nnue-integration vs v0.0.1: 244 - 88 - 156  [0.660] 488
Started game 494 of 2000000 (v0.0.1 vs nnue-integration)
Finished game 488 (v0.0.1 vs nnue-integration): 0-1 {Black wins by adjudication}
Score of nnue-integration vs v0.0.1: 245 - 88 - 156  [0.661] 489
Started game 495 of 2000000 (nnue-integration vs v0.0.1)
Finished game 490 (v0.0.1 vs nnue-integration): 0-1 {Black wins by adjudication}
Score of nnue-integration vs v0.0.1: 246 - 88 - 156  [0.661] 490
Started game 496 of 2000000 (v0.0.1 vs nnue-integration)
Finished game 491 (nnue-integration vs v0.0.1): 1-0 {White wins by adjudication}
Score of nnue-integration vs v0.0.1: 247 - 88 - 156  [0.662] 491
Started game 497 of 2000000 (nnue-integration vs v0.0.1)
Finished game 492 (v0.0.1 vs nnue-integration): 1/2-1/2 {Draw by 3-fold repetition}
Score of nnue-integration vs v0.0.1: 247 - 88 - 157  [0.662] 492
Started game 498 of 2000000 (v0.0.1 vs nnue-integration)
Finished game 493 (nnue-integration vs v0.0.1): 1-0 {White wins by adjudication}
Score of nnue-integration vs v0.0.1: 248 - 88 - 157  [0.662] 493
Started game 499 of 2000000 (nnue-integration vs v0.0.1)
Finished game 496 (v0.0.1 vs nnue-integration): 1/2-1/2 {Draw by 3-fold repetition}
Score of nnue-integration vs v0.0.1: 248 - 88 - 158  [0.662] 494
Started game 500 of 2000000 (v0.0.1 vs nnue-integration)
Finished game 495 (nnue-integration vs v0.0.1): 0-1 {Black wins by adjudication}
Score of nnue-integration vs v0.0.1: 248 - 89 - 158  [0.661] 495
Started game 501 of 2000000 (nnue-integration vs v0.0.1)
Finished game 494 (v0.0.1 vs nnue-integration): 0-1 {Black wins by adjudication}
Score of nnue-integration vs v0.0.1: 249 - 89 - 158  [0.661] 496
Started game 502 of 2000000 (v0.0.1 vs nnue-integration)
Finished game 497 (nnue-integration vs v0.0.1): 1-0 {White wins by adjudication}
Score of nnue-integration vs v0.0.1: 250 - 89 - 158  [0.662] 497
Started game 503 of 2000000 (nnue-integration vs v0.0.1)
Finished game 502 (v0.0.1 vs nnue-integration): 1/2-1/2 {Draw by 3-fold repetition}
Score of nnue-integration vs v0.0.1: 250 - 89 - 159  [0.662] 498
Started game 504 of 2000000 (v0.0.1 vs nnue-integration)
Finished game 501 (nnue-integration vs v0.0.1): 1-0 {White wins by adjudication}
Score of nnue-integration vs v0.0.1: 251 - 89 - 159  [0.662] 499
Started game 505 of 2000000 (nnue-integration vs v0.0.1)
Finished game 498 (v0.0.1 vs nnue-integration): 1-0 {White wins by adjudication}
Score of nnue-integration vs v0.0.1: 251 - 90 - 159  [0.661] 500
Started game 506 of 2000000 (v0.0.1 vs nnue-integration)
Finished game 500 (v0.0.1 vs nnue-integration): 1/2-1/2 {Draw by 3-fold repetition}
Score of nnue-integration vs v0.0.1: 251 - 90 - 160  [0.661] 501
Started game 507 of 2000000 (nnue-integration vs v0.0.1)
Finished game 499 (nnue-integration vs v0.0.1): 1-0 {White wins by adjudication}
Score of nnue-integration vs v0.0.1: 252 - 90 - 160  [0.661] 502
Started game 508 of 2000000 (v0.0.1 vs nnue-integration)
Finished game 504 (v0.0.1 vs nnue-integration): 1-0 {White wins by adjudication}
Score of nnue-integration vs v0.0.1: 252 - 91 - 160  [0.660] 503
Started game 509 of 2000000 (nnue-integration vs v0.0.1)
Finished game 503 (nnue-integration vs v0.0.1): 1/2-1/2 {Draw by 3-fold repetition}
Score of nnue-integration vs v0.0.1: 252 - 91 - 161  [0.660] 504
Started game 510 of 2000000 (v0.0.1 vs nnue-integration)
Finished game 508 (v0.0.1 vs nnue-integration): 1-0 {White wins by adjudication}
Score of nnue-integration vs v0.0.1: 252 - 92 - 161  [0.658] 505
Started game 511 of 2000000 (nnue-integration vs v0.0.1)
Finished game 509 (nnue-integration vs v0.0.1): 0-1 {Black wins by adjudication}
Score of nnue-integration vs v0.0.1: 252 - 93 - 161  [0.657] 506
Started game 512 of 2000000 (v0.0.1 vs nnue-integration)
Finished game 505 (nnue-integration vs v0.0.1): 1-0 {White wins by adjudication}
Score of nnue-integration vs v0.0.1: 253 - 93 - 161  [0.658] 507
Started game 513 of 2000000 (nnue-integration vs v0.0.1)
Finished game 510 (v0.0.1 vs nnue-integration): 1/2-1/2 {Draw by 3-fold repetition}
Score of nnue-integration vs v0.0.1: 253 - 93 - 162  [0.657] 508
Started game 514 of 2000000 (v0.0.1 vs nnue-integration)
Finished game 507 (nnue-integration vs v0.0.1): 1/2-1/2 {Draw by 3-fold repetition}
Score of nnue-integration vs v0.0.1: 253 - 93 - 163  [0.657] 509
Started game 515 of 2000000 (nnue-integration vs v0.0.1)
Finished game 506 (v0.0.1 vs nnue-integration): 0-1 {Black wins by adjudication}
Score of nnue-integration vs v0.0.1: 254 - 93 - 163  [0.658] 510
Started game 516 of 2000000 (v0.0.1 vs nnue-integration)
Finished game 511 (nnue-integration vs v0.0.1): 1-0 {White wins by adjudication}
Score of nnue-integration vs v0.0.1: 255 - 93 - 163  [0.659] 511
Started game 517 of 2000000 (nnue-integration vs v0.0.1)
Finished game 512 (v0.0.1 vs nnue-integration): 0-1 {Black wins by adjudication}
Score of nnue-integration vs v0.0.1: 256 - 93 - 163  [0.659] 512
Started game 518 of 2000000 (v0.0.1 vs nnue-integration)
Finished game 514 (v0.0.1 vs nnue-integration): 0-1 {Black wins by adjudication}
Score of nnue-integration vs v0.0.1: 257 - 93 - 163  [0.660] 513
Started game 519 of 2000000 (nnue-integration vs v0.0.1)
Finished game 513 (nnue-integration vs v0.0.1): 1/2-1/2 {Draw by 3-fold repetition}
Score of nnue-integration vs v0.0.1: 257 - 93 - 164  [0.660] 514
Started game 520 of 2000000 (v0.0.1 vs nnue-integration)
Finished game 515 (nnue-integration vs v0.0.1): 0-1 {Black wins by adjudication}
Score of nnue-integration vs v0.0.1: 257 - 94 - 164  [0.658] 515
Started game 521 of 2000000 (nnue-integration vs v0.0.1)
Finished game 517 (nnue-integration vs v0.0.1): 0-1 {Black wins by adjudication}
Score of nnue-integration vs v0.0.1: 257 - 95 - 164  [0.657] 516
Started game 522 of 2000000 (v0.0.1 vs nnue-integration)
Finished game 519 (nnue-integration vs v0.0.1): 1-0 {White wins by adjudication}
Score of nnue-integration vs v0.0.1: 258 - 95 - 164  [0.658] 517
Started game 523 of 2000000 (nnue-integration vs v0.0.1)
Finished game 520 (v0.0.1 vs nnue-integration): 1/2-1/2 {Draw by 3-fold repetition}
Score of nnue-integration vs v0.0.1: 258 - 95 - 165  [0.657] 518
Started game 524 of 2000000 (v0.0.1 vs nnue-integration)
Finished game 516 (v0.0.1 vs nnue-integration): 1/2-1/2 {Draw by 3-fold repetition}
Score of nnue-integration vs v0.0.1: 258 - 95 - 166  [0.657] 519
Started game 525 of 2000000 (nnue-integration vs v0.0.1)
Finished game 518 (v0.0.1 vs nnue-integration): 0-1 {Black wins by adjudication}
Score of nnue-integration vs v0.0.1: 259 - 95 - 166  [0.658] 520
Started game 526 of 2000000 (v0.0.1 vs nnue-integration)
Finished game 521 (nnue-integration vs v0.0.1): 1-0 {White wins by adjudication}
Score of nnue-integration vs v0.0.1: 260 - 95 - 166  [0.658] 521
Started game 527 of 2000000 (nnue-integration vs v0.0.1)
Finished game 522 (v0.0.1 vs nnue-integration): 0-1 {Black wins by adjudication}
Score of nnue-integration vs v0.0.1: 261 - 95 - 166  [0.659] 522
Started game 528 of 2000000 (v0.0.1 vs nnue-integration)
Finished game 525 (nnue-integration vs v0.0.1): 1-0 {White wins by adjudication}
Score of nnue-integration vs v0.0.1: 262 - 95 - 166  [0.660] 523
Started game 529 of 2000000 (nnue-integration vs v0.0.1)
Finished game 523 (nnue-integration vs v0.0.1): 1-0 {White wins by adjudication}
Score of nnue-integration vs v0.0.1: 263 - 95 - 166  [0.660] 524
Started game 530 of 2000000 (v0.0.1 vs nnue-integration)
Finished game 524 (v0.0.1 vs nnue-integration): 0-1 {Black wins by adjudication}
Score of nnue-integration vs v0.0.1: 264 - 95 - 166  [0.661] 525
Started game 531 of 2000000 (nnue-integration vs v0.0.1)
Finished game 526 (v0.0.1 vs nnue-integration): 1-0 {White wins by adjudication}
Score of nnue-integration vs v0.0.1: 264 - 96 - 166  [0.660] 526
Started game 532 of 2000000 (v0.0.1 vs nnue-integration)
Finished game 527 (nnue-integration vs v0.0.1): 1/2-1/2 {Draw by 3-fold repetition}
Score of nnue-integration vs v0.0.1: 264 - 96 - 167  [0.659] 527
Started game 533 of 2000000 (nnue-integration vs v0.0.1)
Finished game 532 (v0.0.1 vs nnue-integration): 1-0 {White wins by adjudication}
Score of nnue-integration vs v0.0.1: 264 - 97 - 167  [0.658] 528
Started game 534 of 2000000 (v0.0.1 vs nnue-integration)
Finished game 528 (v0.0.1 vs nnue-integration): 1/2-1/2 {Draw by 3-fold repetition}
Score of nnue-integration vs v0.0.1: 264 - 97 - 168  [0.658] 529
Started game 535 of 2000000 (nnue-integration vs v0.0.1)
Finished game 529 (nnue-integration vs v0.0.1): 1-0 {White wins by adjudication}
Score of nnue-integration vs v0.0.1: 265 - 97 - 168  [0.658] 530
Started game 536 of 2000000 (v0.0.1 vs nnue-integration)
Finished game 531 (nnue-integration vs v0.0.1): 1/2-1/2 {Draw by 3-fold repetition}
Score of nnue-integration vs v0.0.1: 265 - 97 - 169  [0.658] 531
Started game 537 of 2000000 (nnue-integration vs v0.0.1)
Finished game 530 (v0.0.1 vs nnue-integration): 1/2-1/2 {Draw by 3-fold repetition}
Score of nnue-integration vs v0.0.1: 265 - 97 - 170  [0.658] 532
Started game 538 of 2000000 (v0.0.1 vs nnue-integration)
Finished game 533 (nnue-integration vs v0.0.1): 1-0 {White wins by adjudication}
Score of nnue-integration vs v0.0.1: 266 - 97 - 170  [0.659] 533
Started game 539 of 2000000 (nnue-integration vs v0.0.1)
Finished game 534 (v0.0.1 vs nnue-integration): 1/2-1/2 {Draw by 3-fold repetition}
Score of nnue-integration vs v0.0.1: 266 - 97 - 171  [0.658] 534
Started game 540 of 2000000 (v0.0.1 vs nnue-integration)
Finished game 535 (nnue-integration vs v0.0.1): 1-0 {White mates}
Score of nnue-integration vs v0.0.1: 267 - 97 - 171  [0.659] 535
Started game 541 of 2000000 (nnue-integration vs v0.0.1)
Finished game 537 (nnue-integration vs v0.0.1): 1-0 {White wins by adjudication}
Score of nnue-integration vs v0.0.1: 268 - 97 - 171  [0.660] 536
Started game 542 of 2000000 (v0.0.1 vs nnue-integration)
Finished game 536 (v0.0.1 vs nnue-integration): 0-1 {Black wins by adjudication}
Score of nnue-integration vs v0.0.1: 269 - 97 - 171  [0.660] 537
Started game 543 of 2000000 (nnue-integration vs v0.0.1)
Finished game 539 (nnue-integration vs v0.0.1): 1-0 {White wins by adjudication}
Score of nnue-integration vs v0.0.1: 270 - 97 - 171  [0.661] 538
Started game 544 of 2000000 (v0.0.1 vs nnue-integration)
Finished game 538 (v0.0.1 vs nnue-integration): 0-1 {Black wins by adjudication}
Score of nnue-integration vs v0.0.1: 271 - 97 - 171  [0.661] 539
Started game 545 of 2000000 (nnue-integration vs v0.0.1)
Finished game 540 (v0.0.1 vs nnue-integration): 1/2-1/2 {Draw by 3-fold repetition}
Score of nnue-integration vs v0.0.1: 271 - 97 - 172  [0.661] 540
Started game 546 of 2000000 (v0.0.1 vs nnue-integration)
Finished game 541 (nnue-integration vs v0.0.1): 1/2-1/2 {Draw by 3-fold repetition}
Score of nnue-integration vs v0.0.1: 271 - 97 - 173  [0.661] 541
Started game 547 of 2000000 (nnue-integration vs v0.0.1)
Finished game 543 (nnue-integration vs v0.0.1): 1-0 {White wins by adjudication}
Score of nnue-integration vs v0.0.1: 272 - 97 - 173  [0.661] 542
Started game 548 of 2000000 (v0.0.1 vs nnue-integration)
Finished game 542 (v0.0.1 vs nnue-integration): 1-0 {White wins by adjudication}
Score of nnue-integration vs v0.0.1: 272 - 98 - 173  [0.660] 543
Started game 549 of 2000000 (nnue-integration vs v0.0.1)
Finished game 546 (v0.0.1 vs nnue-integration): 0-1 {Black wins by adjudication}
Score of nnue-integration vs v0.0.1: 273 - 98 - 173  [0.661] 544
Started game 550 of 2000000 (v0.0.1 vs nnue-integration)
Finished game 544 (v0.0.1 vs nnue-integration): 1/2-1/2 {Draw by 3-fold repetition}
Score of nnue-integration vs v0.0.1: 273 - 98 - 174  [0.661] 545
Started game 551 of 2000000 (nnue-integration vs v0.0.1)
Finished game 545 (nnue-integration vs v0.0.1): 0-1 {Black wins by adjudication}
Score of nnue-integration vs v0.0.1: 273 - 99 - 174  [0.659] 546
Started game 552 of 2000000 (v0.0.1 vs nnue-integration)
Finished game 549 (nnue-integration vs v0.0.1): 0-1 {Black wins by adjudication}
Score of nnue-integration vs v0.0.1: 273 - 100 - 174  [0.658] 547
Started game 553 of 2000000 (nnue-integration vs v0.0.1)
Finished game 548 (v0.0.1 vs nnue-integration): 1-0 {White wins by adjudication}
Score of nnue-integration vs v0.0.1: 273 - 101 - 174  [0.657] 548
Started game 554 of 2000000 (v0.0.1 vs nnue-integration)
Finished game 550 (v0.0.1 vs nnue-integration): 0-1 {Black mates}
Score of nnue-integration vs v0.0.1: 274 - 101 - 174  [0.658] 549
Started game 555 of 2000000 (nnue-integration vs v0.0.1)
Finished game 547 (nnue-integration vs v0.0.1): 1/2-1/2 {Draw by 3-fold repetition}
Score of nnue-integration vs v0.0.1: 274 - 101 - 175  [0.657] 550
Started game 556 of 2000000 (v0.0.1 vs nnue-integration)
Finished game 551 (nnue-integration vs v0.0.1): 1/2-1/2 {Draw by 3-fold repetition}
Score of nnue-integration vs v0.0.1: 274 - 101 - 176  [0.657] 551
Started game 557 of 2000000 (nnue-integration vs v0.0.1)
Finished game 552 (v0.0.1 vs nnue-integration): 1/2-1/2 {Draw by 3-fold repetition}
Score of nnue-integration vs v0.0.1: 274 - 101 - 177  [0.657] 552
Started game 558 of 2000000 (v0.0.1 vs nnue-integration)
Finished game 554 (v0.0.1 vs nnue-integration): 0-1 {Black wins by adjudication}
Score of nnue-integration vs v0.0.1: 275 - 101 - 177  [0.657] 553
Started game 559 of 2000000 (nnue-integration vs v0.0.1)
Finished game 553 (nnue-integration vs v0.0.1): 1-0 {White wins by adjudication}
Score of nnue-integration vs v0.0.1: 276 - 101 - 177  [0.658] 554
Started game 560 of 2000000 (v0.0.1 vs nnue-integration)
Finished game 555 (nnue-integration vs v0.0.1): 1-0 {White wins by adjudication}
Score of nnue-integration vs v0.0.1: 277 - 101 - 177  [0.659] 555
Started game 561 of 2000000 (nnue-integration vs v0.0.1)
Finished game 556 (v0.0.1 vs nnue-integration): 1/2-1/2 {Draw by 3-fold repetition}
Score of nnue-integration vs v0.0.1: 277 - 101 - 178  [0.658] 556
Started game 562 of 2000000 (v0.0.1 vs nnue-integration)
Finished game 557 (nnue-integration vs v0.0.1): 1-0 {White mates}
Score of nnue-integration vs v0.0.1: 278 - 101 - 178  [0.659] 557
Started game 563 of 2000000 (nnue-integration vs v0.0.1)
Finished game 558 (v0.0.1 vs nnue-integration): 1-0 {White wins by adjudication}
Score of nnue-integration vs v0.0.1: 278 - 102 - 178  [0.658] 558
Started game 564 of 2000000 (v0.0.1 vs nnue-integration)
Finished game 559 (nnue-integration vs v0.0.1): 1/2-1/2 {Draw by 3-fold repetition}
Score of nnue-integration vs v0.0.1: 278 - 102 - 179  [0.657] 559
Started game 565 of 2000000 (nnue-integration vs v0.0.1)
Finished game 561 (nnue-integration vs v0.0.1): 1-0 {White wins by adjudication}
Score of nnue-integration vs v0.0.1: 279 - 102 - 179  [0.658] 560
Started game 566 of 2000000 (v0.0.1 vs nnue-integration)
Finished game 560 (v0.0.1 vs nnue-integration): 0-1 {Black wins by adjudication}
Score of nnue-integration vs v0.0.1: 280 - 102 - 179  [0.659] 561
Started game 567 of 2000000 (nnue-integration vs v0.0.1)
Finished game 564 (v0.0.1 vs nnue-integration): 1/2-1/2 {Draw by 3-fold repetition}
Score of nnue-integration vs v0.0.1: 280 - 102 - 180  [0.658] 562
Started game 568 of 2000000 (v0.0.1 vs nnue-integration)
Finished game 565 (nnue-integration vs v0.0.1): 1-0 {White wins by adjudication}
Score of nnue-integration vs v0.0.1: 281 - 102 - 180  [0.659] 563
Started game 569 of 2000000 (nnue-integration vs v0.0.1)
Finished game 562 (v0.0.1 vs nnue-integration): 1/2-1/2 {Draw by 3-fold repetition}
Score of nnue-integration vs v0.0.1: 281 - 102 - 181  [0.659] 564
Started game 570 of 2000000 (v0.0.1 vs nnue-integration)
Finished game 563 (nnue-integration vs v0.0.1): 1-0 {White wins by adjudication}
Score of nnue-integration vs v0.0.1: 282 - 102 - 181  [0.659] 565
Started game 571 of 2000000 (nnue-integration vs v0.0.1)
Finished game 567 (nnue-integration vs v0.0.1): 1-0 {White mates}
Score of nnue-integration vs v0.0.1: 283 - 102 - 181  [0.660] 566
Started game 572 of 2000000 (v0.0.1 vs nnue-integration)
Finished game 566 (v0.0.1 vs nnue-integration): 0-1 {Black wins by adjudication}
Score of nnue-integration vs v0.0.1: 284 - 102 - 181  [0.660] 567
Started game 573 of 2000000 (nnue-integration vs v0.0.1)
Finished game 568 (v0.0.1 vs nnue-integration): 0-1 {Black wins by adjudication}
Score of nnue-integration vs v0.0.1: 285 - 102 - 181  [0.661] 568
Started game 574 of 2000000 (v0.0.1 vs nnue-integration)
Finished game 570 (v0.0.1 vs nnue-integration): 0-1 {Black wins by adjudication}
Score of nnue-integration vs v0.0.1: 286 - 102 - 181  [0.662] 569
Started game 575 of 2000000 (nnue-integration vs v0.0.1)
Finished game 571 (nnue-integration vs v0.0.1): 0-1 {Black wins by adjudication}
Score of nnue-integration vs v0.0.1: 286 - 103 - 181  [0.661] 570
Started game 576 of 2000000 (v0.0.1 vs nnue-integration)
Finished game 569 (nnue-integration vs v0.0.1): 1/2-1/2 {Draw by 3-fold repetition}
Score of nnue-integration vs v0.0.1: 286 - 103 - 182  [0.660] 571
Started game 577 of 2000000 (nnue-integration vs v0.0.1)
Finished game 575 (nnue-integration vs v0.0.1): 1-0 {White wins by adjudication}
Score of nnue-integration vs v0.0.1: 287 - 103 - 182  [0.661] 572
Started game 578 of 2000000 (v0.0.1 vs nnue-integration)
Finished game 577 (nnue-integration vs v0.0.1): 1-0 {White wins by adjudication}
Score of nnue-integration vs v0.0.1: 288 - 103 - 182  [0.661] 573
Started game 579 of 2000000 (nnue-integration vs v0.0.1)
Finished game 572 (v0.0.1 vs nnue-integration): 1/2-1/2 {Draw by 3-fold repetition}
Score of nnue-integration vs v0.0.1: 288 - 103 - 183  [0.661] 574
Started game 580 of 2000000 (v0.0.1 vs nnue-integration)
Finished game 573 (nnue-integration vs v0.0.1): 0-1 {Black wins by adjudication}
Score of nnue-integration vs v0.0.1: 288 - 104 - 183  [0.660] 575
Started game 581 of 2000000 (nnue-integration vs v0.0.1)
Finished game 574 (v0.0.1 vs nnue-integration): 0-1 {Black wins by adjudication}
Score of nnue-integration vs v0.0.1: 289 - 104 - 183  [0.661] 576
Started game 582 of 2000000 (v0.0.1 vs nnue-integration)
Finished game 576 (v0.0.1 vs nnue-integration): 0-1 {Black wins by adjudication}
Score of nnue-integration vs v0.0.1: 290 - 104 - 183  [0.661] 577
Started game 583 of 2000000 (nnue-integration vs v0.0.1)
Finished game 579 (nnue-integration vs v0.0.1): 1-0 {White wins by adjudication}
Score of nnue-integration vs v0.0.1: 291 - 104 - 183  [0.662] 578
Started game 584 of 2000000 (v0.0.1 vs nnue-integration)
Finished game 578 (v0.0.1 vs nnue-integration): 1-0 {White mates}
Score of nnue-integration vs v0.0.1: 291 - 105 - 183  [0.661] 579
Started game 585 of 2000000 (nnue-integration vs v0.0.1)
Finished game 580 (v0.0.1 vs nnue-integration): 1/2-1/2 {Draw by 3-fold repetition}
Score of nnue-integration vs v0.0.1: 291 - 105 - 184  [0.660] 580
Started game 586 of 2000000 (v0.0.1 vs nnue-integration)
Finished game 581 (nnue-integration vs v0.0.1): 1-0 {White wins by adjudication}
Score of nnue-integration vs v0.0.1: 292 - 105 - 184  [0.661] 581
Started game 587 of 2000000 (nnue-integration vs v0.0.1)
Finished game 582 (v0.0.1 vs nnue-integration): 1-0 {White wins by adjudication}
Score of nnue-integration vs v0.0.1: 292 - 106 - 184  [0.660] 582
Started game 588 of 2000000 (v0.0.1 vs nnue-integration)
Finished game 583 (nnue-integration vs v0.0.1): 1-0 {White wins by adjudication}
Score of nnue-integration vs v0.0.1: 293 - 106 - 184  [0.660] 583
Started game 589 of 2000000 (nnue-integration vs v0.0.1)
Finished game 584 (v0.0.1 vs nnue-integration): 1/2-1/2 {Draw by 3-fold repetition}
Score of nnue-integration vs v0.0.1: 293 - 106 - 185  [0.660] 584
Started game 590 of 2000000 (v0.0.1 vs nnue-integration)
Finished game 586 (v0.0.1 vs nnue-integration): 1-0 {White wins by adjudication}
Score of nnue-integration vs v0.0.1: 293 - 107 - 185  [0.659] 585
Started game 591 of 2000000 (nnue-integration vs v0.0.1)
Finished game 587 (nnue-integration vs v0.0.1): 1-0 {White wins by adjudication}
Score of nnue-integration vs v0.0.1: 294 - 107 - 185  [0.660] 586
Started game 592 of 2000000 (v0.0.1 vs nnue-integration)
Finished game 588 (v0.0.1 vs nnue-integration): 1/2-1/2 {Draw by 3-fold repetition}
Score of nnue-integration vs v0.0.1: 294 - 107 - 186  [0.659] 587
Started game 593 of 2000000 (nnue-integration vs v0.0.1)
Finished game 585 (nnue-integration vs v0.0.1): 0-1 {Black wins by adjudication}
Score of nnue-integration vs v0.0.1: 294 - 108 - 186  [0.658] 588
Started game 594 of 2000000 (v0.0.1 vs nnue-integration)
Finished game 591 (nnue-integration vs v0.0.1): 1-0 {White wins by adjudication}
Score of nnue-integration vs v0.0.1: 295 - 108 - 186  [0.659] 589
Started game 595 of 2000000 (nnue-integration vs v0.0.1)
Finished game 589 (nnue-integration vs v0.0.1): 1/2-1/2 {Draw by 3-fold repetition}
Score of nnue-integration vs v0.0.1: 295 - 108 - 187  [0.658] 590
Started game 596 of 2000000 (v0.0.1 vs nnue-integration)
Finished game 590 (v0.0.1 vs nnue-integration): 1/2-1/2 {Draw by 3-fold repetition}
Score of nnue-integration vs v0.0.1: 295 - 108 - 188  [0.658] 591
Started game 597 of 2000000 (nnue-integration vs v0.0.1)
Finished game 594 (v0.0.1 vs nnue-integration): 0-1 {Black wins by adjudication}
Score of nnue-integration vs v0.0.1: 296 - 108 - 188  [0.659] 592
Started game 598 of 2000000 (v0.0.1 vs nnue-integration)
Finished game 592 (v0.0.1 vs nnue-integration): 0-1 {Black wins by adjudication}
Score of nnue-integration vs v0.0.1: 297 - 108 - 188  [0.659] 593
Started game 599 of 2000000 (nnue-integration vs v0.0.1)
Finished game 595 (nnue-integration vs v0.0.1): 1/2-1/2 {Draw by 3-fold repetition}
Score of nnue-integration vs v0.0.1: 297 - 108 - 189  [0.659] 594
Started game 600 of 2000000 (v0.0.1 vs nnue-integration)
Finished game 593 (nnue-integration vs v0.0.1): 1-0 {White wins by adjudication}
Score of nnue-integration vs v0.0.1: 298 - 108 - 189  [0.660] 595
Started game 601 of 2000000 (nnue-integration vs v0.0.1)
Finished game 597 (nnue-integration vs v0.0.1): 1-0 {White wins by adjudication}
Score of nnue-integration vs v0.0.1: 299 - 108 - 189  [0.660] 596
Started game 602 of 2000000 (v0.0.1 vs nnue-integration)
Finished game 598 (v0.0.1 vs nnue-integration): 1/2-1/2 {Draw by 3-fold repetition}
Score of nnue-integration vs v0.0.1: 299 - 108 - 190  [0.660] 597
Started game 603 of 2000000 (nnue-integration vs v0.0.1)
Finished game 602 (v0.0.1 vs nnue-integration): 1/2-1/2 {Draw by 3-fold repetition}
Score of nnue-integration vs v0.0.1: 299 - 108 - 191  [0.660] 598
Started game 604 of 2000000 (v0.0.1 vs nnue-integration)
Finished game 601 (nnue-integration vs v0.0.1): 1-0 {White wins by adjudication}
Score of nnue-integration vs v0.0.1: 300 - 108 - 191  [0.660] 599
Started game 605 of 2000000 (nnue-integration vs v0.0.1)
Finished game 596 (v0.0.1 vs nnue-integration): 1-0 {White wins by adjudication}
Score of nnue-integration vs v0.0.1: 300 - 109 - 191  [0.659] 600
Started game 606 of 2000000 (v0.0.1 vs nnue-integration)
Finished game 603 (nnue-integration vs v0.0.1): 1/2-1/2 {Draw by 3-fold repetition}
Score of nnue-integration vs v0.0.1: 300 - 109 - 192  [0.659] 601
Started game 607 of 2000000 (nnue-integration vs v0.0.1)
Finished game 599 (nnue-integration vs v0.0.1): 0-1 {Black wins by adjudication}
Score of nnue-integration vs v0.0.1: 300 - 110 - 192  [0.658] 602
Started game 608 of 2000000 (v0.0.1 vs nnue-integration)
Finished game 600 (v0.0.1 vs nnue-integration): 0-1 {Black wins by adjudication}
Score of nnue-integration vs v0.0.1: 301 - 110 - 192  [0.658] 603
Started game 609 of 2000000 (nnue-integration vs v0.0.1)
Finished game 605 (nnue-integration vs v0.0.1): 1-0 {White wins by adjudication}
Score of nnue-integration vs v0.0.1: 302 - 110 - 192  [0.659] 604
Started game 610 of 2000000 (v0.0.1 vs nnue-integration)
Finished game 607 (nnue-integration vs v0.0.1): 1-0 {White wins by adjudication}
Score of nnue-integration vs v0.0.1: 303 - 110 - 192  [0.660] 605
Started game 611 of 2000000 (nnue-integration vs v0.0.1)
Finished game 606 (v0.0.1 vs nnue-integration): 1/2-1/2 {Draw by 3-fold repetition}
Score of nnue-integration vs v0.0.1: 303 - 110 - 193  [0.659] 606
Started game 612 of 2000000 (v0.0.1 vs nnue-integration)
Finished game 608 (v0.0.1 vs nnue-integration): 0-1 {Black wins by adjudication}
Score of nnue-integration vs v0.0.1: 304 - 110 - 193  [0.660] 607
Started game 613 of 2000000 (nnue-integration vs v0.0.1)
Finished game 604 (v0.0.1 vs nnue-integration): 0-1 {Black wins by adjudication}
Score of nnue-integration vs v0.0.1: 305 - 110 - 193  [0.660] 608
Started game 614 of 2000000 (v0.0.1 vs nnue-integration)
Finished game 609 (nnue-integration vs v0.0.1): 1-0 {White wins by adjudication}
Score of nnue-integration vs v0.0.1: 306 - 110 - 193  [0.661] 609
Started game 615 of 2000000 (nnue-integration vs v0.0.1)
Finished game 611 (nnue-integration vs v0.0.1): 1-0 {White wins by adjudication}
Score of nnue-integration vs v0.0.1: 307 - 110 - 193  [0.661] 610
Started game 616 of 2000000 (v0.0.1 vs nnue-integration)
Finished game 610 (v0.0.1 vs nnue-integration): 1/2-1/2 {Draw by 3-fold repetition}
Score of nnue-integration vs v0.0.1: 307 - 110 - 194  [0.661] 611
Started game 617 of 2000000 (nnue-integration vs v0.0.1)
Finished game 612 (v0.0.1 vs nnue-integration): 1/2-1/2 {Draw by 3-fold repetition}
Score of nnue-integration vs v0.0.1: 307 - 110 - 195  [0.661] 612
Started game 618 of 2000000 (v0.0.1 vs nnue-integration)
Finished game 615 (nnue-integration vs v0.0.1): 1-0 {White wins by adjudication}
Score of nnue-integration vs v0.0.1: 308 - 110 - 195  [0.662] 613
Started game 619 of 2000000 (nnue-integration vs v0.0.1)
Finished game 613 (nnue-integration vs v0.0.1): 1/2-1/2 {Draw by 3-fold repetition}
Score of nnue-integration vs v0.0.1: 308 - 110 - 196  [0.661] 614
Started game 620 of 2000000 (v0.0.1 vs nnue-integration)
Finished game 616 (v0.0.1 vs nnue-integration): 0-1 {Black wins by adjudication}
Score of nnue-integration vs v0.0.1: 309 - 110 - 196  [0.662] 615
Started game 621 of 2000000 (nnue-integration vs v0.0.1)
Finished game 614 (v0.0.1 vs nnue-integration): 1/2-1/2 {Draw by 3-fold repetition}
Score of nnue-integration vs v0.0.1: 309 - 110 - 197  [0.662] 616
Started game 622 of 2000000 (v0.0.1 vs nnue-integration)
Finished game 617 (nnue-integration vs v0.0.1): 1/2-1/2 {Draw by 3-fold repetition}
Score of nnue-integration vs v0.0.1: 309 - 110 - 198  [0.661] 617
Started game 623 of 2000000 (nnue-integration vs v0.0.1)
Finished game 618 (v0.0.1 vs nnue-integration): 0-1 {Black wins by adjudication}
Score of nnue-integration vs v0.0.1: 310 - 110 - 198  [0.662] 618
Started game 624 of 2000000 (v0.0.1 vs nnue-integration)
Finished game 619 (nnue-integration vs v0.0.1): 1-0 {White wins by adjudication}
Score of nnue-integration vs v0.0.1: 311 - 110 - 198  [0.662] 619
Started game 625 of 2000000 (nnue-integration vs v0.0.1)
Finished game 621 (nnue-integration vs v0.0.1): 1-0 {White wins by adjudication}
Score of nnue-integration vs v0.0.1: 312 - 110 - 198  [0.663] 620
Started game 626 of 2000000 (v0.0.1 vs nnue-integration)
Finished game 620 (v0.0.1 vs nnue-integration): 1-0 {White wins by adjudication}
Score of nnue-integration vs v0.0.1: 312 - 111 - 198  [0.662] 621
Started game 627 of 2000000 (nnue-integration vs v0.0.1)
Finished game 622 (v0.0.1 vs nnue-integration): 0-1 {Black wins by adjudication}
Score of nnue-integration vs v0.0.1: 313 - 111 - 198  [0.662] 622
Started game 628 of 2000000 (v0.0.1 vs nnue-integration)
Finished game 626 (v0.0.1 vs nnue-integration): 0-1 {Black wins by adjudication}
Score of nnue-integration vs v0.0.1: 314 - 111 - 198  [0.663] 623
Started game 629 of 2000000 (nnue-integration vs v0.0.1)
Finished game 625 (nnue-integration vs v0.0.1): 1-0 {White wins by adjudication}
Score of nnue-integration vs v0.0.1: 315 - 111 - 198  [0.663] 624
Started game 630 of 2000000 (v0.0.1 vs nnue-integration)
Finished game 624 (v0.0.1 vs nnue-integration): 0-1 {Black wins by adjudication}
Score of nnue-integration vs v0.0.1: 316 - 111 - 198  [0.664] 625
Started game 631 of 2000000 (nnue-integration vs v0.0.1)
Finished game 623 (nnue-integration vs v0.0.1): 1/2-1/2 {Draw by 3-fold repetition}
Score of nnue-integration vs v0.0.1: 316 - 111 - 199  [0.664] 626
Started game 632 of 2000000 (v0.0.1 vs nnue-integration)
Finished game 627 (nnue-integration vs v0.0.1): 0-1 {Black wins by adjudication}
Score of nnue-integration vs v0.0.1: 316 - 112 - 199  [0.663] 627
Started game 633 of 2000000 (nnue-integration vs v0.0.1)
Finished game 628 (v0.0.1 vs nnue-integration): 1-0 {White wins by adjudication}
Score of nnue-integration vs v0.0.1: 316 - 113 - 199  [0.662] 628
Started game 634 of 2000000 (v0.0.1 vs nnue-integration)
Finished game 629 (nnue-integration vs v0.0.1): 1-0 {White wins by adjudication}
Score of nnue-integration vs v0.0.1: 317 - 113 - 199  [0.662] 629
Started game 635 of 2000000 (nnue-integration vs v0.0.1)
Finished game 632 (v0.0.1 vs nnue-integration): 0-1 {Black wins by adjudication}
Score of nnue-integration vs v0.0.1: 318 - 113 - 199  [0.663] 630
Started game 636 of 2000000 (v0.0.1 vs nnue-integration)
Finished game 630 (v0.0.1 vs nnue-integration): 1/2-1/2 {Draw by 3-fold repetition}
Score of nnue-integration vs v0.0.1: 318 - 113 - 200  [0.662] 631
Started game 637 of 2000000 (nnue-integration vs v0.0.1)
Finished game 633 (nnue-integration vs v0.0.1): 1-0 {White wins by adjudication}
Score of nnue-integration vs v0.0.1: 319 - 113 - 200  [0.663] 632
Started game 638 of 2000000 (v0.0.1 vs nnue-integration)
Finished game 634 (v0.0.1 vs nnue-integration): 0-1 {Black wins by adjudication}
Score of nnue-integration vs v0.0.1: 320 - 113 - 200  [0.664] 633
Started game 639 of 2000000 (nnue-integration vs v0.0.1)
Finished game 635 (nnue-integration vs v0.0.1): 1-0 {White wins by adjudication}
Score of nnue-integration vs v0.0.1: 321 - 113 - 200  [0.664] 634
Started game 640 of 2000000 (v0.0.1 vs nnue-integration)
Finished game 631 (nnue-integration vs v0.0.1): 1-0 {White wins by adjudication}
Score of nnue-integration vs v0.0.1: 322 - 113 - 200  [0.665] 635
Started game 641 of 2000000 (nnue-integration vs v0.0.1)
Finished game 637 (nnue-integration vs v0.0.1): 0-1 {Black mates}
Score of nnue-integration vs v0.0.1: 322 - 114 - 200  [0.664] 636
Started game 642 of 2000000 (v0.0.1 vs nnue-integration)
Finished game 636 (v0.0.1 vs nnue-integration): 1-0 {White wins by adjudication}
Score of nnue-integration vs v0.0.1: 322 - 115 - 200  [0.662] 637
Started game 643 of 2000000 (nnue-integration vs v0.0.1)
Finished game 642 (v0.0.1 vs nnue-integration): 1-0 {White mates}
Score of nnue-integration vs v0.0.1: 322 - 116 - 200  [0.661] 638
Started game 644 of 2000000 (v0.0.1 vs nnue-integration)
Finished game 641 (nnue-integration vs v0.0.1): 1-0 {White wins by adjudication}
Score of nnue-integration vs v0.0.1: 323 - 116 - 200  [0.662] 639
Started game 645 of 2000000 (nnue-integration vs v0.0.1)
Finished game 639 (nnue-integration vs v0.0.1): 1/2-1/2 {Draw by 3-fold repetition}
Score of nnue-integration vs v0.0.1: 323 - 116 - 201  [0.662] 640
Started game 646 of 2000000 (v0.0.1 vs nnue-integration)
Finished game 638 (v0.0.1 vs nnue-integration): 1-0 {White wins by adjudication}
Score of nnue-integration vs v0.0.1: 323 - 117 - 201  [0.661] 641
Started game 647 of 2000000 (nnue-integration vs v0.0.1)
Finished game 640 (v0.0.1 vs nnue-integration): 1-0 {White wins by adjudication}
Score of nnue-integration vs v0.0.1: 323 - 118 - 201  [0.660] 642
Started game 648 of 2000000 (v0.0.1 vs nnue-integration)
Finished game 643 (nnue-integration vs v0.0.1): 1-0 {White wins by adjudication}
Score of nnue-integration vs v0.0.1: 324 - 118 - 201  [0.660] 643
Started game 649 of 2000000 (nnue-integration vs v0.0.1)
Finished game 645 (nnue-integration vs v0.0.1): 1/2-1/2 {Draw by 3-fold repetition}
Score of nnue-integration vs v0.0.1: 324 - 118 - 202  [0.660] 644
Started game 650 of 2000000 (v0.0.1 vs nnue-integration)
Finished game 644 (v0.0.1 vs nnue-integration): 0-1 {Black wins by adjudication}
Score of nnue-integration vs v0.0.1: 325 - 118 - 202  [0.660] 645
Started game 651 of 2000000 (nnue-integration vs v0.0.1)
Finished game 647 (nnue-integration vs v0.0.1): 1-0 {White wins by adjudication}
Score of nnue-integration vs v0.0.1: 326 - 118 - 202  [0.661] 646
Started game 652 of 2000000 (v0.0.1 vs nnue-integration)
Finished game 648 (v0.0.1 vs nnue-integration): 1/2-1/2 {Draw by 3-fold repetition}
Score of nnue-integration vs v0.0.1: 326 - 118 - 203  [0.661] 647
Started game 653 of 2000000 (nnue-integration vs v0.0.1)
Finished game 646 (v0.0.1 vs nnue-integration): 1-0 {White wins by adjudication}
Score of nnue-integration vs v0.0.1: 326 - 119 - 203  [0.660] 648
Started game 654 of 2000000 (v0.0.1 vs nnue-integration)
Finished game 649 (nnue-integration vs v0.0.1): 1/2-1/2 {Draw by 3-fold repetition}
Score of nnue-integration vs v0.0.1: 326 - 119 - 204  [0.659] 649
Started game 655 of 2000000 (nnue-integration vs v0.0.1)
Finished game 653 (nnue-integration vs v0.0.1): 1-0 {White wins by adjudication}
Score of nnue-integration vs v0.0.1: 327 - 119 - 204  [0.660] 650
Started game 656 of 2000000 (v0.0.1 vs nnue-integration)
Finished game 651 (nnue-integration vs v0.0.1): 1-0 {White wins by adjudication}
Score of nnue-integration vs v0.0.1: 328 - 119 - 204  [0.661] 651
Started game 657 of 2000000 (nnue-integration vs v0.0.1)
Finished game 650 (v0.0.1 vs nnue-integration): 1-0 {White wins by adjudication}
Score of nnue-integration vs v0.0.1: 328 - 120 - 204  [0.660] 652
Started game 658 of 2000000 (v0.0.1 vs nnue-integration)
Finished game 652 (v0.0.1 vs nnue-integration): 1/2-1/2 {Draw by 3-fold repetition}
Score of nnue-integration vs v0.0.1: 328 - 120 - 205  [0.659] 653
Started game 659 of 2000000 (nnue-integration vs v0.0.1)
Finished game 655 (nnue-integration vs v0.0.1): 1/2-1/2 {Draw by 3-fold repetition}
Score of nnue-integration vs v0.0.1: 328 - 120 - 206  [0.659] 654
Started game 660 of 2000000 (v0.0.1 vs nnue-integration)
Finished game 657 (nnue-integration vs v0.0.1): 1/2-1/2 {Draw by 3-fold repetition}
Score of nnue-integration vs v0.0.1: 328 - 120 - 207  [0.659] 655
Started game 661 of 2000000 (nnue-integration vs v0.0.1)
Finished game 654 (v0.0.1 vs nnue-integration): 1/2-1/2 {Draw by 3-fold repetition}
Score of nnue-integration vs v0.0.1: 328 - 120 - 208  [0.659] 656
Started game 662 of 2000000 (v0.0.1 vs nnue-integration)
Finished game 656 (v0.0.1 vs nnue-integration): 0-1 {Black wins by adjudication}
Score of nnue-integration vs v0.0.1: 329 - 120 - 208  [0.659] 657
Started game 663 of 2000000 (nnue-integration vs v0.0.1)
Finished game 659 (nnue-integration vs v0.0.1): 1/2-1/2 {Draw by 3-fold repetition}
Score of nnue-integration vs v0.0.1: 329 - 120 - 209  [0.659] 658
Started game 664 of 2000000 (v0.0.1 vs nnue-integration)
Finished game 658 (v0.0.1 vs nnue-integration): 0-1 {Black mates}
Score of nnue-integration vs v0.0.1: 330 - 120 - 209  [0.659] 659
Started game 665 of 2000000 (nnue-integration vs v0.0.1)
Finished game 661 (nnue-integration vs v0.0.1): 0-1 {Black wins by adjudication}
Score of nnue-integration vs v0.0.1: 330 - 121 - 209  [0.658] 660
Started game 666 of 2000000 (v0.0.1 vs nnue-integration)
Finished game 662 (v0.0.1 vs nnue-integration): 0-1 {Black wins by adjudication}
Score of nnue-integration vs v0.0.1: 331 - 121 - 209  [0.659] 661
Started game 667 of 2000000 (nnue-integration vs v0.0.1)
Finished game 660 (v0.0.1 vs nnue-integration): 1-0 {White wins by adjudication}
Score of nnue-integration vs v0.0.1: 331 - 122 - 209  [0.658] 662
Started game 668 of 2000000 (v0.0.1 vs nnue-integration)
Finished game 663 (nnue-integration vs v0.0.1): 0-1 {Black wins by adjudication}
Score of nnue-integration vs v0.0.1: 331 - 123 - 209  [0.657] 663
Started game 669 of 2000000 (nnue-integration vs v0.0.1)
Finished game 665 (nnue-integration vs v0.0.1): 1/2-1/2 {Draw by 3-fold repetition}
Score of nnue-integration vs v0.0.1: 331 - 123 - 210  [0.657] 664
Started game 670 of 2000000 (v0.0.1 vs nnue-integration)
Finished game 664 (v0.0.1 vs nnue-integration): 0-1 {Black mates}
Score of nnue-integration vs v0.0.1: 332 - 123 - 210  [0.657] 665
Started game 671 of 2000000 (nnue-integration vs v0.0.1)
Finished game 670 (v0.0.1 vs nnue-integration): 0-1 {Black wins by adjudication}
Score of nnue-integration vs v0.0.1: 333 - 123 - 210  [0.658] 666
Started game 672 of 2000000 (v0.0.1 vs nnue-integration)
Finished game 669 (nnue-integration vs v0.0.1): 1-0 {White wins by adjudication}
Score of nnue-integration vs v0.0.1: 334 - 123 - 210  [0.658] 667
Started game 673 of 2000000 (nnue-integration vs v0.0.1)
Finished game 667 (nnue-integration vs v0.0.1): 1/2-1/2 {Draw by 3-fold repetition}
Score of nnue-integration vs v0.0.1: 334 - 123 - 211  [0.658] 668
Started game 674 of 2000000 (v0.0.1 vs nnue-integration)
Finished game 666 (v0.0.1 vs nnue-integration): 0-1 {Black wins by adjudication}
Score of nnue-integration vs v0.0.1: 335 - 123 - 211  [0.658] 669
Started game 675 of 2000000 (nnue-integration vs v0.0.1)
Finished game 668 (v0.0.1 vs nnue-integration): 1/2-1/2 {Draw by 3-fold repetition}
Score of nnue-integration vs v0.0.1: 335 - 123 - 212  [0.658] 670
Started game 676 of 2000000 (v0.0.1 vs nnue-integration)
Finished game 671 (nnue-integration vs v0.0.1): 0-1 {Black wins by adjudication}
Score of nnue-integration vs v0.0.1: 335 - 124 - 212  [0.657] 671
Started game 677 of 2000000 (nnue-integration vs v0.0.1)
Finished game 672 (v0.0.1 vs nnue-integration): 1/2-1/2 {Draw by 3-fold repetition}
Score of nnue-integration vs v0.0.1: 335 - 124 - 213  [0.657] 672
Started game 678 of 2000000 (v0.0.1 vs nnue-integration)
Finished game 677 (nnue-integration vs v0.0.1): 1-0 {White wins by adjudication}
Score of nnue-integration vs v0.0.1: 336 - 124 - 213  [0.658] 673
Started game 679 of 2000000 (nnue-integration vs v0.0.1)
Finished game 676 (v0.0.1 vs nnue-integration): 0-1 {Black wins by adjudication}
Score of nnue-integration vs v0.0.1: 337 - 124 - 213  [0.658] 674
Started game 680 of 2000000 (v0.0.1 vs nnue-integration)
Finished game 674 (v0.0.1 vs nnue-integration): 1/2-1/2 {Draw by 3-fold repetition}
Score of nnue-integration vs v0.0.1: 337 - 124 - 214  [0.658] 675
Started game 681 of 2000000 (nnue-integration vs v0.0.1)
Finished game 679 (nnue-integration vs v0.0.1): 1-0 {White wins by adjudication}
Score of nnue-integration vs v0.0.1: 338 - 124 - 214  [0.658] 676
Started game 682 of 2000000 (v0.0.1 vs nnue-integration)
Finished game 675 (nnue-integration vs v0.0.1): 1/2-1/2 {Draw by 3-fold repetition}
Score of nnue-integration vs v0.0.1: 338 - 124 - 215  [0.658] 677
Started game 683 of 2000000 (nnue-integration vs v0.0.1)
Finished game 673 (nnue-integration vs v0.0.1): 1/2-1/2 {Draw by 3-fold repetition}
Score of nnue-integration vs v0.0.1: 338 - 124 - 216  [0.658] 678
Started game 684 of 2000000 (v0.0.1 vs nnue-integration)
Finished game 678 (v0.0.1 vs nnue-integration): 1/2-1/2 {Draw by 3-fold repetition}
Score of nnue-integration vs v0.0.1: 338 - 124 - 217  [0.658] 679
Started game 685 of 2000000 (nnue-integration vs v0.0.1)
Finished game 681 (nnue-integration vs v0.0.1): 1-0 {White wins by adjudication}
Score of nnue-integration vs v0.0.1: 339 - 124 - 217  [0.658] 680
Started game 686 of 2000000 (v0.0.1 vs nnue-integration)
Finished game 684 (v0.0.1 vs nnue-integration): 1-0 {White wins by adjudication}
Score of nnue-integration vs v0.0.1: 339 - 125 - 217  [0.657] 681
Started game 687 of 2000000 (nnue-integration vs v0.0.1)
Finished game 682 (v0.0.1 vs nnue-integration): 1/2-1/2 {Draw by 3-fold repetition}
Score of nnue-integration vs v0.0.1: 339 - 125 - 218  [0.657] 682
Started game 688 of 2000000 (v0.0.1 vs nnue-integration)
Finished game 680 (v0.0.1 vs nnue-integration): 1/2-1/2 {Draw by 3-fold repetition}
Score of nnue-integration vs v0.0.1: 339 - 125 - 219  [0.657] 683
Started game 689 of 2000000 (nnue-integration vs v0.0.1)
Finished game 683 (nnue-integration vs v0.0.1): 1-0 {White wins by adjudication}
Score of nnue-integration vs v0.0.1: 340 - 125 - 219  [0.657] 684
Started game 690 of 2000000 (v0.0.1 vs nnue-integration)
Finished game 685 (nnue-integration vs v0.0.1): 1/2-1/2 {Draw by 3-fold repetition}
Score of nnue-integration vs v0.0.1: 340 - 125 - 220  [0.657] 685
Started game 691 of 2000000 (nnue-integration vs v0.0.1)
Finished game 689 (nnue-integration vs v0.0.1): 1/2-1/2 {Draw by 3-fold repetition}
Score of nnue-integration vs v0.0.1: 340 - 125 - 221  [0.657] 686
Started game 692 of 2000000 (v0.0.1 vs nnue-integration)
Finished game 687 (nnue-integration vs v0.0.1): 0-1 {Black wins by adjudication}
Score of nnue-integration vs v0.0.1: 340 - 126 - 221  [0.656] 687
Started game 693 of 2000000 (nnue-integration vs v0.0.1)
Finished game 686 (v0.0.1 vs nnue-integration): 0-1 {Black wins by adjudication}
Score of nnue-integration vs v0.0.1: 341 - 126 - 221  [0.656] 688
Started game 694 of 2000000 (v0.0.1 vs nnue-integration)
Finished game 692 (v0.0.1 vs nnue-integration): 1/2-1/2 {Draw by 3-fold repetition}
Score of nnue-integration vs v0.0.1: 341 - 126 - 222  [0.656] 689
Started game 695 of 2000000 (nnue-integration vs v0.0.1)
Finished game 688 (v0.0.1 vs nnue-integration): 1/2-1/2 {Draw by 3-fold repetition}
Score of nnue-integration vs v0.0.1: 341 - 126 - 223  [0.656] 690
Started game 696 of 2000000 (v0.0.1 vs nnue-integration)
Finished game 690 (v0.0.1 vs nnue-integration): 0-1 {Black wins by adjudication}
Score of nnue-integration vs v0.0.1: 342 - 126 - 223  [0.656] 691
Started game 697 of 2000000 (nnue-integration vs v0.0.1)
Finished game 693 (nnue-integration vs v0.0.1): 0-1 {Black wins by adjudication}
Score of nnue-integration vs v0.0.1: 342 - 127 - 223  [0.655] 692
Started game 698 of 2000000 (v0.0.1 vs nnue-integration)
Finished game 696 (v0.0.1 vs nnue-integration): 0-1 {Black wins by adjudication}
Score of nnue-integration vs v0.0.1: 343 - 127 - 223  [0.656] 693
Started game 699 of 2000000 (nnue-integration vs v0.0.1)
Finished game 694 (v0.0.1 vs nnue-integration): 1/2-1/2 {Draw by 3-fold repetition}
Score of nnue-integration vs v0.0.1: 343 - 127 - 224  [0.656] 694
Started game 700 of 2000000 (v0.0.1 vs nnue-integration)
Finished game 695 (nnue-integration vs v0.0.1): 1-0 {White wins by adjudication}
Score of nnue-integration vs v0.0.1: 344 - 127 - 224  [0.656] 695
Started game 701 of 2000000 (nnue-integration vs v0.0.1)
Finished game 691 (nnue-integration vs v0.0.1): 1-0 {White wins by adjudication}
Score of nnue-integration vs v0.0.1: 345 - 127 - 224  [0.657] 696
Started game 702 of 2000000 (v0.0.1 vs nnue-integration)
Finished game 697 (nnue-integration vs v0.0.1): 1-0 {White wins by adjudication}
Score of nnue-integration vs v0.0.1: 346 - 127 - 224  [0.657] 697
Started game 703 of 2000000 (nnue-integration vs v0.0.1)
Finished game 700 (v0.0.1 vs nnue-integration): 0-1 {Black wins by adjudication}
Score of nnue-integration vs v0.0.1: 347 - 127 - 224  [0.658] 698
Started game 704 of 2000000 (v0.0.1 vs nnue-integration)
Finished game 701 (nnue-integration vs v0.0.1): 0-1 {Black wins by adjudication}
Score of nnue-integration vs v0.0.1: 347 - 128 - 224  [0.657] 699
Started game 705 of 2000000 (nnue-integration vs v0.0.1)
Finished game 699 (nnue-integration vs v0.0.1): 1/2-1/2 {Draw by 3-fold repetition}
Score of nnue-integration vs v0.0.1: 347 - 128 - 225  [0.656] 700
Started game 706 of 2000000 (v0.0.1 vs nnue-integration)
Finished game 703 (nnue-integration vs v0.0.1): 1-0 {White wins by adjudication}
Score of nnue-integration vs v0.0.1: 348 - 128 - 225  [0.657] 701
Started game 707 of 2000000 (nnue-integration vs v0.0.1)
Finished game 698 (v0.0.1 vs nnue-integration): 0-1 {Black wins by adjudication}
Score of nnue-integration vs v0.0.1: 349 - 128 - 225  [0.657] 702
Started game 708 of 2000000 (v0.0.1 vs nnue-integration)
Finished game 702 (v0.0.1 vs nnue-integration): 0-1 {Black wins by adjudication}
Score of nnue-integration vs v0.0.1: 350 - 128 - 225  [0.658] 703
Started game 709 of 2000000 (nnue-integration vs v0.0.1)
Finished game 704 (v0.0.1 vs nnue-integration): 0-1 {Black wins by adjudication}
Score of nnue-integration vs v0.0.1: 351 - 128 - 225  [0.658] 704
Started game 710 of 2000000 (v0.0.1 vs nnue-integration)
Finished game 707 (nnue-integration vs v0.0.1): 1/2-1/2 {Draw by 3-fold repetition}
Score of nnue-integration vs v0.0.1: 351 - 128 - 226  [0.658] 705
Started game 711 of 2000000 (nnue-integration vs v0.0.1)
Finished game 705 (nnue-integration vs v0.0.1): 1-0 {White wins by adjudication}
Score of nnue-integration vs v0.0.1: 352 - 128 - 226  [0.659] 706
Started game 712 of 2000000 (v0.0.1 vs nnue-integration)
Finished game 708 (v0.0.1 vs nnue-integration): 0-1 {Black wins by adjudication}
Score of nnue-integration vs v0.0.1: 353 - 128 - 226  [0.659] 707
Started game 713 of 2000000 (nnue-integration vs v0.0.1)
Finished game 709 (nnue-integration vs v0.0.1): 1-0 {White wins by adjudication}
Score of nnue-integration vs v0.0.1: 354 - 128 - 226  [0.660] 708
Started game 714 of 2000000 (v0.0.1 vs nnue-integration)
Finished game 706 (v0.0.1 vs nnue-integration): 0-1 {Black wins by adjudication}
Score of nnue-integration vs v0.0.1: 355 - 128 - 226  [0.660] 709
Started game 715 of 2000000 (nnue-integration vs v0.0.1)
Finished game 711 (nnue-integration vs v0.0.1): 1-0 {White wins by adjudication}
Score of nnue-integration vs v0.0.1: 356 - 128 - 226  [0.661] 710
Started game 716 of 2000000 (v0.0.1 vs nnue-integration)
Finished game 715 (nnue-integration vs v0.0.1): 1-0 {White wins by adjudication}
Score of nnue-integration vs v0.0.1: 357 - 128 - 226  [0.661] 711
Started game 717 of 2000000 (nnue-integration vs v0.0.1)
Finished game 712 (v0.0.1 vs nnue-integration): 1/2-1/2 {Draw by 3-fold repetition}
Score of nnue-integration vs v0.0.1: 357 - 128 - 227  [0.661] 712
Started game 718 of 2000000 (v0.0.1 vs nnue-integration)
Finished game 713 (nnue-integration vs v0.0.1): 1-0 {White wins by adjudication}
Score of nnue-integration vs v0.0.1: 358 - 128 - 227  [0.661] 713
Started game 719 of 2000000 (nnue-integration vs v0.0.1)
Finished game 714 (v0.0.1 vs nnue-integration): 1/2-1/2 {Draw by 3-fold repetition}
Score of nnue-integration vs v0.0.1: 358 - 128 - 228  [0.661] 714
Started game 720 of 2000000 (v0.0.1 vs nnue-integration)
Finished game 710 (v0.0.1 vs nnue-integration): 1-0 {White wins by adjudication}
Score of nnue-integration vs v0.0.1: 358 - 129 - 228  [0.660] 715
Started game 721 of 2000000 (nnue-integration vs v0.0.1)
Finished game 716 (v0.0.1 vs nnue-integration): 0-1 {Black wins by adjudication}
Score of nnue-integration vs v0.0.1: 359 - 129 - 228  [0.661] 716
Started game 722 of 2000000 (v0.0.1 vs nnue-integration)
Finished game 717 (nnue-integration vs v0.0.1): 1/2-1/2 {Draw by 3-fold repetition}
Score of nnue-integration vs v0.0.1: 359 - 129 - 229  [0.660] 717
Started game 723 of 2000000 (nnue-integration vs v0.0.1)
Finished game 721 (nnue-integration vs v0.0.1): 0-1 {Black wins by adjudication}
Score of nnue-integration vs v0.0.1: 359 - 130 - 229  [0.659] 718
Started game 724 of 2000000 (v0.0.1 vs nnue-integration)
Finished game 719 (nnue-integration vs v0.0.1): 1/2-1/2 {Draw by 3-fold repetition}
Score of nnue-integration vs v0.0.1: 359 - 130 - 230  [0.659] 719
Started game 725 of 2000000 (nnue-integration vs v0.0.1)
Finished game 718 (v0.0.1 vs nnue-integration): 0-1 {Black wins by adjudication}
Score of nnue-integration vs v0.0.1: 360 - 130 - 230  [0.660] 720
Started game 726 of 2000000 (v0.0.1 vs nnue-integration)
Finished game 720 (v0.0.1 vs nnue-integration): 0-1 {Black wins by adjudication}
Score of nnue-integration vs v0.0.1: 361 - 130 - 230  [0.660] 721
Started game 727 of 2000000 (nnue-integration vs v0.0.1)
Finished game 723 (nnue-integration vs v0.0.1): 1-0 {White wins by adjudication}
Score of nnue-integration vs v0.0.1: 362 - 130 - 230  [0.661] 722
Started game 728 of 2000000 (v0.0.1 vs nnue-integration)
Finished game 726 (v0.0.1 vs nnue-integration): 1/2-1/2 {Draw by 3-fold repetition}
Score of nnue-integration vs v0.0.1: 362 - 130 - 231  [0.660] 723
Started game 729 of 2000000 (nnue-integration vs v0.0.1)
Finished game 728 (v0.0.1 vs nnue-integration): 1-0 {White wins by adjudication}
Score of nnue-integration vs v0.0.1: 362 - 131 - 231  [0.660] 724
Started game 730 of 2000000 (v0.0.1 vs nnue-integration)
Finished game 722 (v0.0.1 vs nnue-integration): 1/2-1/2 {Draw by 3-fold repetition}
Score of nnue-integration vs v0.0.1: 362 - 131 - 232  [0.659] 725
Started game 731 of 2000000 (nnue-integration vs v0.0.1)
Finished game 725 (nnue-integration vs v0.0.1): 1-0 {White wins by adjudication}
Score of nnue-integration vs v0.0.1: 363 - 131 - 232  [0.660] 726
Started game 732 of 2000000 (v0.0.1 vs nnue-integration)
Finished game 724 (v0.0.1 vs nnue-integration): 0-1 {Black wins by adjudication}
Score of nnue-integration vs v0.0.1: 364 - 131 - 232  [0.660] 727
Started game 733 of 2000000 (nnue-integration vs v0.0.1)
Finished game 727 (nnue-integration vs v0.0.1): 1/2-1/2 {Draw by 3-fold repetition}
Score of nnue-integration vs v0.0.1: 364 - 131 - 233  [0.660] 728
Started game 734 of 2000000 (v0.0.1 vs nnue-integration)
Finished game 733 (nnue-integration vs v0.0.1): 1/2-1/2 {Draw by 3-fold repetition}
Score of nnue-integration vs v0.0.1: 364 - 131 - 234  [0.660] 729
Started game 735 of 2000000 (nnue-integration vs v0.0.1)
Finished game 731 (nnue-integration vs v0.0.1): 1-0 {White wins by adjudication}
Score of nnue-integration vs v0.0.1: 365 - 131 - 234  [0.660] 730
Started game 736 of 2000000 (v0.0.1 vs nnue-integration)
Finished game 730 (v0.0.1 vs nnue-integration): 1-0 {White wins by adjudication}
Score of nnue-integration vs v0.0.1: 365 - 132 - 234  [0.659] 731
Started game 737 of 2000000 (nnue-integration vs v0.0.1)
Finished game 732 (v0.0.1 vs nnue-integration): 0-1 {Black wins by adjudication}
Score of nnue-integration vs v0.0.1: 366 - 132 - 234  [0.660] 732
Started game 738 of 2000000 (v0.0.1 vs nnue-integration)
Finished game 729 (nnue-integration vs v0.0.1): 1/2-1/2 {Draw by 3-fold repetition}
Score of nnue-integration vs v0.0.1: 366 - 132 - 235  [0.660] 733
Started game 739 of 2000000 (nnue-integration vs v0.0.1)
Finished game 734 (v0.0.1 vs nnue-integration): 0-1 {Black wins by adjudication}
Score of nnue-integration vs v0.0.1: 367 - 132 - 235  [0.660] 734
Started game 740 of 2000000 (v0.0.1 vs nnue-integration)
Finished game 739 (nnue-integration vs v0.0.1): 1-0 {White wins by adjudication}
Score of nnue-integration vs v0.0.1: 368 - 132 - 235  [0.661] 735
Started game 741 of 2000000 (nnue-integration vs v0.0.1)
Finished game 735 (nnue-integration vs v0.0.1): 0-1 {Black wins by adjudication}
Score of nnue-integration vs v0.0.1: 368 - 133 - 235  [0.660] 736
Started game 742 of 2000000 (v0.0.1 vs nnue-integration)
Finished game 738 (v0.0.1 vs nnue-integration): 1/2-1/2 {Draw by 3-fold repetition}
Score of nnue-integration vs v0.0.1: 368 - 133 - 236  [0.659] 737
Started game 743 of 2000000 (nnue-integration vs v0.0.1)
Finished game 737 (nnue-integration vs v0.0.1): 1-0 {White wins by adjudication}
Score of nnue-integration vs v0.0.1: 369 - 133 - 236  [0.660] 738
Started game 744 of 2000000 (v0.0.1 vs nnue-integration)
Finished game 736 (v0.0.1 vs nnue-integration): 1/2-1/2 {Draw by 3-fold repetition}
Score of nnue-integration vs v0.0.1: 369 - 133 - 237  [0.660] 739
Started game 745 of 2000000 (nnue-integration vs v0.0.1)
Finished game 741 (nnue-integration vs v0.0.1): 1/2-1/2 {Draw by 3-fold repetition}
Score of nnue-integration vs v0.0.1: 369 - 133 - 238  [0.659] 740
Started game 746 of 2000000 (v0.0.1 vs nnue-integration)
Finished game 742 (v0.0.1 vs nnue-integration): 0-1 {Black wins by adjudication}
Score of nnue-integration vs v0.0.1: 370 - 133 - 238  [0.660] 741
Started game 747 of 2000000 (nnue-integration vs v0.0.1)
Finished game 740 (v0.0.1 vs nnue-integration): 1/2-1/2 {Draw by 3-fold repetition}
Score of nnue-integration vs v0.0.1: 370 - 133 - 239  [0.660] 742
Started game 748 of 2000000 (v0.0.1 vs nnue-integration)
Finished game 743 (nnue-integration vs v0.0.1): 1-0 {White wins by adjudication}
Score of nnue-integration vs v0.0.1: 371 - 133 - 239  [0.660] 743
Started game 749 of 2000000 (nnue-integration vs v0.0.1)
Finished game 745 (nnue-integration vs v0.0.1): 0-1 {Black wins by adjudication}
Score of nnue-integration vs v0.0.1: 371 - 134 - 239  [0.659] 744
Started game 750 of 2000000 (v0.0.1 vs nnue-integration)
Finished game 744 (v0.0.1 vs nnue-integration): 0-1 {Black wins by adjudication}
Score of nnue-integration vs v0.0.1: 372 - 134 - 239  [0.660] 745
Started game 751 of 2000000 (nnue-integration vs v0.0.1)
Finished game 746 (v0.0.1 vs nnue-integration): 1/2-1/2 {Draw by 3-fold repetition}
Score of nnue-integration vs v0.0.1: 372 - 134 - 240  [0.660] 746
Started game 752 of 2000000 (v0.0.1 vs nnue-integration)
Finished game 748 (v0.0.1 vs nnue-integration): 1-0 {White wins by adjudication}
Score of nnue-integration vs v0.0.1: 372 - 135 - 240  [0.659] 747
Started game 753 of 2000000 (nnue-integration vs v0.0.1)
Finished game 747 (nnue-integration vs v0.0.1): 1-0 {White wins by adjudication}
Score of nnue-integration vs v0.0.1: 373 - 135 - 240  [0.659] 748
Started game 754 of 2000000 (v0.0.1 vs nnue-integration)
Finished game 750 (v0.0.1 vs nnue-integration): 0-1 {Black wins by adjudication}
Score of nnue-integration vs v0.0.1: 374 - 135 - 240  [0.660] 749
Started game 755 of 2000000 (nnue-integration vs v0.0.1)
Finished game 753 (nnue-integration vs v0.0.1): 0-1 {Black wins by adjudication}
Score of nnue-integration vs v0.0.1: 374 - 136 - 240  [0.659] 750
Started game 756 of 2000000 (v0.0.1 vs nnue-integration)
Finished game 749 (nnue-integration vs v0.0.1): 0-1 {Black wins by adjudication}
Score of nnue-integration vs v0.0.1: 374 - 137 - 240  [0.658] 751
Started game 757 of 2000000 (nnue-integration vs v0.0.1)
Finished game 751 (nnue-integration vs v0.0.1): 1-0 {White wins by adjudication}
Score of nnue-integration vs v0.0.1: 375 - 137 - 240  [0.658] 752
Started game 758 of 2000000 (v0.0.1 vs nnue-integration)
Finished game 754 (v0.0.1 vs nnue-integration): 1/2-1/2 {Draw by 3-fold repetition}
Score of nnue-integration vs v0.0.1: 375 - 137 - 241  [0.658] 753
Started game 759 of 2000000 (nnue-integration vs v0.0.1)
Finished game 752 (v0.0.1 vs nnue-integration): 0-1 {Black wins by adjudication}
Score of nnue-integration vs v0.0.1: 376 - 137 - 241  [0.658] 754
Started game 760 of 2000000 (v0.0.1 vs nnue-integration)
Finished game 757 (nnue-integration vs v0.0.1): 1-0 {White wins by adjudication}
Score of nnue-integration vs v0.0.1: 377 - 137 - 241  [0.659] 755
Started game 761 of 2000000 (nnue-integration vs v0.0.1)
Finished game 756 (v0.0.1 vs nnue-integration): 0-1 {Black mates}
Score of nnue-integration vs v0.0.1: 378 - 137 - 241  [0.659] 756
Started game 762 of 2000000 (v0.0.1 vs nnue-integration)
Finished game 755 (nnue-integration vs v0.0.1): 1/2-1/2 {Draw by 3-fold repetition}
Score of nnue-integration vs v0.0.1: 378 - 137 - 242  [0.659] 757
Started game 763 of 2000000 (nnue-integration vs v0.0.1)
Finished game 758 (v0.0.1 vs nnue-integration): 1/2-1/2 {Draw by 3-fold repetition}
Score of nnue-integration vs v0.0.1: 378 - 137 - 243  [0.659] 758
Started game 764 of 2000000 (v0.0.1 vs nnue-integration)
Finished game 761 (nnue-integration vs v0.0.1): 1-0 {White wins by adjudication}
Score of nnue-integration vs v0.0.1: 379 - 137 - 243  [0.659] 759
Started game 765 of 2000000 (nnue-integration vs v0.0.1)
Finished game 759 (nnue-integration vs v0.0.1): 1/2-1/2 {Draw by 3-fold repetition}
Score of nnue-integration vs v0.0.1: 379 - 137 - 244  [0.659] 760
Started game 766 of 2000000 (v0.0.1 vs nnue-integration)
Finished game 760 (v0.0.1 vs nnue-integration): 1/2-1/2 {Draw by 3-fold repetition}
Score of nnue-integration vs v0.0.1: 379 - 137 - 245  [0.659] 761
Started game 767 of 2000000 (nnue-integration vs v0.0.1)
Finished game 762 (v0.0.1 vs nnue-integration): 0-1 {Black wins by adjudication}
Score of nnue-integration vs v0.0.1: 380 - 137 - 245  [0.659] 762
Started game 768 of 2000000 (v0.0.1 vs nnue-integration)
Finished game 765 (nnue-integration vs v0.0.1): 1/2-1/2 {Draw by 3-fold repetition}
Score of nnue-integration vs v0.0.1: 380 - 137 - 246  [0.659] 763
Started game 769 of 2000000 (nnue-integration vs v0.0.1)
Finished game 766 (v0.0.1 vs nnue-integration): 0-1 {Black wins by adjudication}
Score of nnue-integration vs v0.0.1: 381 - 137 - 246  [0.660] 764
Started game 770 of 2000000 (v0.0.1 vs nnue-integration)
Finished game 767 (nnue-integration vs v0.0.1): 1-0 {White wins by adjudication}
Score of nnue-integration vs v0.0.1: 382 - 137 - 246  [0.660] 765
Started game 771 of 2000000 (nnue-integration vs v0.0.1)
Finished game 763 (nnue-integration vs v0.0.1): 1-0 {White wins by adjudication}
Score of nnue-integration vs v0.0.1: 383 - 137 - 246  [0.661] 766
Started game 772 of 2000000 (v0.0.1 vs nnue-integration)
Finished game 764 (v0.0.1 vs nnue-integration): 0-1 {Black wins by adjudication}
Score of nnue-integration vs v0.0.1: 384 - 137 - 246  [0.661] 767
Started game 773 of 2000000 (nnue-integration vs v0.0.1)
Finished game 769 (nnue-integration vs v0.0.1): 1-0 {White wins by adjudication}
Score of nnue-integration vs v0.0.1: 385 - 137 - 246  [0.661] 768
Started game 774 of 2000000 (v0.0.1 vs nnue-integration)
Finished game 771 (nnue-integration vs v0.0.1): 0-1 {Black wins by adjudication}
Score of nnue-integration vs v0.0.1: 385 - 138 - 246  [0.661] 769
Started game 775 of 2000000 (nnue-integration vs v0.0.1)
Finished game 768 (v0.0.1 vs nnue-integration): 1/2-1/2 {Draw by 3-fold repetition}
Score of nnue-integration vs v0.0.1: 385 - 138 - 247  [0.660] 770
Started game 776 of 2000000 (v0.0.1 vs nnue-integration)
Finished game 773 (nnue-integration vs v0.0.1): 1-0 {White wins by adjudication}
Score of nnue-integration vs v0.0.1: 386 - 138 - 247  [0.661] 771
Started game 777 of 2000000 (nnue-integration vs v0.0.1)
Finished game 772 (v0.0.1 vs nnue-integration): 0-1 {Black wins by adjudication}
Score of nnue-integration vs v0.0.1: 387 - 138 - 247  [0.661] 772
Started game 778 of 2000000 (v0.0.1 vs nnue-integration)
Finished game 770 (v0.0.1 vs nnue-integration): 1/2-1/2 {Draw by 3-fold repetition}
Score of nnue-integration vs v0.0.1: 387 - 138 - 248  [0.661] 773
Started game 779 of 2000000 (nnue-integration vs v0.0.1)
Finished game 775 (nnue-integration vs v0.0.1): 1-0 {White wins by adjudication}
Score of nnue-integration vs v0.0.1: 388 - 138 - 248  [0.661] 774
Started game 780 of 2000000 (v0.0.1 vs nnue-integration)
Finished game 774 (v0.0.1 vs nnue-integration): 0-1 {Black wins by adjudication}
Score of nnue-integration vs v0.0.1: 389 - 138 - 248  [0.662] 775
Started game 781 of 2000000 (nnue-integration vs v0.0.1)
Finished game 776 (v0.0.1 vs nnue-integration): 0-1 {Black wins by adjudication}
Score of nnue-integration vs v0.0.1: 390 - 138 - 248  [0.662] 776
Started game 782 of 2000000 (v0.0.1 vs nnue-integration)
Finished game 778 (v0.0.1 vs nnue-integration): 1/2-1/2 {Draw by 3-fold repetition}
Score of nnue-integration vs v0.0.1: 390 - 138 - 249  [0.662] 777
Started game 783 of 2000000 (nnue-integration vs v0.0.1)
Finished game 777 (nnue-integration vs v0.0.1): 0-1 {Black wins by adjudication}
Score of nnue-integration vs v0.0.1: 390 - 139 - 249  [0.661] 778
Started game 784 of 2000000 (v0.0.1 vs nnue-integration)
Finished game 781 (nnue-integration vs v0.0.1): 1/2-1/2 {Draw by 3-fold repetition}
Score of nnue-integration vs v0.0.1: 390 - 139 - 250  [0.661] 779
Started game 785 of 2000000 (nnue-integration vs v0.0.1)
Finished game 779 (nnue-integration vs v0.0.1): 0-1 {Black wins by adjudication}
Score of nnue-integration vs v0.0.1: 390 - 140 - 250  [0.660] 780
Started game 786 of 2000000 (v0.0.1 vs nnue-integration)
Finished game 783 (nnue-integration vs v0.0.1): 1-0 {White wins by adjudication}
Score of nnue-integration vs v0.0.1: 391 - 140 - 250  [0.661] 781
Started game 787 of 2000000 (nnue-integration vs v0.0.1)
Finished game 782 (v0.0.1 vs nnue-integration): 0-1 {Black wins by adjudication}
Score of nnue-integration vs v0.0.1: 392 - 140 - 250  [0.661] 782
Started game 788 of 2000000 (v0.0.1 vs nnue-integration)
Finished game 780 (v0.0.1 vs nnue-integration): 1/2-1/2 {Draw by 3-fold repetition}
Score of nnue-integration vs v0.0.1: 392 - 140 - 251  [0.661] 783
Started game 789 of 2000000 (nnue-integration vs v0.0.1)
Finished game 785 (nnue-integration vs v0.0.1): 1-0 {White wins by adjudication}
Score of nnue-integration vs v0.0.1: 393 - 140 - 251  [0.661] 784
Started game 790 of 2000000 (v0.0.1 vs nnue-integration)
Finished game 784 (v0.0.1 vs nnue-integration): 1-0 {White wins by adjudication}
Score of nnue-integration vs v0.0.1: 393 - 141 - 251  [0.661] 785
Started game 791 of 2000000 (nnue-integration vs v0.0.1)
Finished game 787 (nnue-integration vs v0.0.1): 0-1 {Black wins by adjudication}
Score of nnue-integration vs v0.0.1: 393 - 142 - 251  [0.660] 786
Started game 792 of 2000000 (v0.0.1 vs nnue-integration)
Finished game 786 (v0.0.1 vs nnue-integration): 1/2-1/2 {Draw by 3-fold repetition}
Score of nnue-integration vs v0.0.1: 393 - 142 - 252  [0.659] 787
Started game 793 of 2000000 (nnue-integration vs v0.0.1)
Finished game 789 (nnue-integration vs v0.0.1): 1-0 {White wins by adjudication}
Score of nnue-integration vs v0.0.1: 394 - 142 - 252  [0.660] 788
Started game 794 of 2000000 (v0.0.1 vs nnue-integration)
Finished game 788 (v0.0.1 vs nnue-integration): 0-1 {Black wins by adjudication}
Score of nnue-integration vs v0.0.1: 395 - 142 - 252  [0.660] 789
Started game 795 of 2000000 (nnue-integration vs v0.0.1)
Finished game 790 (v0.0.1 vs nnue-integration): 1-0 {White mates}
Score of nnue-integration vs v0.0.1: 395 - 143 - 252  [0.659] 790
Started game 796 of 2000000 (v0.0.1 vs nnue-integration)
Finished game 792 (v0.0.1 vs nnue-integration): 1-0 {White wins by adjudication}
Score of nnue-integration vs v0.0.1: 395 - 144 - 252  [0.659] 791
Started game 797 of 2000000 (nnue-integration vs v0.0.1)
Finished game 791 (nnue-integration vs v0.0.1): 1/2-1/2 {Draw by 3-fold repetition}
Score of nnue-integration vs v0.0.1: 395 - 144 - 253  [0.658] 792
Started game 798 of 2000000 (v0.0.1 vs nnue-integration)
Finished game 794 (v0.0.1 vs nnue-integration): 0-1 {Black wins by adjudication}
Score of nnue-integration vs v0.0.1: 396 - 144 - 253  [0.659] 793
Started game 799 of 2000000 (nnue-integration vs v0.0.1)
Finished game 795 (nnue-integration vs v0.0.1): 1/2-1/2 {Draw by 3-fold repetition}
Score of nnue-integration vs v0.0.1: 396 - 144 - 254  [0.659] 794
Started game 800 of 2000000 (v0.0.1 vs nnue-integration)
Finished game 793 (nnue-integration vs v0.0.1): 1/2-1/2 {Draw by 3-fold repetition}
Score of nnue-integration vs v0.0.1: 396 - 144 - 255  [0.658] 795
Started game 801 of 2000000 (nnue-integration vs v0.0.1)
Finished game 797 (nnue-integration vs v0.0.1): 1-0 {White wins by adjudication}
Score of nnue-integration vs v0.0.1: 397 - 144 - 255  [0.659] 796
Started game 802 of 2000000 (v0.0.1 vs nnue-integration)
Finished game 799 (nnue-integration vs v0.0.1): 1-0 {White wins by adjudication}
Score of nnue-integration vs v0.0.1: 398 - 144 - 255  [0.659] 797
Started game 803 of 2000000 (nnue-integration vs v0.0.1)
Finished game 798 (v0.0.1 vs nnue-integration): 0-1 {Black wins by adjudication}
Score of nnue-integration vs v0.0.1: 399 - 144 - 255  [0.660] 798
Started game 804 of 2000000 (v0.0.1 vs nnue-integration)
Finished game 796 (v0.0.1 vs nnue-integration): 1-0 {White wins by adjudication}
Score of nnue-integration vs v0.0.1: 399 - 145 - 255  [0.659] 799
Started game 805 of 2000000 (nnue-integration vs v0.0.1)
Finished game 801 (nnue-integration vs v0.0.1): 0-1 {Black wins by adjudication}
Score of nnue-integration vs v0.0.1: 399 - 146 - 255  [0.658] 800
Started game 806 of 2000000 (v0.0.1 vs nnue-integration)
Finished game 800 (v0.0.1 vs nnue-integration): 0-1 {Black wins by adjudication}
Score of nnue-integration vs v0.0.1: 400 - 146 - 255  [0.659] 801
Started game 807 of 2000000 (nnue-integration vs v0.0.1)
Finished game 803 (nnue-integration vs v0.0.1): 1-0 {White wins by adjudication}
Score of nnue-integration vs v0.0.1: 401 - 146 - 255  [0.659] 802
Started game 808 of 2000000 (v0.0.1 vs nnue-integration)
Finished game 802 (v0.0.1 vs nnue-integration): 0-1 {Black wins by adjudication}
Score of nnue-integration vs v0.0.1: 402 - 146 - 255  [0.659] 803
Started game 809 of 2000000 (nnue-integration vs v0.0.1)
Finished game 807 (nnue-integration vs v0.0.1): 1-0 {White wins by adjudication}
Score of nnue-integration vs v0.0.1: 403 - 146 - 255  [0.660] 804
Started game 810 of 2000000 (v0.0.1 vs nnue-integration)
Finished game 805 (nnue-integration vs v0.0.1): 1-0 {White wins by adjudication}
Score of nnue-integration vs v0.0.1: 404 - 146 - 255  [0.660] 805
Started game 811 of 2000000 (nnue-integration vs v0.0.1)
Finished game 808 (v0.0.1 vs nnue-integration): 0-1 {Black wins by adjudication}
Score of nnue-integration vs v0.0.1: 405 - 146 - 255  [0.661] 806
Started game 812 of 2000000 (v0.0.1 vs nnue-integration)
Finished game 804 (v0.0.1 vs nnue-integration): 0-1 {Black mates}
Score of nnue-integration vs v0.0.1: 406 - 146 - 255  [0.661] 807
Started game 813 of 2000000 (nnue-integration vs v0.0.1)
Finished game 806 (v0.0.1 vs nnue-integration): 1/2-1/2 {Draw by 3-fold repetition}
Score of nnue-integration vs v0.0.1: 406 - 146 - 256  [0.661] 808
Started game 814 of 2000000 (v0.0.1 vs nnue-integration)
Finished game 809 (nnue-integration vs v0.0.1): 1-0 {White wins by adjudication}
Score of nnue-integration vs v0.0.1: 407 - 146 - 256  [0.661] 809
Started game 815 of 2000000 (nnue-integration vs v0.0.1)
Finished game 810 (v0.0.1 vs nnue-integration): 0-1 {Black wins by adjudication}
Score of nnue-integration vs v0.0.1: 408 - 146 - 256  [0.662] 810
Started game 816 of 2000000 (v0.0.1 vs nnue-integration)
Finished game 814 (v0.0.1 vs nnue-integration): 1-0 {White wins by adjudication}
Score of nnue-integration vs v0.0.1: 408 - 147 - 256  [0.661] 811
Started game 817 of 2000000 (nnue-integration vs v0.0.1)
Finished game 813 (nnue-integration vs v0.0.1): 1-0 {White wins by adjudication}
Score of nnue-integration vs v0.0.1: 409 - 147 - 256  [0.661] 812
Started game 818 of 2000000 (v0.0.1 vs nnue-integration)
Finished game 812 (v0.0.1 vs nnue-integration): 0-1 {Black wins by adjudication}
Score of nnue-integration vs v0.0.1: 410 - 147 - 256  [0.662] 813
Started game 819 of 2000000 (nnue-integration vs v0.0.1)
Finished game 815 (nnue-integration vs v0.0.1): 1/2-1/2 {Draw by 3-fold repetition}
Score of nnue-integration vs v0.0.1: 410 - 147 - 257  [0.662] 814
Started game 820 of 2000000 (v0.0.1 vs nnue-integration)
Finished game 811 (nnue-integration vs v0.0.1): 1-0 {White wins by adjudication}
Score of nnue-integration vs v0.0.1: 411 - 147 - 257  [0.662] 815
Started game 821 of 2000000 (nnue-integration vs v0.0.1)
Finished game 816 (v0.0.1 vs nnue-integration): 0-1 {Black wins by adjudication}
Score of nnue-integration vs v0.0.1: 412 - 147 - 257  [0.662] 816
Started game 822 of 2000000 (v0.0.1 vs nnue-integration)
Finished game 817 (nnue-integration vs v0.0.1): 1/2-1/2 {Draw by 3-fold repetition}
Score of nnue-integration vs v0.0.1: 412 - 147 - 258  [0.662] 817
Started game 823 of 2000000 (nnue-integration vs v0.0.1)
Finished game 819 (nnue-integration vs v0.0.1): 1-0 {White wins by adjudication}
Score of nnue-integration vs v0.0.1: 413 - 147 - 258  [0.663] 818
Started game 824 of 2000000 (v0.0.1 vs nnue-integration)
Finished game 821 (nnue-integration vs v0.0.1): 1/2-1/2 {Draw by 3-fold repetition}
Score of nnue-integration vs v0.0.1: 413 - 147 - 259  [0.662] 819
Started game 825 of 2000000 (nnue-integration vs v0.0.1)
Finished game 818 (v0.0.1 vs nnue-integration): 0-1 {Black wins by adjudication}
Score of nnue-integration vs v0.0.1: 414 - 147 - 259  [0.663] 820
Started game 826 of 2000000 (v0.0.1 vs nnue-integration)
Finished game 823 (nnue-integration vs v0.0.1): 1-0 {White wins by adjudication}
Score of nnue-integration vs v0.0.1: 415 - 147 - 259  [0.663] 821
Started game 827 of 2000000 (nnue-integration vs v0.0.1)
Finished game 820 (v0.0.1 vs nnue-integration): 0-1 {Black wins by adjudication}
Score of nnue-integration vs v0.0.1: 416 - 147 - 259  [0.664] 822
Started game 828 of 2000000 (v0.0.1 vs nnue-integration)
Finished game 822 (v0.0.1 vs nnue-integration): 1/2-1/2 {Draw by 3-fold repetition}
Score of nnue-integration vs v0.0.1: 416 - 147 - 260  [0.663] 823
Started game 829 of 2000000 (nnue-integration vs v0.0.1)
Finished game 827 (nnue-integration vs v0.0.1): 1/2-1/2 {Draw by 3-fold repetition}
Score of nnue-integration vs v0.0.1: 416 - 147 - 261  [0.663] 824
Started game 830 of 2000000 (v0.0.1 vs nnue-integration)
Finished game 825 (nnue-integration vs v0.0.1): 1/2-1/2 {Draw by 3-fold repetition}
Score of nnue-integration vs v0.0.1: 416 - 147 - 262  [0.663] 825
Started game 831 of 2000000 (nnue-integration vs v0.0.1)
Finished game 828 (v0.0.1 vs nnue-integration): 0-1 {Black wins by adjudication}
Score of nnue-integration vs v0.0.1: 417 - 147 - 262  [0.663] 826
Started game 832 of 2000000 (v0.0.1 vs nnue-integration)
Finished game 824 (v0.0.1 vs nnue-integration): 0-1 {Black wins by adjudication}
Score of nnue-integration vs v0.0.1: 418 - 147 - 262  [0.664] 827
Started game 833 of 2000000 (nnue-integration vs v0.0.1)
Finished game 829 (nnue-integration vs v0.0.1): 1-0 {White wins by adjudication}
Score of nnue-integration vs v0.0.1: 419 - 147 - 262  [0.664] 828
Started game 834 of 2000000 (v0.0.1 vs nnue-integration)
Finished game 826 (v0.0.1 vs nnue-integration): 0-1 {Black wins by adjudication}
Score of nnue-integration vs v0.0.1: 420 - 147 - 262  [0.665] 829
Started game 835 of 2000000 (nnue-integration vs v0.0.1)
Finished game 830 (v0.0.1 vs nnue-integration): 1/2-1/2 {Draw by 3-fold repetition}
Score of nnue-integration vs v0.0.1: 420 - 147 - 263  [0.664] 830
Started game 836 of 2000000 (v0.0.1 vs nnue-integration)
Finished game 832 (v0.0.1 vs nnue-integration): 0-1 {Black wins by adjudication}
Score of nnue-integration vs v0.0.1: 421 - 147 - 263  [0.665] 831
Started game 837 of 2000000 (nnue-integration vs v0.0.1)
Finished game 833 (nnue-integration vs v0.0.1): 1/2-1/2 {Draw by 3-fold repetition}
Score of nnue-integration vs v0.0.1: 421 - 147 - 264  [0.665] 832
Started game 838 of 2000000 (v0.0.1 vs nnue-integration)
Finished game 834 (v0.0.1 vs nnue-integration): 1/2-1/2 {Draw by 3-fold repetition}
Score of nnue-integration vs v0.0.1: 421 - 147 - 265  [0.664] 833
Started game 839 of 2000000 (nnue-integration vs v0.0.1)
Finished game 835 (nnue-integration vs v0.0.1): 1/2-1/2 {Draw by 3-fold repetition}
Score of nnue-integration vs v0.0.1: 421 - 147 - 266  [0.664] 834
Started game 840 of 2000000 (v0.0.1 vs nnue-integration)
Finished game 831 (nnue-integration vs v0.0.1): 0-1 {Black wins by adjudication}
Score of nnue-integration vs v0.0.1: 421 - 148 - 266  [0.663] 835
Started game 841 of 2000000 (nnue-integration vs v0.0.1)
Finished game 837 (nnue-integration vs v0.0.1): 1-0 {White wins by adjudication}
Score of nnue-integration vs v0.0.1: 422 - 148 - 266  [0.664] 836
Started game 842 of 2000000 (v0.0.1 vs nnue-integration)
Finished game 836 (v0.0.1 vs nnue-integration): 1/2-1/2 {Draw by 3-fold repetition}
Score of nnue-integration vs v0.0.1: 422 - 148 - 267  [0.664] 837
Started game 843 of 2000000 (nnue-integration vs v0.0.1)
Finished game 838 (v0.0.1 vs nnue-integration): 0-1 {Black wins by adjudication}
Score of nnue-integration vs v0.0.1: 423 - 148 - 267  [0.664] 838
Started game 844 of 2000000 (v0.0.1 vs nnue-integration)
Finished game 839 (nnue-integration vs v0.0.1): 1-0 {White wins by adjudication}
Score of nnue-integration vs v0.0.1: 424 - 148 - 267  [0.664] 839
Started game 845 of 2000000 (nnue-integration vs v0.0.1)
Finished game 840 (v0.0.1 vs nnue-integration): 0-1 {Black wins by adjudication}
Score of nnue-integration vs v0.0.1: 425 - 148 - 267  [0.665] 840
Started game 846 of 2000000 (v0.0.1 vs nnue-integration)
Finished game 841 (nnue-integration vs v0.0.1): 0-1 {Black wins by adjudication}
Score of nnue-integration vs v0.0.1: 425 - 149 - 267  [0.664] 841
Started game 847 of 2000000 (nnue-integration vs v0.0.1)
Finished game 842 (v0.0.1 vs nnue-integration): 0-1 {Black wins by adjudication}
Score of nnue-integration vs v0.0.1: 426 - 149 - 267  [0.664] 842
Started game 848 of 2000000 (v0.0.1 vs nnue-integration)
Finished game 847 (nnue-integration vs v0.0.1): 1-0 {White wins by adjudication}
Score of nnue-integration vs v0.0.1: 427 - 149 - 267  [0.665] 843
Started game 849 of 2000000 (nnue-integration vs v0.0.1)
Finished game 844 (v0.0.1 vs nnue-integration): 0-1 {Black wins by adjudication}
Score of nnue-integration vs v0.0.1: 428 - 149 - 267  [0.665] 844
Started game 850 of 2000000 (v0.0.1 vs nnue-integration)
Finished game 843 (nnue-integration vs v0.0.1): 1-0 {White wins by adjudication}
Score of nnue-integration vs v0.0.1: 429 - 149 - 267  [0.666] 845
Started game 851 of 2000000 (nnue-integration vs v0.0.1)
Finished game 845 (nnue-integration vs v0.0.1): 1/2-1/2 {Draw by 3-fold repetition}
Score of nnue-integration vs v0.0.1: 429 - 149 - 268  [0.665] 846
Started game 852 of 2000000 (v0.0.1 vs nnue-integration)
Finished game 846 (v0.0.1 vs nnue-integration): 0-1 {Black wins by adjudication}
Score of nnue-integration vs v0.0.1: 430 - 149 - 268  [0.666] 847
Started game 853 of 2000000 (nnue-integration vs v0.0.1)
Finished game 848 (v0.0.1 vs nnue-integration): 0-1 {Black mates}
Score of nnue-integration vs v0.0.1: 431 - 149 - 268  [0.666] 848
Started game 854 of 2000000 (v0.0.1 vs nnue-integration)
Finished game 849 (nnue-integration vs v0.0.1): 0-1 {Black wins by adjudication}
Score of nnue-integration vs v0.0.1: 431 - 150 - 268  [0.665] 849
Started game 855 of 2000000 (nnue-integration vs v0.0.1)
Finished game 851 (nnue-integration vs v0.0.1): 1/2-1/2 {Draw by 3-fold repetition}
Score of nnue-integration vs v0.0.1: 431 - 150 - 269  [0.665] 850
Started game 856 of 2000000 (v0.0.1 vs nnue-integration)
Finished game 850 (v0.0.1 vs nnue-integration): 0-1 {Black wins by adjudication}
Score of nnue-integration vs v0.0.1: 432 - 150 - 269  [0.666] 851
Started game 857 of 2000000 (nnue-integration vs v0.0.1)
Finished game 855 (nnue-integration vs v0.0.1): 1/2-1/2 {Draw by 3-fold repetition}
Score of nnue-integration vs v0.0.1: 432 - 150 - 270  [0.665] 852
Started game 858 of 2000000 (v0.0.1 vs nnue-integration)
Finished game 853 (nnue-integration vs v0.0.1): 1/2-1/2 {Draw by 3-fold repetition}
Score of nnue-integration vs v0.0.1: 432 - 150 - 271  [0.665] 853
Started game 859 of 2000000 (nnue-integration vs v0.0.1)
Finished game 852 (v0.0.1 vs nnue-integration): 0-1 {Black wins by adjudication}
Score of nnue-integration vs v0.0.1: 433 - 150 - 271  [0.666] 854
Started game 860 of 2000000 (v0.0.1 vs nnue-integration)
Finished game 854 (v0.0.1 vs nnue-integration): 1/2-1/2 {Draw by 3-fold repetition}
Score of nnue-integration vs v0.0.1: 433 - 150 - 272  [0.665] 855
Started game 861 of 2000000 (nnue-integration vs v0.0.1)
Finished game 859 (nnue-integration vs v0.0.1): 1-0 {White wins by adjudication}
Score of nnue-integration vs v0.0.1: 434 - 150 - 272  [0.666] 856
Started game 862 of 2000000 (v0.0.1 vs nnue-integration)
Finished game 860 (v0.0.1 vs nnue-integration): 0-1 {Black wins by adjudication}
Score of nnue-integration vs v0.0.1: 435 - 150 - 272  [0.666] 857
Started game 863 of 2000000 (nnue-integration vs v0.0.1)
Finished game 856 (v0.0.1 vs nnue-integration): 1/2-1/2 {Draw by 3-fold repetition}
Score of nnue-integration vs v0.0.1: 435 - 150 - 273  [0.666] 858
Started game 864 of 2000000 (v0.0.1 vs nnue-integration)
Finished game 858 (v0.0.1 vs nnue-integration): 1/2-1/2 {Draw by 3-fold repetition}
Score of nnue-integration vs v0.0.1: 435 - 150 - 274  [0.666] 859
Started game 865 of 2000000 (nnue-integration vs v0.0.1)
Finished game 861 (nnue-integration vs v0.0.1): 1-0 {White wins by adjudication}
Score of nnue-integration vs v0.0.1: 436 - 150 - 274  [0.666] 860
Started game 866 of 2000000 (v0.0.1 vs nnue-integration)
Finished game 857 (nnue-integration vs v0.0.1): 0-1 {Black wins by adjudication}
Score of nnue-integration vs v0.0.1: 436 - 151 - 274  [0.666] 861
Started game 867 of 2000000 (nnue-integration vs v0.0.1)
Finished game 862 (v0.0.1 vs nnue-integration): 1/2-1/2 {Draw by 3-fold repetition}
Score of nnue-integration vs v0.0.1: 436 - 151 - 275  [0.665] 862
Started game 868 of 2000000 (v0.0.1 vs nnue-integration)
Finished game 865 (nnue-integration vs v0.0.1): 1-0 {White wins by adjudication}
Score of nnue-integration vs v0.0.1: 437 - 151 - 275  [0.666] 863
Started game 869 of 2000000 (nnue-integration vs v0.0.1)
Finished game 863 (nnue-integration vs v0.0.1): 1/2-1/2 {Draw by 3-fold repetition}
Score of nnue-integration vs v0.0.1: 437 - 151 - 276  [0.666] 864
Started game 870 of 2000000 (v0.0.1 vs nnue-integration)
Finished game 864 (v0.0.1 vs nnue-integration): 1/2-1/2 {Draw by 3-fold repetition}
Score of nnue-integration vs v0.0.1: 437 - 151 - 277  [0.665] 865
Started game 871 of 2000000 (nnue-integration vs v0.0.1)
Finished game 867 (nnue-integration vs v0.0.1): 1-0 {White wins by adjudication}
Score of nnue-integration vs v0.0.1: 438 - 151 - 277  [0.666] 866
Started game 872 of 2000000 (v0.0.1 vs nnue-integration)
Finished game 868 (v0.0.1 vs nnue-integration): 1/2-1/2 {Draw by 3-fold repetition}
Score of nnue-integration vs v0.0.1: 438 - 151 - 278  [0.666] 867
Started game 873 of 2000000 (nnue-integration vs v0.0.1)
Finished game 866 (v0.0.1 vs nnue-integration): 0-1 {Black wins by adjudication}
Score of nnue-integration vs v0.0.1: 439 - 151 - 278  [0.666] 868
Started game 874 of 2000000 (v0.0.1 vs nnue-integration)
Finished game 869 (nnue-integration vs v0.0.1): 1-0 {White wins by adjudication}
Score of nnue-integration vs v0.0.1: 440 - 151 - 278  [0.666] 869
Started game 875 of 2000000 (nnue-integration vs v0.0.1)
Finished game 870 (v0.0.1 vs nnue-integration): 1-0 {White wins by adjudication}
Score of nnue-integration vs v0.0.1: 440 - 152 - 278  [0.666] 870
Started game 876 of 2000000 (v0.0.1 vs nnue-integration)
Finished game 871 (nnue-integration vs v0.0.1): 1/2-1/2 {Draw by 3-fold repetition}
Score of nnue-integration vs v0.0.1: 440 - 152 - 279  [0.665] 871
Started game 877 of 2000000 (nnue-integration vs v0.0.1)
Finished game 872 (v0.0.1 vs nnue-integration): 1/2-1/2 {Draw by 3-fold repetition}
Score of nnue-integration vs v0.0.1: 440 - 152 - 280  [0.665] 872
Started game 878 of 2000000 (v0.0.1 vs nnue-integration)
Finished game 878 (v0.0.1 vs nnue-integration): 1-0 {White wins by adjudication}
Score of nnue-integration vs v0.0.1: 440 - 153 - 280  [0.664] 873
Started game 879 of 2000000 (nnue-integration vs v0.0.1)
Finished game 873 (nnue-integration vs v0.0.1): 0-1 {Black wins by adjudication}
Score of nnue-integration vs v0.0.1: 440 - 154 - 280  [0.664] 874
Started game 880 of 2000000 (v0.0.1 vs nnue-integration)
Finished game 877 (nnue-integration vs v0.0.1): 1-0 {White wins by adjudication}
Score of nnue-integration vs v0.0.1: 441 - 154 - 280  [0.664] 875
Started game 881 of 2000000 (nnue-integration vs v0.0.1)
Finished game 874 (v0.0.1 vs nnue-integration): 1-0 {White wins by adjudication}
Score of nnue-integration vs v0.0.1: 441 - 155 - 280  [0.663] 876
Started game 882 of 2000000 (v0.0.1 vs nnue-integration)
Finished game 875 (nnue-integration vs v0.0.1): 0-1 {Black wins by adjudication}
Score of nnue-integration vs v0.0.1: 441 - 156 - 280  [0.662] 877
Started game 883 of 2000000 (nnue-integration vs v0.0.1)
Finished game 876 (v0.0.1 vs nnue-integration): 1/2-1/2 {Draw by 3-fold repetition}
Score of nnue-integration vs v0.0.1: 441 - 156 - 281  [0.662] 878
Started game 884 of 2000000 (v0.0.1 vs nnue-integration)
Finished game 879 (nnue-integration vs v0.0.1): 1-0 {White wins by adjudication}
Score of nnue-integration vs v0.0.1: 442 - 156 - 281  [0.663] 879
Started game 885 of 2000000 (nnue-integration vs v0.0.1)
Finished game 883 (nnue-integration vs v0.0.1): 1-0 {White wins by adjudication}
Score of nnue-integration vs v0.0.1: 443 - 156 - 281  [0.663] 880
Started game 886 of 2000000 (v0.0.1 vs nnue-integration)
Finished game 880 (v0.0.1 vs nnue-integration): 1/2-1/2 {Draw by 3-fold repetition}
Score of nnue-integration vs v0.0.1: 443 - 156 - 282  [0.663] 881
Started game 887 of 2000000 (nnue-integration vs v0.0.1)
Finished game 881 (nnue-integration vs v0.0.1): 1/2-1/2 {Draw by 3-fold repetition}
Score of nnue-integration vs v0.0.1: 443 - 156 - 283  [0.663] 882
Started game 888 of 2000000 (v0.0.1 vs nnue-integration)
Finished game 882 (v0.0.1 vs nnue-integration): 1/2-1/2 {Draw by 3-fold repetition}
Score of nnue-integration vs v0.0.1: 443 - 156 - 284  [0.663] 883
Started game 889 of 2000000 (nnue-integration vs v0.0.1)
Finished game 885 (nnue-integration vs v0.0.1): 0-1 {Black wins by adjudication}
Score of nnue-integration vs v0.0.1: 443 - 157 - 284  [0.662] 884
Started game 890 of 2000000 (v0.0.1 vs nnue-integration)
Finished game 887 (nnue-integration vs v0.0.1): 1-0 {White wins by adjudication}
Score of nnue-integration vs v0.0.1: 444 - 157 - 284  [0.662] 885
Started game 891 of 2000000 (nnue-integration vs v0.0.1)
Finished game 884 (v0.0.1 vs nnue-integration): 1/2-1/2 {Draw by 3-fold repetition}
Score of nnue-integration vs v0.0.1: 444 - 157 - 285  [0.662] 886
Started game 892 of 2000000 (v0.0.1 vs nnue-integration)
Finished game 888 (v0.0.1 vs nnue-integration): 1/2-1/2 {Draw by 3-fold repetition}
Score of nnue-integration vs v0.0.1: 444 - 157 - 286  [0.662] 887
Started game 893 of 2000000 (nnue-integration vs v0.0.1)
Finished game 889 (nnue-integration vs v0.0.1): 1/2-1/2 {Draw by 3-fold repetition}
Score of nnue-integration vs v0.0.1: 444 - 157 - 287  [0.662] 888
Started game 894 of 2000000 (v0.0.1 vs nnue-integration)
Finished game 886 (v0.0.1 vs nnue-integration): 1/2-1/2 {Draw by 3-fold repetition}
Score of nnue-integration vs v0.0.1: 444 - 157 - 288  [0.661] 889
Started game 895 of 2000000 (nnue-integration vs v0.0.1)
Finished game 891 (nnue-integration vs v0.0.1): 1-0 {White wins by adjudication}
Score of nnue-integration vs v0.0.1: 445 - 157 - 288  [0.662] 890
Started game 896 of 2000000 (v0.0.1 vs nnue-integration)
Finished game 892 (v0.0.1 vs nnue-integration): 1/2-1/2 {Draw by 3-fold repetition}
Score of nnue-integration vs v0.0.1: 445 - 157 - 289  [0.662] 891
Started game 897 of 2000000 (nnue-integration vs v0.0.1)
Finished game 890 (v0.0.1 vs nnue-integration): 1/2-1/2 {Draw by 3-fold repetition}
Score of nnue-integration vs v0.0.1: 445 - 157 - 290  [0.661] 892
Started game 898 of 2000000 (v0.0.1 vs nnue-integration)
Finished game 895 (nnue-integration vs v0.0.1): 1/2-1/2 {Draw by 3-fold repetition}
Score of nnue-integration vs v0.0.1: 445 - 157 - 291  [0.661] 893
Started game 899 of 2000000 (nnue-integration vs v0.0.1)
Finished game 893 (nnue-integration vs v0.0.1): 0-1 {Black mates}
Score of nnue-integration vs v0.0.1: 445 - 158 - 291  [0.661] 894
Started game 900 of 2000000 (v0.0.1 vs nnue-integration)
Finished game 896 (v0.0.1 vs nnue-integration): 0-1 {Black wins by adjudication}
Score of nnue-integration vs v0.0.1: 446 - 158 - 291  [0.661] 895
Started game 901 of 2000000 (nnue-integration vs v0.0.1)
Finished game 894 (v0.0.1 vs nnue-integration): 0-1 {Black wins by adjudication}
Score of nnue-integration vs v0.0.1: 447 - 158 - 291  [0.661] 896
Started game 902 of 2000000 (v0.0.1 vs nnue-integration)
Finished game 897 (nnue-integration vs v0.0.1): 1-0 {White mates}
Score of nnue-integration vs v0.0.1: 448 - 158 - 291  [0.662] 897
Started game 903 of 2000000 (nnue-integration vs v0.0.1)
Finished game 901 (nnue-integration vs v0.0.1): 1/2-1/2 {Draw by 3-fold repetition}
Score of nnue-integration vs v0.0.1: 448 - 158 - 292  [0.661] 898
Started game 904 of 2000000 (v0.0.1 vs nnue-integration)
Finished game 900 (v0.0.1 vs nnue-integration): 0-1 {Black wins by adjudication}
Score of nnue-integration vs v0.0.1: 449 - 158 - 292  [0.662] 899
Started game 905 of 2000000 (nnue-integration vs v0.0.1)
Finished game 898 (v0.0.1 vs nnue-integration): 1/2-1/2 {Draw by 3-fold repetition}
Score of nnue-integration vs v0.0.1: 449 - 158 - 293  [0.662] 900
Started game 906 of 2000000 (v0.0.1 vs nnue-integration)
Finished game 899 (nnue-integration vs v0.0.1): 1-0 {White wins by adjudication}
Score of nnue-integration vs v0.0.1: 450 - 158 - 293  [0.662] 901
Started game 907 of 2000000 (nnue-integration vs v0.0.1)
Finished game 902 (v0.0.1 vs nnue-integration): 1/2-1/2 {Draw by 3-fold repetition}
Score of nnue-integration vs v0.0.1: 450 - 158 - 294  [0.662] 902
Started game 908 of 2000000 (v0.0.1 vs nnue-integration)
Finished game 905 (nnue-integration vs v0.0.1): 1-0 {White wins by adjudication}
Score of nnue-integration vs v0.0.1: 451 - 158 - 294  [0.662] 903
Started game 909 of 2000000 (nnue-integration vs v0.0.1)
Finished game 903 (nnue-integration vs v0.0.1): 1-0 {White wins by adjudication}
Score of nnue-integration vs v0.0.1: 452 - 158 - 294  [0.663] 904
Started game 910 of 2000000 (v0.0.1 vs nnue-integration)
Finished game 907 (nnue-integration vs v0.0.1): 1-0 {White wins by adjudication}
Score of nnue-integration vs v0.0.1: 453 - 158 - 294  [0.663] 905
Started game 911 of 2000000 (nnue-integration vs v0.0.1)
Finished game 904 (v0.0.1 vs nnue-integration): 1/2-1/2 {Draw by 3-fold repetition}
Score of nnue-integration vs v0.0.1: 453 - 158 - 295  [0.663] 906
Started game 912 of 2000000 (v0.0.1 vs nnue-integration)
Finished game 909 (nnue-integration vs v0.0.1): 1/2-1/2 {Draw by 3-fold repetition}
Score of nnue-integration vs v0.0.1: 453 - 158 - 296  [0.663] 907
Started game 913 of 2000000 (nnue-integration vs v0.0.1)
Finished game 906 (v0.0.1 vs nnue-integration): 1/2-1/2 {Draw by 3-fold repetition}
Score of nnue-integration vs v0.0.1: 453 - 158 - 297  [0.662] 908
Started game 914 of 2000000 (v0.0.1 vs nnue-integration)
Finished game 908 (v0.0.1 vs nnue-integration): 0-1 {Black wins by adjudication}
Score of nnue-integration vs v0.0.1: 454 - 158 - 297  [0.663] 909
Started game 915 of 2000000 (nnue-integration vs v0.0.1)
Finished game 910 (v0.0.1 vs nnue-integration): 0-1 {Black wins by adjudication}
Score of nnue-integration vs v0.0.1: 455 - 158 - 297  [0.663] 910
Started game 916 of 2000000 (v0.0.1 vs nnue-integration)
Finished game 911 (nnue-integration vs v0.0.1): 1/2-1/2 {Draw by 3-fold repetition}
Score of nnue-integration vs v0.0.1: 455 - 158 - 298  [0.663] 911
Started game 917 of 2000000 (nnue-integration vs v0.0.1)
Finished game 914 (v0.0.1 vs nnue-integration): 1/2-1/2 {Draw by 3-fold repetition}
Score of nnue-integration vs v0.0.1: 455 - 158 - 299  [0.663] 912
Started game 918 of 2000000 (v0.0.1 vs nnue-integration)
Finished game 913 (nnue-integration vs v0.0.1): 1-0 {White wins by adjudication}
Score of nnue-integration vs v0.0.1: 456 - 158 - 299  [0.663] 913
Started game 919 of 2000000 (nnue-integration vs v0.0.1)
Finished game 915 (nnue-integration vs v0.0.1): 1/2-1/2 {Draw by 3-fold repetition}
Score of nnue-integration vs v0.0.1: 456 - 158 - 300  [0.663] 914
Started game 920 of 2000000 (v0.0.1 vs nnue-integration)
Finished game 912 (v0.0.1 vs nnue-integration): 0-1 {Black mates}
Score of nnue-integration vs v0.0.1: 457 - 158 - 300  [0.663] 915
Started game 921 of 2000000 (nnue-integration vs v0.0.1)
Finished game 918 (v0.0.1 vs nnue-integration): 0-1 {Black wins by adjudication}
Score of nnue-integration vs v0.0.1: 458 - 158 - 300  [0.664] 916
Started game 922 of 2000000 (v0.0.1 vs nnue-integration)
Finished game 916 (v0.0.1 vs nnue-integration): 1/2-1/2 {Draw by 3-fold repetition}
Score of nnue-integration vs v0.0.1: 458 - 158 - 301  [0.664] 917
Started game 923 of 2000000 (nnue-integration vs v0.0.1)
Finished game 919 (nnue-integration vs v0.0.1): 1/2-1/2 {Draw by 3-fold repetition}
Score of nnue-integration vs v0.0.1: 458 - 158 - 302  [0.663] 918
Started game 924 of 2000000 (v0.0.1 vs nnue-integration)
Finished game 920 (v0.0.1 vs nnue-integration): 0-1 {Black wins by adjudication}
Score of nnue-integration vs v0.0.1: 459 - 158 - 302  [0.664] 919
Started game 925 of 2000000 (nnue-integration vs v0.0.1)
Finished game 917 (nnue-integration vs v0.0.1): 0-1 {Black wins by adjudication}
Score of nnue-integration vs v0.0.1: 459 - 159 - 302  [0.663] 920
Started game 926 of 2000000 (v0.0.1 vs nnue-integration)
Finished game 921 (nnue-integration vs v0.0.1): 0-1 {Black wins by adjudication}
Score of nnue-integration vs v0.0.1: 459 - 160 - 302  [0.662] 921
Started game 927 of 2000000 (nnue-integration vs v0.0.1)
Finished game 922 (v0.0.1 vs nnue-integration): 0-1 {Black wins by adjudication}
Score of nnue-integration vs v0.0.1: 460 - 160 - 302  [0.663] 922
Started game 928 of 2000000 (v0.0.1 vs nnue-integration)
Finished game 927 (nnue-integration vs v0.0.1): 1/2-1/2 {Draw by 3-fold repetition}
Score of nnue-integration vs v0.0.1: 460 - 160 - 303  [0.663] 923
Started game 929 of 2000000 (nnue-integration vs v0.0.1)
Finished game 925 (nnue-integration vs v0.0.1): 1-0 {White wins by adjudication}
Score of nnue-integration vs v0.0.1: 461 - 160 - 303  [0.663] 924
Started game 930 of 2000000 (v0.0.1 vs nnue-integration)
Finished game 924 (v0.0.1 vs nnue-integration): 1-0 {White wins by adjudication}
Score of nnue-integration vs v0.0.1: 461 - 161 - 303  [0.662] 925
Started game 931 of 2000000 (nnue-integration vs v0.0.1)
Finished game 926 (v0.0.1 vs nnue-integration): 0-1 {Black wins by adjudication}
Score of nnue-integration vs v0.0.1: 462 - 161 - 303  [0.663] 926
Started game 932 of 2000000 (v0.0.1 vs nnue-integration)
Finished game 923 (nnue-integration vs v0.0.1): 0-1 {Black wins by adjudication}
Score of nnue-integration vs v0.0.1: 462 - 162 - 303  [0.662] 927
Started game 933 of 2000000 (nnue-integration vs v0.0.1)
Finished game 931 (nnue-integration vs v0.0.1): 1-0 {White wins by adjudication}
Score of nnue-integration vs v0.0.1: 463 - 162 - 303  [0.662] 928
Started game 934 of 2000000 (v0.0.1 vs nnue-integration)
Finished game 929 (nnue-integration vs v0.0.1): 1-0 {White wins by adjudication}
Score of nnue-integration vs v0.0.1: 464 - 162 - 303  [0.663] 929
Started game 935 of 2000000 (nnue-integration vs v0.0.1)
Finished game 930 (v0.0.1 vs nnue-integration): 0-1 {Black wins by adjudication}
Score of nnue-integration vs v0.0.1: 465 - 162 - 303  [0.663] 930
Started game 936 of 2000000 (v0.0.1 vs nnue-integration)
Finished game 928 (v0.0.1 vs nnue-integration): 0-1 {Black wins by adjudication}
Score of nnue-integration vs v0.0.1: 466 - 162 - 303  [0.663] 931
Started game 937 of 2000000 (nnue-integration vs v0.0.1)
Finished game 932 (v0.0.1 vs nnue-integration): 0-1 {Black wins by adjudication}
Score of nnue-integration vs v0.0.1: 467 - 162 - 303  [0.664] 932
Started game 938 of 2000000 (v0.0.1 vs nnue-integration)
Finished game 933 (nnue-integration vs v0.0.1): 1-0 {White wins by adjudication}
Score of nnue-integration vs v0.0.1: 468 - 162 - 303  [0.664] 933
Started game 939 of 2000000 (nnue-integration vs v0.0.1)
Finished game 934 (v0.0.1 vs nnue-integration): 1/2-1/2 {Draw by 3-fold repetition}
Score of nnue-integration vs v0.0.1: 468 - 162 - 304  [0.664] 934
Started game 940 of 2000000 (v0.0.1 vs nnue-integration)
Finished game 936 (v0.0.1 vs nnue-integration): 1/2-1/2 {Draw by 3-fold repetition}
Score of nnue-integration vs v0.0.1: 468 - 162 - 305  [0.664] 935
Started game 941 of 2000000 (nnue-integration vs v0.0.1)
Finished game 935 (nnue-integration vs v0.0.1): 1-0 {White wins by adjudication}
Score of nnue-integration vs v0.0.1: 469 - 162 - 305  [0.664] 936
Started game 942 of 2000000 (v0.0.1 vs nnue-integration)
Finished game 937 (nnue-integration vs v0.0.1): 0-1 {Black wins by adjudication}
Score of nnue-integration vs v0.0.1: 469 - 163 - 305  [0.663] 937
Started game 943 of 2000000 (nnue-integration vs v0.0.1)
Finished game 938 (v0.0.1 vs nnue-integration): 0-1 {Black wins by adjudication}
Score of nnue-integration vs v0.0.1: 470 - 163 - 305  [0.664] 938
Started game 944 of 2000000 (v0.0.1 vs nnue-integration)
Finished game 939 (nnue-integration vs v0.0.1): 1-0 {White wins by adjudication}
Score of nnue-integration vs v0.0.1: 471 - 163 - 305  [0.664] 939
Started game 945 of 2000000 (nnue-integration vs v0.0.1)
Finished game 942 (v0.0.1 vs nnue-integration): 0-1 {Black wins by adjudication}
Score of nnue-integration vs v0.0.1: 472 - 163 - 305  [0.664] 940
Started game 946 of 2000000 (v0.0.1 vs nnue-integration)
Finished game 943 (nnue-integration vs v0.0.1): 1-0 {White wins by adjudication}
Score of nnue-integration vs v0.0.1: 473 - 163 - 305  [0.665] 941
Started game 947 of 2000000 (nnue-integration vs v0.0.1)
Finished game 940 (v0.0.1 vs nnue-integration): 0-1 {Black wins by adjudication}
Score of nnue-integration vs v0.0.1: 474 - 163 - 305  [0.665] 942
Started game 948 of 2000000 (v0.0.1 vs nnue-integration)
Finished game 941 (nnue-integration vs v0.0.1): 1/2-1/2 {Draw by 3-fold repetition}
Score of nnue-integration vs v0.0.1: 474 - 163 - 306  [0.665] 943
Started game 949 of 2000000 (nnue-integration vs v0.0.1)
Finished game 944 (v0.0.1 vs nnue-integration): 1/2-1/2 {Draw by 3-fold repetition}
Score of nnue-integration vs v0.0.1: 474 - 163 - 307  [0.665] 944
Started game 950 of 2000000 (v0.0.1 vs nnue-integration)
Finished game 947 (nnue-integration vs v0.0.1): 1-0 {White wins by adjudication}
Score of nnue-integration vs v0.0.1: 475 - 163 - 307  [0.665] 945
Started game 951 of 2000000 (nnue-integration vs v0.0.1)
Finished game 945 (nnue-integration vs v0.0.1): 1/2-1/2 {Draw by 3-fold repetition}
Score of nnue-integration vs v0.0.1: 475 - 163 - 308  [0.665] 946
Started game 952 of 2000000 (v0.0.1 vs nnue-integration)
Finished game 946 (v0.0.1 vs nnue-integration): 1/2-1/2 {Draw by 3-fold repetition}
Score of nnue-integration vs v0.0.1: 475 - 163 - 309  [0.665] 947
Started game 953 of 2000000 (nnue-integration vs v0.0.1)
Finished game 950 (v0.0.1 vs nnue-integration): 0-1 {Black wins by adjudication}
Score of nnue-integration vs v0.0.1: 476 - 163 - 309  [0.665] 948
Started game 954 of 2000000 (v0.0.1 vs nnue-integration)
Finished game 949 (nnue-integration vs v0.0.1): 1-0 {White wins by adjudication}
Score of nnue-integration vs v0.0.1: 477 - 163 - 309  [0.665] 949
Started game 955 of 2000000 (nnue-integration vs v0.0.1)
Finished game 951 (nnue-integration vs v0.0.1): 1-0 {White wins by adjudication}
Score of nnue-integration vs v0.0.1: 478 - 163 - 309  [0.666] 950
Started game 956 of 2000000 (v0.0.1 vs nnue-integration)
Finished game 948 (v0.0.1 vs nnue-integration): 1-0 {White wins by adjudication}
Score of nnue-integration vs v0.0.1: 478 - 164 - 309  [0.665] 951
Started game 957 of 2000000 (nnue-integration vs v0.0.1)
Finished game 952 (v0.0.1 vs nnue-integration): 1-0 {White wins by adjudication}
Score of nnue-integration vs v0.0.1: 478 - 165 - 309  [0.664] 952
Started game 958 of 2000000 (v0.0.1 vs nnue-integration)
Finished game 953 (nnue-integration vs v0.0.1): 1-0 {White wins by adjudication}
Score of nnue-integration vs v0.0.1: 479 - 165 - 309  [0.665] 953
Started game 959 of 2000000 (nnue-integration vs v0.0.1)
Finished game 955 (nnue-integration vs v0.0.1): 0-1 {Black wins by adjudication}
Score of nnue-integration vs v0.0.1: 479 - 166 - 309  [0.664] 954
Started game 960 of 2000000 (v0.0.1 vs nnue-integration)
Finished game 954 (v0.0.1 vs nnue-integration): 1-0 {White mates}
Score of nnue-integration vs v0.0.1: 479 - 167 - 309  [0.663] 955
Started game 961 of 2000000 (nnue-integration vs v0.0.1)
Finished game 958 (v0.0.1 vs nnue-integration): 0-1 {Black wins by adjudication}
Score of nnue-integration vs v0.0.1: 480 - 167 - 309  [0.664] 956
Started game 962 of 2000000 (v0.0.1 vs nnue-integration)
Finished game 956 (v0.0.1 vs nnue-integration): 0-1 {Black wins by adjudication}
Score of nnue-integration vs v0.0.1: 481 - 167 - 309  [0.664] 957
Started game 963 of 2000000 (nnue-integration vs v0.0.1)
Finished game 957 (nnue-integration vs v0.0.1): 0-1 {Black wins by adjudication}
Score of nnue-integration vs v0.0.1: 481 - 168 - 309  [0.663] 958
Started game 964 of 2000000 (v0.0.1 vs nnue-integration)
Finished game 961 (nnue-integration vs v0.0.1): 1-0 {White mates}
Score of nnue-integration vs v0.0.1: 482 - 168 - 309  [0.664] 959
Started game 965 of 2000000 (nnue-integration vs v0.0.1)
Finished game 960 (v0.0.1 vs nnue-integration): 1-0 {White wins by adjudication}
Score of nnue-integration vs v0.0.1: 482 - 169 - 309  [0.663] 960
Started game 966 of 2000000 (v0.0.1 vs nnue-integration)
Finished game 963 (nnue-integration vs v0.0.1): 1-0 {White wins by adjudication}
Score of nnue-integration vs v0.0.1: 483 - 169 - 309  [0.663] 961
Started game 967 of 2000000 (nnue-integration vs v0.0.1)
Finished game 962 (v0.0.1 vs nnue-integration): 1/2-1/2 {Draw by 3-fold repetition}
Score of nnue-integration vs v0.0.1: 483 - 169 - 310  [0.663] 962
Started game 968 of 2000000 (v0.0.1 vs nnue-integration)
Finished game 959 (nnue-integration vs v0.0.1): 1-0 {White wins by adjudication}
Score of nnue-integration vs v0.0.1: 484 - 169 - 310  [0.664] 963
Started game 969 of 2000000 (nnue-integration vs v0.0.1)
Finished game 965 (nnue-integration vs v0.0.1): 1/2-1/2 {Draw by 3-fold repetition}
Score of nnue-integration vs v0.0.1: 484 - 169 - 311  [0.663] 964
Started game 970 of 2000000 (v0.0.1 vs nnue-integration)
Finished game 964 (v0.0.1 vs nnue-integration): 0-1 {Black wins by adjudication}
Score of nnue-integration vs v0.0.1: 485 - 169 - 311  [0.664] 965
Started game 971 of 2000000 (nnue-integration vs v0.0.1)
Finished game 966 (v0.0.1 vs nnue-integration): 1-0 {White wins by adjudication}
Score of nnue-integration vs v0.0.1: 485 - 170 - 311  [0.663] 966
Started game 972 of 2000000 (v0.0.1 vs nnue-integration)
Finished game 967 (nnue-integration vs v0.0.1): 1-0 {White wins by adjudication}
Score of nnue-integration vs v0.0.1: 486 - 170 - 311  [0.663] 967
Started game 973 of 2000000 (nnue-integration vs v0.0.1)
Finished game 968 (v0.0.1 vs nnue-integration): 0-1 {Black wins by adjudication}
Score of nnue-integration vs v0.0.1: 487 - 170 - 311  [0.664] 968
Started game 974 of 2000000 (v0.0.1 vs nnue-integration)
Finished game 969 (nnue-integration vs v0.0.1): 1/2-1/2 {Draw by 3-fold repetition}
Score of nnue-integration vs v0.0.1: 487 - 170 - 312  [0.664] 969
Started game 975 of 2000000 (nnue-integration vs v0.0.1)
Finished game 975 (nnue-integration vs v0.0.1): 1-0 {White wins by adjudication}
Score of nnue-integration vs v0.0.1: 488 - 170 - 312  [0.664] 970
Started game 976 of 2000000 (v0.0.1 vs nnue-integration)
Finished game 971 (nnue-integration vs v0.0.1): 1-0 {White wins by adjudication}
Score of nnue-integration vs v0.0.1: 489 - 170 - 312  [0.664] 971
Started game 977 of 2000000 (nnue-integration vs v0.0.1)
Finished game 972 (v0.0.1 vs nnue-integration): 0-1 {Black wins by adjudication}
Score of nnue-integration vs v0.0.1: 490 - 170 - 312  [0.665] 972
Started game 978 of 2000000 (v0.0.1 vs nnue-integration)
Finished game 970 (v0.0.1 vs nnue-integration): 0-1 {Black wins by adjudication}
Score of nnue-integration vs v0.0.1: 491 - 170 - 312  [0.665] 973
Started game 979 of 2000000 (nnue-integration vs v0.0.1)
Finished game 973 (nnue-integration vs v0.0.1): 0-1 {Black wins by adjudication}
Score of nnue-integration vs v0.0.1: 491 - 171 - 312  [0.664] 974
Started game 980 of 2000000 (v0.0.1 vs nnue-integration)
Finished game 974 (v0.0.1 vs nnue-integration): 1/2-1/2 {Draw by 3-fold repetition}
Score of nnue-integration vs v0.0.1: 491 - 171 - 313  [0.664] 975
Started game 981 of 2000000 (nnue-integration vs v0.0.1)
Finished game 976 (v0.0.1 vs nnue-integration): 1/2-1/2 {Draw by 3-fold repetition}
Score of nnue-integration vs v0.0.1: 491 - 171 - 314  [0.664] 976
Started game 982 of 2000000 (v0.0.1 vs nnue-integration)
Finished game 978 (v0.0.1 vs nnue-integration): 1/2-1/2 {Draw by 3-fold repetition}
Score of nnue-integration vs v0.0.1: 491 - 171 - 315  [0.664] 977
Started game 983 of 2000000 (nnue-integration vs v0.0.1)
Finished game 977 (nnue-integration vs v0.0.1): 1-0 {White wins by adjudication}
Score of nnue-integration vs v0.0.1: 492 - 171 - 315  [0.664] 978
Started game 984 of 2000000 (v0.0.1 vs nnue-integration)
Finished game 980 (v0.0.1 vs nnue-integration): 0-1 {Black wins by adjudication}
Score of nnue-integration vs v0.0.1: 493 - 171 - 315  [0.664] 979
Started game 985 of 2000000 (nnue-integration vs v0.0.1)
Finished game 979 (nnue-integration vs v0.0.1): 1-0 {White wins by adjudication}
Score of nnue-integration vs v0.0.1: 494 - 171 - 315  [0.665] 980
Started game 986 of 2000000 (v0.0.1 vs nnue-integration)
Finished game 981 (nnue-integration vs v0.0.1): 1-0 {White wins by adjudication}
Score of nnue-integration vs v0.0.1: 495 - 171 - 315  [0.665] 981
Started game 987 of 2000000 (nnue-integration vs v0.0.1)
Finished game 982 (v0.0.1 vs nnue-integration): 0-1 {Black wins by adjudication}
Score of nnue-integration vs v0.0.1: 496 - 171 - 315  [0.665] 982
Started game 988 of 2000000 (v0.0.1 vs nnue-integration)
Finished game 983 (nnue-integration vs v0.0.1): 1-0 {White wins by adjudication}
Score of nnue-integration vs v0.0.1: 497 - 171 - 315  [0.666] 983
Started game 989 of 2000000 (nnue-integration vs v0.0.1)
Finished game 985 (nnue-integration vs v0.0.1): 1/2-1/2 {Draw by 3-fold repetition}
Score of nnue-integration vs v0.0.1: 497 - 171 - 316  [0.666] 984
Started game 990 of 2000000 (v0.0.1 vs nnue-integration)
Finished game 984 (v0.0.1 vs nnue-integration): 0-1 {Black wins by adjudication}
Score of nnue-integration vs v0.0.1: 498 - 171 - 316  [0.666] 985
Finished game 988 (v0.0.1 vs nnue-integration): * {No result}
Score of nnue-integration vs v0.0.1: 498 - 171 - 316  [0.666] 985
Finished game 986 (v0.0.1 vs nnue-integration): * {No result}
Score of nnue-integration vs v0.0.1: 498 - 171 - 316  [0.666] 985
Finished game 990 (v0.0.1 vs nnue-integration): * {No result}
Score of nnue-integration vs v0.0.1: 498 - 171 - 316  [0.666] 985
Finished game 989 (nnue-integration vs v0.0.1): * {No result}
Score of nnue-integration vs v0.0.1: 498 - 171 - 316  [0.666] 985
Finished game 987 (nnue-integration vs v0.0.1): * {No result}
Score of nnue-integration vs v0.0.1: 498 - 171 - 316  [0.666] 985
...      nnue-integration playing White: 272 - 93 - 128  [0.682] 493
...      nnue-integration playing Black: 226 - 78 - 188  [0.650] 492
...      White vs Black: 350 - 319 - 316  [0.516] 985
Elo difference: 119.9 +/- 18.4, LOS: 100.0 %, DrawRatio: 32.1 %
SPRT: llr 2.95 (100.1%), lbound -2.94, ubound 2.94 - H1 was accepted

Player: nnue-integration
   "Draw by 3-fold repetition": 316
   "Loss: Black loses on time": 4
   "Loss: Black mates": 4
   "Loss: Black wins by adjudication": 86
   "Loss: White loses on time": 3
   "Loss: White mates": 4
   "Loss: White wins by adjudication": 70
   "No result": 5
   "Win: Black loses on time": 3
   "Win: Black mates": 13
   "Win: Black wins by adjudication": 211
   "Win: White loses on time": 2
   "Win: White mates": 11
   "Win: White wins by adjudication": 258
Player: v0.0.1
   "Draw by 3-fold repetition": 316
   "Loss: Black loses on time": 3
   "Loss: Black mates": 13
   "Loss: Black wins by adjudication": 211
   "Loss: White loses on time": 2
   "Loss: White mates": 11
   "Loss: White wins by adjudication": 258
   "No result": 5
   "Win: Black loses on time": 4
   "Win: Black mates": 4
   "Win: Black wins by adjudication": 86
   "Win: White loses on time": 3
   "Win: White mates": 4
   "Win: White wins by adjudication": 70
Finished match
