Indexing opening suite...
Started game 1 of 2000000 (time-management-improvements vs main)
Started game 2 of 2000000 (main vs time-management-improvements)
Started game 3 of 2000000 (time-management-improvements vs main)
Started game 4 of 2000000 (main vs time-management-improvements)
Finished game 4 (main vs time-management-improvements): 0-1 {Black wins by adjudication}
Score of time-management-improvements vs main: 1 - 0 - 0  [1.000] 1
Started game 5 of 2000000 (time-management-improvements vs main)
Finished game 2 (main vs time-management-improvements): 1/2-1/2 {Draw by 3-fold repetition}
Score of time-management-improvements vs main: 1 - 0 - 1  [0.750] 2
Started game 6 of 2000000 (main vs time-management-improvements)
Finished game 1 (time-management-improvements vs main): 0-1 {Black wins by adjudication}
Score of time-management-improvements vs main: 1 - 1 - 1  [0.500] 3
Started game 7 of 2000000 (time-management-improvements vs main)
Finished game 3 (time-management-improvements vs main): 1/2-1/2 {Draw by 3-fold repetition}
Score of time-management-improvements vs main: 1 - 1 - 2  [0.500] 4
Started game 8 of 2000000 (main vs time-management-improvements)
Finished game 5 (time-management-improvements vs main): 0-1 {Black wins by adjudication}
Score of time-management-improvements vs main: 1 - 2 - 2  [0.400] 5
Started game 9 of 2000000 (time-management-improvements vs main)
Finished game 7 (time-management-improvements vs main): 1-0 {White mates}
Score of time-management-improvements vs main: 2 - 2 - 2  [0.500] 6
Started game 10 of 2000000 (main vs time-management-improvements)
Finished game 6 (main vs time-management-improvements): 0-1 {Black wins by adjudication}
Score of time-management-improvements vs main: 3 - 2 - 2  [0.571] 7
Started game 11 of 2000000 (time-management-improvements vs main)
Finished game 8 (main vs time-management-improvements): 1/2-1/2 {Draw by 3-fold repetition}
Score of time-management-improvements vs main: 3 - 2 - 3  [0.563] 8
Started game 12 of 2000000 (main vs time-management-improvements)
Finished game 11 (time-management-improvements vs main): 1-0 {White wins by adjudication}
Score of time-management-improvements vs main: 4 - 2 - 3  [0.611] 9
Started game 13 of 2000000 (time-management-improvements vs main)
Finished game 10 (main vs time-management-improvements): 0-1 {Black wins by adjudication}
Score of time-management-improvements vs main: 5 - 2 - 3  [0.650] 10
Started game 14 of 2000000 (main vs time-management-improvements)
Finished game 9 (time-management-improvements vs main): 0-1 {Black wins by adjudication}
Score of time-management-improvements vs main: 5 - 3 - 3  [0.591] 11
Started game 15 of 2000000 (time-management-improvements vs main)
Finished game 12 (main vs time-management-improvements): 1-0 {White wins by adjudication}
Score of time-management-improvements vs main: 5 - 4 - 3  [0.542] 12
Started game 16 of 2000000 (main vs time-management-improvements)
Finished game 16 (main vs time-management-improvements): 0-1 {Black wins by adjudication}
Score of time-management-improvements vs main: 6 - 4 - 3  [0.577] 13
Started game 17 of 2000000 (time-management-improvements vs main)
Finished game 13 (time-management-improvements vs main): 1-0 {White wins by adjudication}
Score of time-management-improvements vs main: 7 - 4 - 3  [0.607] 14
Started game 18 of 2000000 (main vs time-management-improvements)
Finished game 15 (time-management-improvements vs main): 1-0 {White wins by adjudication}
Score of time-management-improvements vs main: 8 - 4 - 3  [0.633] 15
Started game 19 of 2000000 (time-management-improvements vs main)
Finished game 14 (main vs time-management-improvements): 0-1 {Black wins by adjudication}
Score of time-management-improvements vs main: 9 - 4 - 3  [0.656] 16
Started game 20 of 2000000 (main vs time-management-improvements)
Finished game 17 (time-management-improvements vs main): 1/2-1/2 {Draw by 3-fold repetition}
Score of time-management-improvements vs main: 9 - 4 - 4  [0.647] 17
Started game 21 of 2000000 (time-management-improvements vs main)
Finished game 19 (time-management-improvements vs main): 1/2-1/2 {Draw by 3-fold repetition}
Score of time-management-improvements vs main: 9 - 4 - 5  [0.639] 18
Started game 22 of 2000000 (main vs time-management-improvements)
Finished game 20 (main vs time-management-improvements): 1/2-1/2 {Draw by 3-fold repetition}
Score of time-management-improvements vs main: 9 - 4 - 6  [0.632] 19
Started game 23 of 2000000 (time-management-improvements vs main)
Finished game 18 (main vs time-management-improvements): 0-1 {Black wins by adjudication}
Score of time-management-improvements vs main: 10 - 4 - 6  [0.650] 20
Started game 24 of 2000000 (main vs time-management-improvements)
Finished game 21 (time-management-improvements vs main): 1-0 {White wins by adjudication}
Score of time-management-improvements vs main: 11 - 4 - 6  [0.667] 21
Started game 25 of 2000000 (time-management-improvements vs main)
Finished game 22 (main vs time-management-improvements): 0-1 {Black wins by adjudication}
Score of time-management-improvements vs main: 12 - 4 - 6  [0.682] 22
Started game 26 of 2000000 (main vs time-management-improvements)
Finished game 23 (time-management-improvements vs main): 1/2-1/2 {Draw by adjudication}
Score of time-management-improvements vs main: 12 - 4 - 7  [0.674] 23
Started game 27 of 2000000 (time-management-improvements vs main)
Finished game 24 (main vs time-management-improvements): 0-1 {Black wins by adjudication}
Score of time-management-improvements vs main: 13 - 4 - 7  [0.688] 24
Started game 28 of 2000000 (main vs time-management-improvements)
Finished game 25 (time-management-improvements vs main): 1/2-1/2 {Draw by 3-fold repetition}
Score of time-management-improvements vs main: 13 - 4 - 8  [0.680] 25
Started game 29 of 2000000 (time-management-improvements vs main)
Finished game 26 (main vs time-management-improvements): 1/2-1/2 {Draw by 3-fold repetition}
Score of time-management-improvements vs main: 13 - 4 - 9  [0.673] 26
Started game 30 of 2000000 (main vs time-management-improvements)
Finished game 27 (time-management-improvements vs main): 0-1 {Black wins by adjudication}
Score of time-management-improvements vs main: 13 - 5 - 9  [0.648] 27
Started game 31 of 2000000 (time-management-improvements vs main)
Finished game 28 (main vs time-management-improvements): 0-1 {Black wins by adjudication}
Score of time-management-improvements vs main: 14 - 5 - 9  [0.661] 28
Started game 32 of 2000000 (main vs time-management-improvements)
Finished game 29 (time-management-improvements vs main): 0-1 {Black wins by adjudication}
Score of time-management-improvements vs main: 14 - 6 - 9  [0.638] 29
Started game 33 of 2000000 (time-management-improvements vs main)
Finished game 30 (main vs time-management-improvements): 0-1 {Black wins by adjudication}
Score of time-management-improvements vs main: 15 - 6 - 9  [0.650] 30
Started game 34 of 2000000 (main vs time-management-improvements)
Finished game 31 (time-management-improvements vs main): 1-0 {White wins by adjudication}
Score of time-management-improvements vs main: 16 - 6 - 9  [0.661] 31
Started game 35 of 2000000 (time-management-improvements vs main)
Finished game 34 (main vs time-management-improvements): 1-0 {White wins by adjudication}
Score of time-management-improvements vs main: 16 - 7 - 9  [0.641] 32
Started game 36 of 2000000 (main vs time-management-improvements)
Finished game 33 (time-management-improvements vs main): 0-1 {Black wins by adjudication}
Score of time-management-improvements vs main: 16 - 8 - 9  [0.621] 33
Started game 37 of 2000000 (time-management-improvements vs main)
Finished game 32 (main vs time-management-improvements): 0-1 {Black wins by adjudication}
Score of time-management-improvements vs main: 17 - 8 - 9  [0.632] 34
Started game 38 of 2000000 (main vs time-management-improvements)
Finished game 35 (time-management-improvements vs main): 1/2-1/2 {Draw by 3-fold repetition}
Score of time-management-improvements vs main: 17 - 8 - 10  [0.629] 35
Started game 39 of 2000000 (time-management-improvements vs main)
Finished game 36 (main vs time-management-improvements): 1/2-1/2 {Draw by 3-fold repetition}
Score of time-management-improvements vs main: 17 - 8 - 11  [0.625] 36
Started game 40 of 2000000 (main vs time-management-improvements)
Finished game 37 (time-management-improvements vs main): 1/2-1/2 {Draw by 3-fold repetition}
Score of time-management-improvements vs main: 17 - 8 - 12  [0.622] 37
Started game 41 of 2000000 (time-management-improvements vs main)
Finished game 38 (main vs time-management-improvements): 1-0 {White wins by adjudication}
Score of time-management-improvements vs main: 17 - 9 - 12  [0.605] 38
Started game 42 of 2000000 (main vs time-management-improvements)
Finished game 39 (time-management-improvements vs main): 1-0 {White wins by adjudication}
Score of time-management-improvements vs main: 18 - 9 - 12  [0.615] 39
Started game 43 of 2000000 (time-management-improvements vs main)
Finished game 40 (main vs time-management-improvements): 0-1 {Black wins by adjudication}
Score of time-management-improvements vs main: 19 - 9 - 12  [0.625] 40
Started game 44 of 2000000 (main vs time-management-improvements)
Finished game 42 (main vs time-management-improvements): 1/2-1/2 {Draw by 3-fold repetition}
Score of time-management-improvements vs main: 19 - 9 - 13  [0.622] 41
Started game 45 of 2000000 (time-management-improvements vs main)
Finished game 43 (time-management-improvements vs main): 1-0 {White mates}
Score of time-management-improvements vs main: 20 - 9 - 13  [0.631] 42
Started game 46 of 2000000 (main vs time-management-improvements)
Finished game 41 (time-management-improvements vs main): 1-0 {White wins by adjudication}
Score of time-management-improvements vs main: 21 - 9 - 13  [0.640] 43
Started game 47 of 2000000 (time-management-improvements vs main)
Finished game 44 (main vs time-management-improvements): 0-1 {Black wins by adjudication}
Score of time-management-improvements vs main: 22 - 9 - 13  [0.648] 44
Started game 48 of 2000000 (main vs time-management-improvements)
Finished game 45 (time-management-improvements vs main): 1-0 {White wins by adjudication}
Score of time-management-improvements vs main: 23 - 9 - 13  [0.656] 45
Started game 49 of 2000000 (time-management-improvements vs main)
Finished game 46 (main vs time-management-improvements): 0-1 {Black wins by adjudication}
Score of time-management-improvements vs main: 24 - 9 - 13  [0.663] 46
Started game 50 of 2000000 (main vs time-management-improvements)
Finished game 47 (time-management-improvements vs main): 1/2-1/2 {Draw by 3-fold repetition}
Score of time-management-improvements vs main: 24 - 9 - 14  [0.660] 47
Started game 51 of 2000000 (time-management-improvements vs main)
Finished game 48 (main vs time-management-improvements): 1/2-1/2 {Draw by 3-fold repetition}
Score of time-management-improvements vs main: 24 - 9 - 15  [0.656] 48
Started game 52 of 2000000 (main vs time-management-improvements)
Finished game 49 (time-management-improvements vs main): 1-0 {White wins by adjudication}
Score of time-management-improvements vs main: 25 - 9 - 15  [0.663] 49
Started game 53 of 2000000 (time-management-improvements vs main)
Finished game 50 (main vs time-management-improvements): 0-1 {Black wins by adjudication}
Score of time-management-improvements vs main: 26 - 9 - 15  [0.670] 50
Started game 54 of 2000000 (main vs time-management-improvements)
Finished game 52 (main vs time-management-improvements): 1-0 {White wins by adjudication}
Score of time-management-improvements vs main: 26 - 10 - 15  [0.657] 51
Started game 55 of 2000000 (time-management-improvements vs main)
Finished game 51 (time-management-improvements vs main): 1-0 {White wins by adjudication}
Score of time-management-improvements vs main: 27 - 10 - 15  [0.663] 52
Started game 56 of 2000000 (main vs time-management-improvements)
Finished game 54 (main vs time-management-improvements): 0-1 {Black wins by adjudication}
Score of time-management-improvements vs main: 28 - 10 - 15  [0.670] 53
Started game 57 of 2000000 (time-management-improvements vs main)
Finished game 53 (time-management-improvements vs main): 0-1 {Black wins by adjudication}
Score of time-management-improvements vs main: 28 - 11 - 15  [0.657] 54
Started game 58 of 2000000 (main vs time-management-improvements)
Finished game 55 (time-management-improvements vs main): 0-1 {Black wins by adjudication}
Score of time-management-improvements vs main: 28 - 12 - 15  [0.645] 55
Started game 59 of 2000000 (time-management-improvements vs main)
Finished game 56 (main vs time-management-improvements): 1/2-1/2 {Draw by 3-fold repetition}
Score of time-management-improvements vs main: 28 - 12 - 16  [0.643] 56
Started game 60 of 2000000 (main vs time-management-improvements)
Finished game 57 (time-management-improvements vs main): 1/2-1/2 {Draw by 3-fold repetition}
Score of time-management-improvements vs main: 28 - 12 - 17  [0.640] 57
Started game 61 of 2000000 (time-management-improvements vs main)
Finished game 61 (time-management-improvements vs main): 1-0 {White wins by adjudication}
Score of time-management-improvements vs main: 29 - 12 - 17  [0.647] 58
Started game 62 of 2000000 (main vs time-management-improvements)
Finished game 58 (main vs time-management-improvements): 1-0 {White wins by adjudication}
Score of time-management-improvements vs main: 29 - 13 - 17  [0.636] 59
Started game 63 of 2000000 (time-management-improvements vs main)
Finished game 59 (time-management-improvements vs main): 1/2-1/2 {Draw by 3-fold repetition}
Score of time-management-improvements vs main: 29 - 13 - 18  [0.633] 60
Started game 64 of 2000000 (main vs time-management-improvements)
Finished game 60 (main vs time-management-improvements): 1/2-1/2 {Draw by 3-fold repetition}
Score of time-management-improvements vs main: 29 - 13 - 19  [0.631] 61
Started game 65 of 2000000 (time-management-improvements vs main)
Finished game 62 (main vs time-management-improvements): 0-1 {Black wins by adjudication}
Score of time-management-improvements vs main: 30 - 13 - 19  [0.637] 62
Started game 66 of 2000000 (main vs time-management-improvements)
Finished game 63 (time-management-improvements vs main): 1-0 {White mates}
Score of time-management-improvements vs main: 31 - 13 - 19  [0.643] 63
Started game 67 of 2000000 (time-management-improvements vs main)
Finished game 64 (main vs time-management-improvements): 0-1 {Black wins by adjudication}
Score of time-management-improvements vs main: 32 - 13 - 19  [0.648] 64
Started game 68 of 2000000 (main vs time-management-improvements)
Finished game 67 (time-management-improvements vs main): 1-0 {White wins by adjudication}
Score of time-management-improvements vs main: 33 - 13 - 19  [0.654] 65
Started game 69 of 2000000 (time-management-improvements vs main)
Finished game 65 (time-management-improvements vs main): 1/2-1/2 {Draw by 3-fold repetition}
Score of time-management-improvements vs main: 33 - 13 - 20  [0.652] 66
Started game 70 of 2000000 (main vs time-management-improvements)
Finished game 66 (main vs time-management-improvements): 1/2-1/2 {Draw by 3-fold repetition}
Score of time-management-improvements vs main: 33 - 13 - 21  [0.649] 67
Started game 71 of 2000000 (time-management-improvements vs main)
Finished game 69 (time-management-improvements vs main): 1/2-1/2 {Draw by 3-fold repetition}
Score of time-management-improvements vs main: 33 - 13 - 22  [0.647] 68
Started game 72 of 2000000 (main vs time-management-improvements)
Finished game 68 (main vs time-management-improvements): 0-1 {Black wins by adjudication}
Score of time-management-improvements vs main: 34 - 13 - 22  [0.652] 69
Started game 73 of 2000000 (time-management-improvements vs main)
Finished game 70 (main vs time-management-improvements): 1-0 {White wins by adjudication}
Score of time-management-improvements vs main: 34 - 14 - 22  [0.643] 70
Started game 74 of 2000000 (main vs time-management-improvements)
Finished game 71 (time-management-improvements vs main): 1-0 {White wins by adjudication}
Score of time-management-improvements vs main: 35 - 14 - 22  [0.648] 71
Started game 75 of 2000000 (time-management-improvements vs main)
Finished game 73 (time-management-improvements vs main): 1-0 {White wins by adjudication}
Score of time-management-improvements vs main: 36 - 14 - 22  [0.653] 72
Started game 76 of 2000000 (main vs time-management-improvements)
Finished game 72 (main vs time-management-improvements): 1/2-1/2 {Draw by 3-fold repetition}
Score of time-management-improvements vs main: 36 - 14 - 23  [0.651] 73
Started game 77 of 2000000 (time-management-improvements vs main)
Finished game 74 (main vs time-management-improvements): 0-1 {Black wins by adjudication}
Score of time-management-improvements vs main: 37 - 14 - 23  [0.655] 74
Started game 78 of 2000000 (main vs time-management-improvements)
Finished game 75 (time-management-improvements vs main): 1/2-1/2 {Draw by 3-fold repetition}
Score of time-management-improvements vs main: 37 - 14 - 24  [0.653] 75
Started game 79 of 2000000 (time-management-improvements vs main)
Finished game 76 (main vs time-management-improvements): 1/2-1/2 {Draw by 3-fold repetition}
Score of time-management-improvements vs main: 37 - 14 - 25  [0.651] 76
Started game 80 of 2000000 (main vs time-management-improvements)
Finished game 77 (time-management-improvements vs main): 1/2-1/2 {Draw by 3-fold repetition}
Score of time-management-improvements vs main: 37 - 14 - 26  [0.649] 77
Started game 81 of 2000000 (time-management-improvements vs main)
Finished game 80 (main vs time-management-improvements): 1/2-1/2 {Draw by 3-fold repetition}
Score of time-management-improvements vs main: 37 - 14 - 27  [0.647] 78
Started game 82 of 2000000 (main vs time-management-improvements)
Finished game 78 (main vs time-management-improvements): 1/2-1/2 {Draw by 3-fold repetition}
Score of time-management-improvements vs main: 37 - 14 - 28  [0.646] 79
Started game 83 of 2000000 (time-management-improvements vs main)
Finished game 79 (time-management-improvements vs main): 1-0 {White wins by adjudication}
Score of time-management-improvements vs main: 38 - 14 - 28  [0.650] 80
Started game 84 of 2000000 (main vs time-management-improvements)
Finished game 81 (time-management-improvements vs main): 1/2-1/2 {Draw by 3-fold repetition}
Score of time-management-improvements vs main: 38 - 14 - 29  [0.648] 81
Started game 85 of 2000000 (time-management-improvements vs main)
Finished game 84 (main vs time-management-improvements): 0-1 {Black wins by adjudication}
Score of time-management-improvements vs main: 39 - 14 - 29  [0.652] 82
Started game 86 of 2000000 (main vs time-management-improvements)
Finished game 82 (main vs time-management-improvements): 1/2-1/2 {Draw by adjudication}
Score of time-management-improvements vs main: 39 - 14 - 30  [0.651] 83
Started game 87 of 2000000 (time-management-improvements vs main)
Finished game 83 (time-management-improvements vs main): 0-1 {Black wins by adjudication}
Score of time-management-improvements vs main: 39 - 15 - 30  [0.643] 84
Started game 88 of 2000000 (main vs time-management-improvements)
Finished game 85 (time-management-improvements vs main): 0-1 {Black wins by adjudication}
Score of time-management-improvements vs main: 39 - 16 - 30  [0.635] 85
Started game 89 of 2000000 (time-management-improvements vs main)
Finished game 87 (time-management-improvements vs main): 1/2-1/2 {Draw by 3-fold repetition}
Score of time-management-improvements vs main: 39 - 16 - 31  [0.634] 86
Started game 90 of 2000000 (main vs time-management-improvements)
Finished game 86 (main vs time-management-improvements): 0-1 {Black wins by adjudication}
Score of time-management-improvements vs main: 40 - 16 - 31  [0.638] 87
Started game 91 of 2000000 (time-management-improvements vs main)
Finished game 88 (main vs time-management-improvements): 1/2-1/2 {Draw by 3-fold repetition}
Score of time-management-improvements vs main: 40 - 16 - 32  [0.636] 88
Started game 92 of 2000000 (main vs time-management-improvements)
Finished game 90 (main vs time-management-improvements): 0-1 {Black wins by adjudication}
Score of time-management-improvements vs main: 41 - 16 - 32  [0.640] 89
Started game 93 of 2000000 (time-management-improvements vs main)
Finished game 89 (time-management-improvements vs main): 0-1 {Black wins by adjudication}
Score of time-management-improvements vs main: 41 - 17 - 32  [0.633] 90
Started game 94 of 2000000 (main vs time-management-improvements)
Finished game 91 (time-management-improvements vs main): 0-1 {Black wins by adjudication}
Score of time-management-improvements vs main: 41 - 18 - 32  [0.626] 91
Started game 95 of 2000000 (time-management-improvements vs main)
Finished game 92 (main vs time-management-improvements): 1/2-1/2 {Draw by 3-fold repetition}
Score of time-management-improvements vs main: 41 - 18 - 33  [0.625] 92
Started game 96 of 2000000 (main vs time-management-improvements)
Finished game 94 (main vs time-management-improvements): 0-1 {Black wins by adjudication}
Score of time-management-improvements vs main: 42 - 18 - 33  [0.629] 93
Started game 97 of 2000000 (time-management-improvements vs main)
Finished game 93 (time-management-improvements vs main): 1/2-1/2 {Draw by 3-fold repetition}
Score of time-management-improvements vs main: 42 - 18 - 34  [0.628] 94
Started game 98 of 2000000 (main vs time-management-improvements)
Finished game 95 (time-management-improvements vs main): 0-1 {Black wins by adjudication}
Score of time-management-improvements vs main: 42 - 19 - 34  [0.621] 95
Started game 99 of 2000000 (time-management-improvements vs main)
Finished game 96 (main vs time-management-improvements): 1/2-1/2 {Draw by adjudication}
Score of time-management-improvements vs main: 42 - 19 - 35  [0.620] 96
Started game 100 of 2000000 (main vs time-management-improvements)
Finished game 97 (time-management-improvements vs main): 0-1 {Black wins by adjudication}
Score of time-management-improvements vs main: 42 - 20 - 35  [0.613] 97
Started game 101 of 2000000 (time-management-improvements vs main)
Finished game 101 (time-management-improvements vs main): 0-1 {Black wins by adjudication}
Score of time-management-improvements vs main: 42 - 21 - 35  [0.607] 98
Started game 102 of 2000000 (main vs time-management-improvements)
Finished game 99 (time-management-improvements vs main): 1-0 {White wins by adjudication}
Score of time-management-improvements vs main: 43 - 21 - 35  [0.611] 99
Started game 103 of 2000000 (time-management-improvements vs main)
Finished game 100 (main vs time-management-improvements): 0-1 {Black wins by adjudication}
Score of time-management-improvements vs main: 44 - 21 - 35  [0.615] 100
Started game 104 of 2000000 (main vs time-management-improvements)
Finished game 98 (main vs time-management-improvements): 1-0 {White wins by adjudication}
Score of time-management-improvements vs main: 44 - 22 - 35  [0.609] 101
Started game 105 of 2000000 (time-management-improvements vs main)
Finished game 102 (main vs time-management-improvements): 1-0 {White wins by adjudication}
Score of time-management-improvements vs main: 44 - 23 - 35  [0.603] 102
Started game 106 of 2000000 (main vs time-management-improvements)
Finished game 104 (main vs time-management-improvements): 1/2-1/2 {Draw by 3-fold repetition}
Score of time-management-improvements vs main: 44 - 23 - 36  [0.602] 103
Started game 107 of 2000000 (time-management-improvements vs main)
Finished game 103 (time-management-improvements vs main): 1/2-1/2 {Draw by 3-fold repetition}
Score of time-management-improvements vs main: 44 - 23 - 37  [0.601] 104
Started game 108 of 2000000 (main vs time-management-improvements)
Finished game 106 (main vs time-management-improvements): 0-1 {Black wins by adjudication}
Score of time-management-improvements vs main: 45 - 23 - 37  [0.605] 105
Started game 109 of 2000000 (time-management-improvements vs main)
Finished game 105 (time-management-improvements vs main): 0-1 {Black wins by adjudication}
Score of time-management-improvements vs main: 45 - 24 - 37  [0.599] 106
Started game 110 of 2000000 (main vs time-management-improvements)
Finished game 108 (main vs time-management-improvements): 1-0 {White wins by adjudication}
Score of time-management-improvements vs main: 45 - 25 - 37  [0.593] 107
Started game 111 of 2000000 (time-management-improvements vs main)
Finished game 107 (time-management-improvements vs main): 0-1 {Black wins by adjudication}
Score of time-management-improvements vs main: 45 - 26 - 37  [0.588] 108
Started game 112 of 2000000 (main vs time-management-improvements)
Finished game 110 (main vs time-management-improvements): 1/2-1/2 {Draw by 3-fold repetition}
Score of time-management-improvements vs main: 45 - 26 - 38  [0.587] 109
Started game 113 of 2000000 (time-management-improvements vs main)
Finished game 109 (time-management-improvements vs main): 0-1 {Black wins by adjudication}
Score of time-management-improvements vs main: 45 - 27 - 38  [0.582] 110
Started game 114 of 2000000 (main vs time-management-improvements)
Finished game 111 (time-management-improvements vs main): 1/2-1/2 {Draw by 3-fold repetition}
Score of time-management-improvements vs main: 45 - 27 - 39  [0.581] 111
Started game 115 of 2000000 (time-management-improvements vs main)
Finished game 112 (main vs time-management-improvements): 1/2-1/2 {Draw by 3-fold repetition}
Score of time-management-improvements vs main: 45 - 27 - 40  [0.580] 112
Started game 116 of 2000000 (main vs time-management-improvements)
Finished game 113 (time-management-improvements vs main): 1-0 {White wins by adjudication}
Score of time-management-improvements vs main: 46 - 27 - 40  [0.584] 113
Started game 117 of 2000000 (time-management-improvements vs main)
Finished game 114 (main vs time-management-improvements): 1/2-1/2 {Draw by 3-fold repetition}
Score of time-management-improvements vs main: 46 - 27 - 41  [0.583] 114
Started game 118 of 2000000 (main vs time-management-improvements)
Finished game 116 (main vs time-management-improvements): 0-1 {Black wins by adjudication}
Score of time-management-improvements vs main: 47 - 27 - 41  [0.587] 115
Started game 119 of 2000000 (time-management-improvements vs main)
Finished game 117 (time-management-improvements vs main): 1/2-1/2 {Draw by 3-fold repetition}
Score of time-management-improvements vs main: 47 - 27 - 42  [0.586] 116
Started game 120 of 2000000 (main vs time-management-improvements)
Finished game 115 (time-management-improvements vs main): 1/2-1/2 {Draw by 3-fold repetition}
Score of time-management-improvements vs main: 47 - 27 - 43  [0.585] 117
Started game 121 of 2000000 (time-management-improvements vs main)
Finished game 118 (main vs time-management-improvements): 1/2-1/2 {Draw by 3-fold repetition}
Score of time-management-improvements vs main: 47 - 27 - 44  [0.585] 118
Started game 122 of 2000000 (main vs time-management-improvements)
Finished game 119 (time-management-improvements vs main): 1/2-1/2 {Draw by 3-fold repetition}
Score of time-management-improvements vs main: 47 - 27 - 45  [0.584] 119
Started game 123 of 2000000 (time-management-improvements vs main)
Finished game 121 (time-management-improvements vs main): 1-0 {White wins by adjudication}
Score of time-management-improvements vs main: 48 - 27 - 45  [0.588] 120
Started game 124 of 2000000 (main vs time-management-improvements)
Finished game 122 (main vs time-management-improvements): 1/2-1/2 {Draw by 3-fold repetition}
Score of time-management-improvements vs main: 48 - 27 - 46  [0.587] 121
Started game 125 of 2000000 (time-management-improvements vs main)
Finished game 120 (main vs time-management-improvements): 1/2-1/2 {Draw by 3-fold repetition}
Score of time-management-improvements vs main: 48 - 27 - 47  [0.586] 122
Started game 126 of 2000000 (main vs time-management-improvements)
Finished game 124 (main vs time-management-improvements): 0-1 {Black wins by adjudication}
Score of time-management-improvements vs main: 49 - 27 - 47  [0.589] 123
Started game 127 of 2000000 (time-management-improvements vs main)
Finished game 123 (time-management-improvements vs main): 1-0 {White wins by adjudication}
Score of time-management-improvements vs main: 50 - 27 - 47  [0.593] 124
Started game 128 of 2000000 (main vs time-management-improvements)
Finished game 125 (time-management-improvements vs main): 1-0 {White wins by adjudication}
Score of time-management-improvements vs main: 51 - 27 - 47  [0.596] 125
Started game 129 of 2000000 (time-management-improvements vs main)
Finished game 126 (main vs time-management-improvements): 0-1 {Black wins by adjudication}
Score of time-management-improvements vs main: 52 - 27 - 47  [0.599] 126
Started game 130 of 2000000 (main vs time-management-improvements)
Finished game 128 (main vs time-management-improvements): 0-1 {Black wins by adjudication}
Score of time-management-improvements vs main: 53 - 27 - 47  [0.602] 127
Started game 131 of 2000000 (time-management-improvements vs main)
Finished game 127 (time-management-improvements vs main): 1/2-1/2 {Draw by insufficient mating material}
Score of time-management-improvements vs main: 53 - 27 - 48  [0.602] 128
Started game 132 of 2000000 (main vs time-management-improvements)
Finished game 129 (time-management-improvements vs main): 0-1 {Black wins by adjudication}
Score of time-management-improvements vs main: 53 - 28 - 48  [0.597] 129
Started game 133 of 2000000 (time-management-improvements vs main)
Finished game 130 (main vs time-management-improvements): 1-0 {White wins by adjudication}
Score of time-management-improvements vs main: 53 - 29 - 48  [0.592] 130
Started game 134 of 2000000 (main vs time-management-improvements)
Finished game 131 (time-management-improvements vs main): 1-0 {White wins by adjudication}
Score of time-management-improvements vs main: 54 - 29 - 48  [0.595] 131
Started game 135 of 2000000 (time-management-improvements vs main)
Finished game 133 (time-management-improvements vs main): 1/2-1/2 {Draw by 3-fold repetition}
Score of time-management-improvements vs main: 54 - 29 - 49  [0.595] 132
Started game 136 of 2000000 (main vs time-management-improvements)
Finished game 132 (main vs time-management-improvements): 0-1 {Black wins by adjudication}
Score of time-management-improvements vs main: 55 - 29 - 49  [0.598] 133
Started game 137 of 2000000 (time-management-improvements vs main)
Finished game 135 (time-management-improvements vs main): 1/2-1/2 {Draw by 3-fold repetition}
Score of time-management-improvements vs main: 55 - 29 - 50  [0.597] 134
Started game 138 of 2000000 (main vs time-management-improvements)
Finished game 134 (main vs time-management-improvements): 1-0 {White wins by adjudication}
Score of time-management-improvements vs main: 55 - 30 - 50  [0.593] 135
Started game 139 of 2000000 (time-management-improvements vs main)
Finished game 138 (main vs time-management-improvements): 0-1 {Black wins by adjudication}
Score of time-management-improvements vs main: 56 - 30 - 50  [0.596] 136
Started game 140 of 2000000 (main vs time-management-improvements)
Finished game 136 (main vs time-management-improvements): 1/2-1/2 {Draw by 3-fold repetition}
Score of time-management-improvements vs main: 56 - 30 - 51  [0.595] 137
Started game 141 of 2000000 (time-management-improvements vs main)
Finished game 137 (time-management-improvements vs main): 1-0 {White wins by adjudication}
Score of time-management-improvements vs main: 57 - 30 - 51  [0.598] 138
Started game 142 of 2000000 (main vs time-management-improvements)
Finished game 141 (time-management-improvements vs main): 1/2-1/2 {Draw by 3-fold repetition}
Score of time-management-improvements vs main: 57 - 30 - 52  [0.597] 139
Started game 143 of 2000000 (time-management-improvements vs main)
Finished game 140 (main vs time-management-improvements): 1-0 {White wins by adjudication}
Score of time-management-improvements vs main: 57 - 31 - 52  [0.593] 140
Started game 144 of 2000000 (main vs time-management-improvements)
Finished game 142 (main vs time-management-improvements): 0-1 {Black wins by adjudication}
Score of time-management-improvements vs main: 58 - 31 - 52  [0.596] 141
Started game 145 of 2000000 (time-management-improvements vs main)
Finished game 139 (time-management-improvements vs main): 1-0 {White wins by adjudication}
Score of time-management-improvements vs main: 59 - 31 - 52  [0.599] 142
Started game 146 of 2000000 (main vs time-management-improvements)
Finished game 143 (time-management-improvements vs main): 1/2-1/2 {Draw by 3-fold repetition}
Score of time-management-improvements vs main: 59 - 31 - 53  [0.598] 143
Started game 147 of 2000000 (time-management-improvements vs main)
Finished game 144 (main vs time-management-improvements): 1/2-1/2 {Draw by 3-fold repetition}
Score of time-management-improvements vs main: 59 - 31 - 54  [0.597] 144
Started game 148 of 2000000 (main vs time-management-improvements)
Finished game 145 (time-management-improvements vs main): 1/2-1/2 {Draw by 3-fold repetition}
Score of time-management-improvements vs main: 59 - 31 - 55  [0.597] 145
Started game 149 of 2000000 (time-management-improvements vs main)
Finished game 146 (main vs time-management-improvements): 0-1 {Black wins by adjudication}
Score of time-management-improvements vs main: 60 - 31 - 55  [0.599] 146
Started game 150 of 2000000 (main vs time-management-improvements)
Finished game 149 (time-management-improvements vs main): 1/2-1/2 {Draw by adjudication}
Score of time-management-improvements vs main: 60 - 31 - 56  [0.599] 147
Started game 151 of 2000000 (time-management-improvements vs main)
Finished game 147 (time-management-improvements vs main): 1-0 {White wins by adjudication}
Score of time-management-improvements vs main: 61 - 31 - 56  [0.601] 148
Started game 152 of 2000000 (main vs time-management-improvements)
Finished game 148 (main vs time-management-improvements): 0-1 {Black wins by adjudication}
Score of time-management-improvements vs main: 62 - 31 - 56  [0.604] 149
Started game 153 of 2000000 (time-management-improvements vs main)
Finished game 150 (main vs time-management-improvements): 1-0 {White wins by adjudication}
Score of time-management-improvements vs main: 62 - 32 - 56  [0.600] 150
Started game 154 of 2000000 (main vs time-management-improvements)
Finished game 151 (time-management-improvements vs main): 0-1 {Black wins by adjudication}
Score of time-management-improvements vs main: 62 - 33 - 56  [0.596] 151
Started game 155 of 2000000 (time-management-improvements vs main)
Finished game 152 (main vs time-management-improvements): 1-0 {White wins by adjudication}
Score of time-management-improvements vs main: 62 - 34 - 56  [0.592] 152
Started game 156 of 2000000 (main vs time-management-improvements)
Finished game 153 (time-management-improvements vs main): 1/2-1/2 {Draw by 3-fold repetition}
Score of time-management-improvements vs main: 62 - 34 - 57  [0.592] 153
Started game 157 of 2000000 (time-management-improvements vs main)
Finished game 154 (main vs time-management-improvements): 0-1 {Black wins by adjudication}
Score of time-management-improvements vs main: 63 - 34 - 57  [0.594] 154
Started game 158 of 2000000 (main vs time-management-improvements)
Finished game 155 (time-management-improvements vs main): 1-0 {White wins by adjudication}
Score of time-management-improvements vs main: 64 - 34 - 57  [0.597] 155
Started game 159 of 2000000 (time-management-improvements vs main)
Finished game 156 (main vs time-management-improvements): 0-1 {Black wins by adjudication}
Score of time-management-improvements vs main: 65 - 34 - 57  [0.599] 156
Started game 160 of 2000000 (main vs time-management-improvements)
Finished game 157 (time-management-improvements vs main): 1-0 {White wins by adjudication}
Score of time-management-improvements vs main: 66 - 34 - 57  [0.602] 157
Started game 161 of 2000000 (time-management-improvements vs main)
Finished game 159 (time-management-improvements vs main): 1-0 {White wins by adjudication}
Score of time-management-improvements vs main: 67 - 34 - 57  [0.604] 158
Started game 162 of 2000000 (main vs time-management-improvements)
Finished game 158 (main vs time-management-improvements): 0-1 {Black wins by adjudication}
Score of time-management-improvements vs main: 68 - 34 - 57  [0.607] 159
Started game 163 of 2000000 (time-management-improvements vs main)
Finished game 160 (main vs time-management-improvements): 1/2-1/2 {Draw by 3-fold repetition}
Score of time-management-improvements vs main: 68 - 34 - 58  [0.606] 160
Started game 164 of 2000000 (main vs time-management-improvements)
Finished game 161 (time-management-improvements vs main): 0-1 {Black wins by adjudication}
Score of time-management-improvements vs main: 68 - 35 - 58  [0.602] 161
Started game 165 of 2000000 (time-management-improvements vs main)
Finished game 162 (main vs time-management-improvements): 1-0 {White wins by adjudication}
Score of time-management-improvements vs main: 68 - 36 - 58  [0.599] 162
Started game 166 of 2000000 (main vs time-management-improvements)
Finished game 164 (main vs time-management-improvements): 1/2-1/2 {Draw by 3-fold repetition}
Score of time-management-improvements vs main: 68 - 36 - 59  [0.598] 163
Started game 167 of 2000000 (time-management-improvements vs main)
Finished game 166 (main vs time-management-improvements): 0-1 {Black wins by adjudication}
Score of time-management-improvements vs main: 69 - 36 - 59  [0.601] 164
Started game 168 of 2000000 (main vs time-management-improvements)
Finished game 163 (time-management-improvements vs main): 0-1 {Black wins by adjudication}
Score of time-management-improvements vs main: 69 - 37 - 59  [0.597] 165
Started game 169 of 2000000 (time-management-improvements vs main)
Finished game 167 (time-management-improvements vs main): 0-1 {Black wins by adjudication}
Score of time-management-improvements vs main: 69 - 38 - 59  [0.593] 166
Started game 170 of 2000000 (main vs time-management-improvements)
Finished game 165 (time-management-improvements vs main): 1/2-1/2 {Draw by 3-fold repetition}
Score of time-management-improvements vs main: 69 - 38 - 60  [0.593] 167
Started game 171 of 2000000 (time-management-improvements vs main)
Finished game 168 (main vs time-management-improvements): 1/2-1/2 {Draw by 3-fold repetition}
Score of time-management-improvements vs main: 69 - 38 - 61  [0.592] 168
Started game 172 of 2000000 (main vs time-management-improvements)
Finished game 170 (main vs time-management-improvements): 1/2-1/2 {Draw by 3-fold repetition}
Score of time-management-improvements vs main: 69 - 38 - 62  [0.592] 169
Started game 173 of 2000000 (time-management-improvements vs main)
Finished game 169 (time-management-improvements vs main): 1-0 {White wins by adjudication}
Score of time-management-improvements vs main: 70 - 38 - 62  [0.594] 170
Started game 174 of 2000000 (main vs time-management-improvements)
Finished game 171 (time-management-improvements vs main): 1/2-1/2 {Draw by 3-fold repetition}
Score of time-management-improvements vs main: 70 - 38 - 63  [0.594] 171
Started game 175 of 2000000 (time-management-improvements vs main)
Finished game 172 (main vs time-management-improvements): 0-1 {Black wins by adjudication}
Score of time-management-improvements vs main: 71 - 38 - 63  [0.596] 172
Started game 176 of 2000000 (main vs time-management-improvements)
Finished game 173 (time-management-improvements vs main): 1/2-1/2 {Draw by 3-fold repetition}
Score of time-management-improvements vs main: 71 - 38 - 64  [0.595] 173
Started game 177 of 2000000 (time-management-improvements vs main)
Finished game 174 (main vs time-management-improvements): 1-0 {White wins by adjudication}
Score of time-management-improvements vs main: 71 - 39 - 64  [0.592] 174
Started game 178 of 2000000 (main vs time-management-improvements)
Finished game 176 (main vs time-management-improvements): 1-0 {White wins by adjudication}
Score of time-management-improvements vs main: 71 - 40 - 64  [0.589] 175
Started game 179 of 2000000 (time-management-improvements vs main)
Finished game 177 (time-management-improvements vs main): 1-0 {White wins by adjudication}
Score of time-management-improvements vs main: 72 - 40 - 64  [0.591] 176
Started game 180 of 2000000 (main vs time-management-improvements)
Finished game 175 (time-management-improvements vs main): 0-1 {Black wins by adjudication}
Score of time-management-improvements vs main: 72 - 41 - 64  [0.588] 177
Started game 181 of 2000000 (time-management-improvements vs main)
Finished game 178 (main vs time-management-improvements): 0-1 {Black wins by adjudication}
Score of time-management-improvements vs main: 73 - 41 - 64  [0.590] 178
Started game 182 of 2000000 (main vs time-management-improvements)
Finished game 179 (time-management-improvements vs main): 0-1 {Black wins by adjudication}
Score of time-management-improvements vs main: 73 - 42 - 64  [0.587] 179
Started game 183 of 2000000 (time-management-improvements vs main)
Finished game 180 (main vs time-management-improvements): 1/2-1/2 {Draw by 3-fold repetition}
Score of time-management-improvements vs main: 73 - 42 - 65  [0.586] 180
Started game 184 of 2000000 (main vs time-management-improvements)
Finished game 181 (time-management-improvements vs main): 1-0 {White wins by adjudication}
Score of time-management-improvements vs main: 74 - 42 - 65  [0.588] 181
Started game 185 of 2000000 (time-management-improvements vs main)
Finished game 182 (main vs time-management-improvements): 0-1 {Black wins by adjudication}
Score of time-management-improvements vs main: 75 - 42 - 65  [0.591] 182
Started game 186 of 2000000 (main vs time-management-improvements)
Finished game 183 (time-management-improvements vs main): 0-1 {Black wins by adjudication}
Score of time-management-improvements vs main: 75 - 43 - 65  [0.587] 183
Started game 187 of 2000000 (time-management-improvements vs main)
Finished game 184 (main vs time-management-improvements): 1/2-1/2 {Draw by 3-fold repetition}
Score of time-management-improvements vs main: 75 - 43 - 66  [0.587] 184
Started game 188 of 2000000 (main vs time-management-improvements)
Finished game 185 (time-management-improvements vs main): 1-0 {White wins by adjudication}
Score of time-management-improvements vs main: 76 - 43 - 66  [0.589] 185
Started game 189 of 2000000 (time-management-improvements vs main)
Finished game 186 (main vs time-management-improvements): 0-1 {Black wins by adjudication}
Score of time-management-improvements vs main: 77 - 43 - 66  [0.591] 186
Started game 190 of 2000000 (main vs time-management-improvements)
Finished game 187 (time-management-improvements vs main): 1-0 {White wins by adjudication}
Score of time-management-improvements vs main: 78 - 43 - 66  [0.594] 187
Started game 191 of 2000000 (time-management-improvements vs main)
Finished game 188 (main vs time-management-improvements): 0-1 {Black wins by adjudication}
Score of time-management-improvements vs main: 79 - 43 - 66  [0.596] 188
Started game 192 of 2000000 (main vs time-management-improvements)
Finished game 190 (main vs time-management-improvements): 1-0 {White wins by adjudication}
Score of time-management-improvements vs main: 79 - 44 - 66  [0.593] 189
Started game 193 of 2000000 (time-management-improvements vs main)
Finished game 189 (time-management-improvements vs main): 1-0 {White wins by adjudication}
Score of time-management-improvements vs main: 80 - 44 - 66  [0.595] 190
Started game 194 of 2000000 (main vs time-management-improvements)
Finished game 192 (main vs time-management-improvements): 1/2-1/2 {Draw by 3-fold repetition}
Score of time-management-improvements vs main: 80 - 44 - 67  [0.594] 191
Started game 195 of 2000000 (time-management-improvements vs main)
Finished game 191 (time-management-improvements vs main): 1/2-1/2 {Draw by insufficient mating material}
Score of time-management-improvements vs main: 80 - 44 - 68  [0.594] 192
Started game 196 of 2000000 (main vs time-management-improvements)
Finished game 193 (time-management-improvements vs main): 1/2-1/2 {Draw by 3-fold repetition}
Score of time-management-improvements vs main: 80 - 44 - 69  [0.593] 193
Started game 197 of 2000000 (time-management-improvements vs main)
Finished game 194 (main vs time-management-improvements): 0-1 {Black wins by adjudication}
Score of time-management-improvements vs main: 81 - 44 - 69  [0.595] 194
Started game 198 of 2000000 (main vs time-management-improvements)
Finished game 195 (time-management-improvements vs main): 1-0 {White wins by adjudication}
Score of time-management-improvements vs main: 82 - 44 - 69  [0.597] 195
Started game 199 of 2000000 (time-management-improvements vs main)
Finished game 198 (main vs time-management-improvements): 0-1 {Black wins by adjudication}
Score of time-management-improvements vs main: 83 - 44 - 69  [0.599] 196
Started game 200 of 2000000 (main vs time-management-improvements)
Finished game 196 (main vs time-management-improvements): 0-1 {Black wins by adjudication}
Score of time-management-improvements vs main: 84 - 44 - 69  [0.602] 197
Started game 201 of 2000000 (time-management-improvements vs main)
Finished game 199 (time-management-improvements vs main): 1/2-1/2 {Draw by 3-fold repetition}
Score of time-management-improvements vs main: 84 - 44 - 70  [0.601] 198
Started game 202 of 2000000 (main vs time-management-improvements)
Finished game 197 (time-management-improvements vs main): 1-0 {White wins by adjudication}
Score of time-management-improvements vs main: 85 - 44 - 70  [0.603] 199
Started game 203 of 2000000 (time-management-improvements vs main)
Finished game 200 (main vs time-management-improvements): 0-1 {Black wins by adjudication}
Score of time-management-improvements vs main: 86 - 44 - 70  [0.605] 200
Started game 204 of 2000000 (main vs time-management-improvements)
Finished game 203 (time-management-improvements vs main): 1-0 {White wins by adjudication}
Score of time-management-improvements vs main: 87 - 44 - 70  [0.607] 201
Started game 205 of 2000000 (time-management-improvements vs main)
Finished game 202 (main vs time-management-improvements): 0-1 {Black wins by adjudication}
Score of time-management-improvements vs main: 88 - 44 - 70  [0.609] 202
Started game 206 of 2000000 (main vs time-management-improvements)
Finished game 204 (main vs time-management-improvements): 0-1 {Black wins by adjudication}
Score of time-management-improvements vs main: 89 - 44 - 70  [0.611] 203
Started game 207 of 2000000 (time-management-improvements vs main)
Finished game 201 (time-management-improvements vs main): 0-1 {Black wins by adjudication}
Score of time-management-improvements vs main: 89 - 45 - 70  [0.608] 204
Started game 208 of 2000000 (main vs time-management-improvements)
Finished game 205 (time-management-improvements vs main): 1/2-1/2 {Draw by 3-fold repetition}
Score of time-management-improvements vs main: 89 - 45 - 71  [0.607] 205
Started game 209 of 2000000 (time-management-improvements vs main)
Finished game 208 (main vs time-management-improvements): 0-1 {Black wins by adjudication}
Score of time-management-improvements vs main: 90 - 45 - 71  [0.609] 206
Started game 210 of 2000000 (main vs time-management-improvements)
Finished game 209 (time-management-improvements vs main): 1/2-1/2 {Draw by 3-fold repetition}
Score of time-management-improvements vs main: 90 - 45 - 72  [0.609] 207
Started game 211 of 2000000 (time-management-improvements vs main)
Finished game 207 (time-management-improvements vs main): 0-1 {Black wins by adjudication}
Score of time-management-improvements vs main: 90 - 46 - 72  [0.606] 208
Started game 212 of 2000000 (main vs time-management-improvements)
Finished game 206 (main vs time-management-improvements): 1/2-1/2 {Draw by 3-fold repetition}
Score of time-management-improvements vs main: 90 - 46 - 73  [0.605] 209
Started game 213 of 2000000 (time-management-improvements vs main)
Finished game 210 (main vs time-management-improvements): 1-0 {White wins by adjudication}
Score of time-management-improvements vs main: 90 - 47 - 73  [0.602] 210
Started game 214 of 2000000 (main vs time-management-improvements)
Finished game 214 (main vs time-management-improvements): 1/2-1/2 {Draw by 3-fold repetition}
Score of time-management-improvements vs main: 90 - 47 - 74  [0.602] 211
Started game 215 of 2000000 (time-management-improvements vs main)
Finished game 212 (main vs time-management-improvements): 1-0 {White wins by adjudication}
Score of time-management-improvements vs main: 90 - 48 - 74  [0.599] 212
Started game 216 of 2000000 (main vs time-management-improvements)
Finished game 211 (time-management-improvements vs main): 0-1 {Black wins by adjudication}
Score of time-management-improvements vs main: 90 - 49 - 74  [0.596] 213
Started game 217 of 2000000 (time-management-improvements vs main)
Finished game 213 (time-management-improvements vs main): 0-1 {Black wins by adjudication}
Score of time-management-improvements vs main: 90 - 50 - 74  [0.593] 214
Started game 218 of 2000000 (main vs time-management-improvements)
Finished game 215 (time-management-improvements vs main): 1/2-1/2 {Draw by 3-fold repetition}
Score of time-management-improvements vs main: 90 - 50 - 75  [0.593] 215
Started game 219 of 2000000 (time-management-improvements vs main)
Finished game 216 (main vs time-management-improvements): 1/2-1/2 {Draw by 3-fold repetition}
Score of time-management-improvements vs main: 90 - 50 - 76  [0.593] 216
Started game 220 of 2000000 (main vs time-management-improvements)
Finished game 219 (time-management-improvements vs main): 1-0 {White wins by adjudication}
Score of time-management-improvements vs main: 91 - 50 - 76  [0.594] 217
Started game 221 of 2000000 (time-management-improvements vs main)
Finished game 218 (main vs time-management-improvements): 0-1 {Black wins by adjudication}
Score of time-management-improvements vs main: 92 - 50 - 76  [0.596] 218
Started game 222 of 2000000 (main vs time-management-improvements)
Finished game 217 (time-management-improvements vs main): 1-0 {White wins by adjudication}
Score of time-management-improvements vs main: 93 - 50 - 76  [0.598] 219
Started game 223 of 2000000 (time-management-improvements vs main)
Finished game 220 (main vs time-management-improvements): 0-1 {Black wins by adjudication}
Score of time-management-improvements vs main: 94 - 50 - 76  [0.600] 220
Started game 224 of 2000000 (main vs time-management-improvements)
Finished game 221 (time-management-improvements vs main): 1-0 {White wins by adjudication}
Score of time-management-improvements vs main: 95 - 50 - 76  [0.602] 221
Started game 225 of 2000000 (time-management-improvements vs main)
Finished game 222 (main vs time-management-improvements): 1/2-1/2 {Draw by 3-fold repetition}
Score of time-management-improvements vs main: 95 - 50 - 77  [0.601] 222
Started game 226 of 2000000 (main vs time-management-improvements)
Finished game 224 (main vs time-management-improvements): 0-1 {Black wins by adjudication}
Score of time-management-improvements vs main: 96 - 50 - 77  [0.603] 223
Started game 227 of 2000000 (time-management-improvements vs main)
Finished game 223 (time-management-improvements vs main): 1-0 {White wins by adjudication}
Score of time-management-improvements vs main: 97 - 50 - 77  [0.605] 224
Started game 228 of 2000000 (main vs time-management-improvements)
Finished game 225 (time-management-improvements vs main): 1-0 {White wins by adjudication}
Score of time-management-improvements vs main: 98 - 50 - 77  [0.607] 225
Started game 229 of 2000000 (time-management-improvements vs main)
Finished game 227 (time-management-improvements vs main): 1/2-1/2 {Draw by 3-fold repetition}
Score of time-management-improvements vs main: 98 - 50 - 78  [0.606] 226
Started game 230 of 2000000 (main vs time-management-improvements)
Finished game 226 (main vs time-management-improvements): 1/2-1/2 {Draw by 3-fold repetition}
Score of time-management-improvements vs main: 98 - 50 - 79  [0.606] 227
Started game 231 of 2000000 (time-management-improvements vs main)
Finished game 228 (main vs time-management-improvements): 0-1 {Black wins by adjudication}
Score of time-management-improvements vs main: 99 - 50 - 79  [0.607] 228
Started game 232 of 2000000 (main vs time-management-improvements)
Finished game 230 (main vs time-management-improvements): 1/2-1/2 {Draw by 3-fold repetition}
Score of time-management-improvements vs main: 99 - 50 - 80  [0.607] 229
Started game 233 of 2000000 (time-management-improvements vs main)
Finished game 231 (time-management-improvements vs main): 1/2-1/2 {Draw by 3-fold repetition}
Score of time-management-improvements vs main: 99 - 50 - 81  [0.607] 230
Started game 234 of 2000000 (main vs time-management-improvements)
Finished game 229 (time-management-improvements vs main): 0-1 {Black wins by adjudication}
Score of time-management-improvements vs main: 99 - 51 - 81  [0.604] 231
Started game 235 of 2000000 (time-management-improvements vs main)
Finished game 233 (time-management-improvements vs main): 1/2-1/2 {Draw by 3-fold repetition}
Score of time-management-improvements vs main: 99 - 51 - 82  [0.603] 232
Started game 236 of 2000000 (main vs time-management-improvements)
Finished game 232 (main vs time-management-improvements): 1/2-1/2 {Draw by 3-fold repetition}
Score of time-management-improvements vs main: 99 - 51 - 83  [0.603] 233
Started game 237 of 2000000 (time-management-improvements vs main)
Finished game 234 (main vs time-management-improvements): 0-1 {Black wins by adjudication}
Score of time-management-improvements vs main: 100 - 51 - 83  [0.605] 234
Started game 238 of 2000000 (main vs time-management-improvements)
Finished game 235 (time-management-improvements vs main): 0-1 {Black wins by adjudication}
Score of time-management-improvements vs main: 100 - 52 - 83  [0.602] 235
Started game 239 of 2000000 (time-management-improvements vs main)
Finished game 236 (main vs time-management-improvements): 0-1 {Black wins by adjudication}
Score of time-management-improvements vs main: 101 - 52 - 83  [0.604] 236
Started game 240 of 2000000 (main vs time-management-improvements)
Finished game 237 (time-management-improvements vs main): 0-1 {Black wins by adjudication}
Score of time-management-improvements vs main: 101 - 53 - 83  [0.601] 237
Started game 241 of 2000000 (time-management-improvements vs main)
Finished game 238 (main vs time-management-improvements): 1/2-1/2 {Draw by 3-fold repetition}
Score of time-management-improvements vs main: 101 - 53 - 84  [0.601] 238
Started game 242 of 2000000 (main vs time-management-improvements)
Finished game 240 (main vs time-management-improvements): 0-1 {Black wins by adjudication}
Score of time-management-improvements vs main: 102 - 53 - 84  [0.603] 239
Started game 243 of 2000000 (time-management-improvements vs main)
Finished game 242 (main vs time-management-improvements): 1/2-1/2 {Draw by 3-fold repetition}
Score of time-management-improvements vs main: 102 - 53 - 85  [0.602] 240
Started game 244 of 2000000 (main vs time-management-improvements)
Finished game 239 (time-management-improvements vs main): 0-1 {Black wins by adjudication}
Score of time-management-improvements vs main: 102 - 54 - 85  [0.600] 241
Started game 245 of 2000000 (time-management-improvements vs main)
Finished game 241 (time-management-improvements vs main): 1-0 {White wins by adjudication}
Score of time-management-improvements vs main: 103 - 54 - 85  [0.601] 242
Started game 246 of 2000000 (main vs time-management-improvements)
Finished game 243 (time-management-improvements vs main): 1/2-1/2 {Draw by 3-fold repetition}
Score of time-management-improvements vs main: 103 - 54 - 86  [0.601] 243
Started game 247 of 2000000 (time-management-improvements vs main)
Finished game 245 (time-management-improvements vs main): 1/2-1/2 {Draw by adjudication}
Score of time-management-improvements vs main: 103 - 54 - 87  [0.600] 244
Started game 248 of 2000000 (main vs time-management-improvements)
Finished game 246 (main vs time-management-improvements): 0-1 {Black wins by adjudication}
Score of time-management-improvements vs main: 104 - 54 - 87  [0.602] 245
Started game 249 of 2000000 (time-management-improvements vs main)
Finished game 244 (main vs time-management-improvements): 0-1 {Black wins by adjudication}
Score of time-management-improvements vs main: 105 - 54 - 87  [0.604] 246
Started game 250 of 2000000 (main vs time-management-improvements)
Finished game 248 (main vs time-management-improvements): 1-0 {White wins by adjudication}
Score of time-management-improvements vs main: 105 - 55 - 87  [0.601] 247
Started game 251 of 2000000 (time-management-improvements vs main)
Finished game 247 (time-management-improvements vs main): 0-1 {Black wins by adjudication}
Score of time-management-improvements vs main: 105 - 56 - 87  [0.599] 248
Started game 252 of 2000000 (main vs time-management-improvements)
Finished game 249 (time-management-improvements vs main): 1/2-1/2 {Draw by 3-fold repetition}
Score of time-management-improvements vs main: 105 - 56 - 88  [0.598] 249
Started game 253 of 2000000 (time-management-improvements vs main)
Finished game 250 (main vs time-management-improvements): 1-0 {White wins by adjudication}
Score of time-management-improvements vs main: 105 - 57 - 88  [0.596] 250
Started game 254 of 2000000 (main vs time-management-improvements)
Finished game 251 (time-management-improvements vs main): 1-0 {White wins by adjudication}
Score of time-management-improvements vs main: 106 - 57 - 88  [0.598] 251
Started game 255 of 2000000 (time-management-improvements vs main)
Finished game 254 (main vs time-management-improvements): 0-1 {Black wins by adjudication}
Score of time-management-improvements vs main: 107 - 57 - 88  [0.599] 252
Started game 256 of 2000000 (main vs time-management-improvements)
Finished game 253 (time-management-improvements vs main): 0-1 {Black wins by adjudication}
Score of time-management-improvements vs main: 107 - 58 - 88  [0.597] 253
Started game 257 of 2000000 (time-management-improvements vs main)
Finished game 252 (main vs time-management-improvements): 1-0 {White wins by adjudication}
Score of time-management-improvements vs main: 107 - 59 - 88  [0.594] 254
Started game 258 of 2000000 (main vs time-management-improvements)
Finished game 256 (main vs time-management-improvements): 0-1 {Black wins by adjudication}
Score of time-management-improvements vs main: 108 - 59 - 88  [0.596] 255
Started game 259 of 2000000 (time-management-improvements vs main)
Finished game 255 (time-management-improvements vs main): 1/2-1/2 {Draw by 3-fold repetition}
Score of time-management-improvements vs main: 108 - 59 - 89  [0.596] 256
Started game 260 of 2000000 (main vs time-management-improvements)
Finished game 257 (time-management-improvements vs main): 1-0 {White wins by adjudication}
Score of time-management-improvements vs main: 109 - 59 - 89  [0.597] 257
Started game 261 of 2000000 (time-management-improvements vs main)
Finished game 258 (main vs time-management-improvements): 1-0 {White wins by adjudication}
Score of time-management-improvements vs main: 109 - 60 - 89  [0.595] 258
Started game 262 of 2000000 (main vs time-management-improvements)
Finished game 259 (time-management-improvements vs main): 1-0 {White wins by adjudication}
Score of time-management-improvements vs main: 110 - 60 - 89  [0.597] 259
Started game 263 of 2000000 (time-management-improvements vs main)
Finished game 260 (main vs time-management-improvements): 1/2-1/2 {Draw by 3-fold repetition}
Score of time-management-improvements vs main: 110 - 60 - 90  [0.596] 260
Started game 264 of 2000000 (main vs time-management-improvements)
Finished game 261 (time-management-improvements vs main): 1/2-1/2 {Draw by 3-fold repetition}
Score of time-management-improvements vs main: 110 - 60 - 91  [0.596] 261
Started game 265 of 2000000 (time-management-improvements vs main)
Finished game 262 (main vs time-management-improvements): 1-0 {White wins by adjudication}
Score of time-management-improvements vs main: 110 - 61 - 91  [0.594] 262
Started game 266 of 2000000 (main vs time-management-improvements)
Finished game 265 (time-management-improvements vs main): 0-1 {Black wins by adjudication}
Score of time-management-improvements vs main: 110 - 62 - 91  [0.591] 263
Started game 267 of 2000000 (time-management-improvements vs main)
Finished game 264 (main vs time-management-improvements): 0-1 {Black wins by adjudication}
Score of time-management-improvements vs main: 111 - 62 - 91  [0.593] 264
Started game 268 of 2000000 (main vs time-management-improvements)
Finished game 266 (main vs time-management-improvements): 0-1 {Black wins by adjudication}
Score of time-management-improvements vs main: 112 - 62 - 91  [0.594] 265
Started game 269 of 2000000 (time-management-improvements vs main)
Finished game 263 (time-management-improvements vs main): 1/2-1/2 {Draw by 3-fold repetition}
Score of time-management-improvements vs main: 112 - 62 - 92  [0.594] 266
Started game 270 of 2000000 (main vs time-management-improvements)
Finished game 267 (time-management-improvements vs main): 1-0 {White wins by adjudication}
Score of time-management-improvements vs main: 113 - 62 - 92  [0.596] 267
Started game 271 of 2000000 (time-management-improvements vs main)
Finished game 268 (main vs time-management-improvements): 0-1 {Black wins by adjudication}
Score of time-management-improvements vs main: 114 - 62 - 92  [0.597] 268
Started game 272 of 2000000 (main vs time-management-improvements)
Finished game 269 (time-management-improvements vs main): 0-1 {Black wins by adjudication}
Score of time-management-improvements vs main: 114 - 63 - 92  [0.595] 269
Started game 273 of 2000000 (time-management-improvements vs main)
Finished game 270 (main vs time-management-improvements): 1/2-1/2 {Draw by 3-fold repetition}
Score of time-management-improvements vs main: 114 - 63 - 93  [0.594] 270
Started game 274 of 2000000 (main vs time-management-improvements)
Finished game 271 (time-management-improvements vs main): 1-0 {White wins by adjudication}
Score of time-management-improvements vs main: 115 - 63 - 93  [0.596] 271
Started game 275 of 2000000 (time-management-improvements vs main)
Finished game 273 (time-management-improvements vs main): 1/2-1/2 {Draw by 3-fold repetition}
Score of time-management-improvements vs main: 115 - 63 - 94  [0.596] 272
Started game 276 of 2000000 (main vs time-management-improvements)
Finished game 272 (main vs time-management-improvements): 0-1 {Black wins by adjudication}
Score of time-management-improvements vs main: 116 - 63 - 94  [0.597] 273
Started game 277 of 2000000 (time-management-improvements vs main)
Finished game 275 (time-management-improvements vs main): 0-1 {Black wins by adjudication}
Score of time-management-improvements vs main: 116 - 64 - 94  [0.595] 274
Started game 278 of 2000000 (main vs time-management-improvements)
Finished game 276 (main vs time-management-improvements): 0-1 {Black wins by adjudication}
Score of time-management-improvements vs main: 117 - 64 - 94  [0.596] 275
Started game 279 of 2000000 (time-management-improvements vs main)
Finished game 274 (main vs time-management-improvements): 1-0 {White wins by adjudication}
Score of time-management-improvements vs main: 117 - 65 - 94  [0.594] 276
Started game 280 of 2000000 (main vs time-management-improvements)
Finished game 279 (time-management-improvements vs main): 1/2-1/2 {Draw by 3-fold repetition}
Score of time-management-improvements vs main: 117 - 65 - 95  [0.594] 277
Started game 281 of 2000000 (time-management-improvements vs main)
Finished game 277 (time-management-improvements vs main): 1/2-1/2 {Draw by 3-fold repetition}
Score of time-management-improvements vs main: 117 - 65 - 96  [0.594] 278
Started game 282 of 2000000 (main vs time-management-improvements)
Finished game 280 (main vs time-management-improvements): 1-0 {White wins by adjudication}
Score of time-management-improvements vs main: 117 - 66 - 96  [0.591] 279
Started game 283 of 2000000 (time-management-improvements vs main)
Finished game 278 (main vs time-management-improvements): 1/2-1/2 {Draw by 3-fold repetition}
Score of time-management-improvements vs main: 117 - 66 - 97  [0.591] 280
Started game 284 of 2000000 (main vs time-management-improvements)
Finished game 283 (time-management-improvements vs main): 1/2-1/2 {Draw by 3-fold repetition}
Score of time-management-improvements vs main: 117 - 66 - 98  [0.591] 281
Started game 285 of 2000000 (time-management-improvements vs main)
Finished game 281 (time-management-improvements vs main): 1/2-1/2 {Draw by 3-fold repetition}
Score of time-management-improvements vs main: 117 - 66 - 99  [0.590] 282
Started game 286 of 2000000 (main vs time-management-improvements)
Finished game 282 (main vs time-management-improvements): 1/2-1/2 {Draw by 3-fold repetition}
Score of time-management-improvements vs main: 117 - 66 - 100  [0.590] 283
Started game 287 of 2000000 (time-management-improvements vs main)
Finished game 284 (main vs time-management-improvements): 1-0 {White wins by adjudication}
Score of time-management-improvements vs main: 117 - 67 - 100  [0.588] 284
Started game 288 of 2000000 (main vs time-management-improvements)
Finished game 287 (time-management-improvements vs main): 1/2-1/2 {Draw by 3-fold repetition}
Score of time-management-improvements vs main: 117 - 67 - 101  [0.588] 285
Started game 289 of 2000000 (time-management-improvements vs main)
Finished game 286 (main vs time-management-improvements): 0-1 {Black wins by adjudication}
Score of time-management-improvements vs main: 118 - 67 - 101  [0.589] 286
Started game 290 of 2000000 (main vs time-management-improvements)
Finished game 285 (time-management-improvements vs main): 0-1 {Black wins by adjudication}
Score of time-management-improvements vs main: 118 - 68 - 101  [0.587] 287
Started game 291 of 2000000 (time-management-improvements vs main)
Finished game 288 (main vs time-management-improvements): 1/2-1/2 {Draw by 3-fold repetition}
Score of time-management-improvements vs main: 118 - 68 - 102  [0.587] 288
Started game 292 of 2000000 (main vs time-management-improvements)
Finished game 289 (time-management-improvements vs main): 0-1 {Black wins by adjudication}
Score of time-management-improvements vs main: 118 - 69 - 102  [0.585] 289
Started game 293 of 2000000 (time-management-improvements vs main)
Finished game 292 (main vs time-management-improvements): 1/2-1/2 {Draw by 3-fold repetition}
Score of time-management-improvements vs main: 118 - 69 - 103  [0.584] 290
Started game 294 of 2000000 (main vs time-management-improvements)
Finished game 291 (time-management-improvements vs main): 1-0 {White wins by adjudication}
Score of time-management-improvements vs main: 119 - 69 - 103  [0.586] 291
Started game 295 of 2000000 (time-management-improvements vs main)
Finished game 290 (main vs time-management-improvements): 1-0 {White wins by adjudication}
Score of time-management-improvements vs main: 119 - 70 - 103  [0.584] 292
Started game 296 of 2000000 (main vs time-management-improvements)
Finished game 295 (time-management-improvements vs main): 1-0 {White mates}
Score of time-management-improvements vs main: 120 - 70 - 103  [0.585] 293
Started game 297 of 2000000 (time-management-improvements vs main)
Finished game 293 (time-management-improvements vs main): 1/2-1/2 {Draw by 3-fold repetition}
Score of time-management-improvements vs main: 120 - 70 - 104  [0.585] 294
Started game 298 of 2000000 (main vs time-management-improvements)
Finished game 294 (main vs time-management-improvements): 0-1 {Black wins by adjudication}
Score of time-management-improvements vs main: 121 - 70 - 104  [0.586] 295
Started game 299 of 2000000 (time-management-improvements vs main)
Finished game 299 (time-management-improvements vs main): 1/2-1/2 {Draw by 3-fold repetition}
Score of time-management-improvements vs main: 121 - 70 - 105  [0.586] 296
Started game 300 of 2000000 (main vs time-management-improvements)
Finished game 296 (main vs time-management-improvements): 1-0 {White wins by adjudication}
Score of time-management-improvements vs main: 121 - 71 - 105  [0.584] 297
Started game 301 of 2000000 (time-management-improvements vs main)
Finished game 298 (main vs time-management-improvements): 0-1 {Black wins by adjudication}
Score of time-management-improvements vs main: 122 - 71 - 105  [0.586] 298
Started game 302 of 2000000 (main vs time-management-improvements)
Finished game 297 (time-management-improvements vs main): 0-1 {Black wins by adjudication}
Score of time-management-improvements vs main: 122 - 72 - 105  [0.584] 299
Started game 303 of 2000000 (time-management-improvements vs main)
Finished game 300 (main vs time-management-improvements): 0-1 {Black wins by adjudication}
Score of time-management-improvements vs main: 123 - 72 - 105  [0.585] 300
Started game 304 of 2000000 (main vs time-management-improvements)
Finished game 301 (time-management-improvements vs main): 1-0 {White wins by adjudication}
Score of time-management-improvements vs main: 124 - 72 - 105  [0.586] 301
Started game 305 of 2000000 (time-management-improvements vs main)
Finished game 303 (time-management-improvements vs main): 0-1 {Black wins by adjudication}
Score of time-management-improvements vs main: 124 - 73 - 105  [0.584] 302
Started game 306 of 2000000 (main vs time-management-improvements)
Finished game 302 (main vs time-management-improvements): 1/2-1/2 {Draw by 3-fold repetition}
Score of time-management-improvements vs main: 124 - 73 - 106  [0.584] 303
Started game 307 of 2000000 (time-management-improvements vs main)
Finished game 304 (main vs time-management-improvements): 1/2-1/2 {Draw by 3-fold repetition}
Score of time-management-improvements vs main: 124 - 73 - 107  [0.584] 304
Started game 308 of 2000000 (main vs time-management-improvements)
Finished game 305 (time-management-improvements vs main): 1-0 {White wins by adjudication}
Score of time-management-improvements vs main: 125 - 73 - 107  [0.585] 305
Started game 309 of 2000000 (time-management-improvements vs main)
Finished game 307 (time-management-improvements vs main): 1-0 {White mates}
Score of time-management-improvements vs main: 126 - 73 - 107  [0.587] 306
Started game 310 of 2000000 (main vs time-management-improvements)
Finished game 308 (main vs time-management-improvements): 1/2-1/2 {Draw by 3-fold repetition}
Score of time-management-improvements vs main: 126 - 73 - 108  [0.586] 307
Started game 311 of 2000000 (time-management-improvements vs main)
Finished game 306 (main vs time-management-improvements): 1-0 {White wins by adjudication}
Score of time-management-improvements vs main: 126 - 74 - 108  [0.584] 308
Started game 312 of 2000000 (main vs time-management-improvements)
Finished game 309 (time-management-improvements vs main): 1-0 {White wins by adjudication}
Score of time-management-improvements vs main: 127 - 74 - 108  [0.586] 309
Started game 313 of 2000000 (time-management-improvements vs main)
Finished game 312 (main vs time-management-improvements): 0-1 {Black wins by adjudication}
Score of time-management-improvements vs main: 128 - 74 - 108  [0.587] 310
Started game 314 of 2000000 (main vs time-management-improvements)
Finished game 310 (main vs time-management-improvements): 1-0 {White wins by adjudication}
Score of time-management-improvements vs main: 128 - 75 - 108  [0.585] 311
Started game 315 of 2000000 (time-management-improvements vs main)
Finished game 311 (time-management-improvements vs main): 1/2-1/2 {Draw by 3-fold repetition}
Score of time-management-improvements vs main: 128 - 75 - 109  [0.585] 312
Started game 316 of 2000000 (main vs time-management-improvements)
Finished game 314 (main vs time-management-improvements): 0-1 {Black wins by adjudication}
Score of time-management-improvements vs main: 129 - 75 - 109  [0.586] 313
Started game 317 of 2000000 (time-management-improvements vs main)
Finished game 313 (time-management-improvements vs main): 1/2-1/2 {Draw by 3-fold repetition}
Score of time-management-improvements vs main: 129 - 75 - 110  [0.586] 314
Started game 318 of 2000000 (main vs time-management-improvements)
Finished game 315 (time-management-improvements vs main): 0-1 {Black wins by adjudication}
Score of time-management-improvements vs main: 129 - 76 - 110  [0.584] 315
Started game 319 of 2000000 (time-management-improvements vs main)
Finished game 316 (main vs time-management-improvements): 0-1 {Black wins by adjudication}
Score of time-management-improvements vs main: 130 - 76 - 110  [0.585] 316
Started game 320 of 2000000 (main vs time-management-improvements)
Finished game 319 (time-management-improvements vs main): 1-0 {White wins by adjudication}
Score of time-management-improvements vs main: 131 - 76 - 110  [0.587] 317
Started game 321 of 2000000 (time-management-improvements vs main)
Finished game 318 (main vs time-management-improvements): 1-0 {White wins by adjudication}
Score of time-management-improvements vs main: 131 - 77 - 110  [0.585] 318
Started game 322 of 2000000 (main vs time-management-improvements)
Finished game 320 (main vs time-management-improvements): 0-1 {Black wins by adjudication}
Score of time-management-improvements vs main: 132 - 77 - 110  [0.586] 319
Started game 323 of 2000000 (time-management-improvements vs main)
Finished game 317 (time-management-improvements vs main): 1-0 {White wins by adjudication}
Score of time-management-improvements vs main: 133 - 77 - 110  [0.588] 320
Started game 324 of 2000000 (main vs time-management-improvements)
Finished game 323 (time-management-improvements vs main): 1/2-1/2 {Draw by 3-fold repetition}
Score of time-management-improvements vs main: 133 - 77 - 111  [0.587] 321
Started game 325 of 2000000 (time-management-improvements vs main)
Finished game 324 (main vs time-management-improvements): 1-0 {White wins by adjudication}
Score of time-management-improvements vs main: 133 - 78 - 111  [0.585] 322
Started game 326 of 2000000 (main vs time-management-improvements)
Finished game 321 (time-management-improvements vs main): 1-0 {White wins by adjudication}
Score of time-management-improvements vs main: 134 - 78 - 111  [0.587] 323
Started game 327 of 2000000 (time-management-improvements vs main)
Finished game 325 (time-management-improvements vs main): 1-0 {White wins by adjudication}
Score of time-management-improvements vs main: 135 - 78 - 111  [0.588] 324
Started game 328 of 2000000 (main vs time-management-improvements)
Finished game 326 (main vs time-management-improvements): 1-0 {White mates}
Score of time-management-improvements vs main: 135 - 79 - 111  [0.586] 325
Started game 329 of 2000000 (time-management-improvements vs main)
Finished game 322 (main vs time-management-improvements): 0-1 {Black wins by adjudication}
Score of time-management-improvements vs main: 136 - 79 - 111  [0.587] 326
Started game 330 of 2000000 (main vs time-management-improvements)
Finished game 327 (time-management-improvements vs main): 1-0 {White wins by adjudication}
Score of time-management-improvements vs main: 137 - 79 - 111  [0.589] 327
Started game 331 of 2000000 (time-management-improvements vs main)
Finished game 330 (main vs time-management-improvements): 1/2-1/2 {Draw by 3-fold repetition}
Score of time-management-improvements vs main: 137 - 79 - 112  [0.588] 328
Started game 332 of 2000000 (main vs time-management-improvements)
Finished game 328 (main vs time-management-improvements): 1-0 {White wins by adjudication}
Score of time-management-improvements vs main: 137 - 80 - 112  [0.587] 329
Started game 333 of 2000000 (time-management-improvements vs main)
Finished game 329 (time-management-improvements vs main): 0-1 {Black wins by adjudication}
Score of time-management-improvements vs main: 137 - 81 - 112  [0.585] 330
Started game 334 of 2000000 (main vs time-management-improvements)
Finished game 331 (time-management-improvements vs main): 1/2-1/2 {Draw by 3-fold repetition}
Score of time-management-improvements vs main: 137 - 81 - 113  [0.585] 331
Started game 335 of 2000000 (time-management-improvements vs main)
Finished game 332 (main vs time-management-improvements): 1/2-1/2 {Draw by 3-fold repetition}
Score of time-management-improvements vs main: 137 - 81 - 114  [0.584] 332
Started game 336 of 2000000 (main vs time-management-improvements)
Finished game 333 (time-management-improvements vs main): 1/2-1/2 {Draw by 3-fold repetition}
Score of time-management-improvements vs main: 137 - 81 - 115  [0.584] 333
Started game 337 of 2000000 (time-management-improvements vs main)
Finished game 336 (main vs time-management-improvements): 1/2-1/2 {Draw by 3-fold repetition}
Score of time-management-improvements vs main: 137 - 81 - 116  [0.584] 334
Started game 338 of 2000000 (main vs time-management-improvements)
Finished game 334 (main vs time-management-improvements): 1-0 {White wins by adjudication}
Score of time-management-improvements vs main: 137 - 82 - 116  [0.582] 335
Started game 339 of 2000000 (time-management-improvements vs main)
Finished game 335 (time-management-improvements vs main): 1-0 {White wins by adjudication}
Score of time-management-improvements vs main: 138 - 82 - 116  [0.583] 336
Started game 340 of 2000000 (main vs time-management-improvements)
Finished game 337 (time-management-improvements vs main): 1/2-1/2 {Draw by 3-fold repetition}
Score of time-management-improvements vs main: 138 - 82 - 117  [0.583] 337
Started game 341 of 2000000 (time-management-improvements vs main)
Finished game 338 (main vs time-management-improvements): 0-1 {Black wins by adjudication}
Score of time-management-improvements vs main: 139 - 82 - 117  [0.584] 338
Started game 342 of 2000000 (main vs time-management-improvements)
Finished game 339 (time-management-improvements vs main): 1/2-1/2 {Draw by 3-fold repetition}
Score of time-management-improvements vs main: 139 - 82 - 118  [0.584] 339
Started game 343 of 2000000 (time-management-improvements vs main)
Finished game 340 (main vs time-management-improvements): 0-1 {Black wins by adjudication}
Score of time-management-improvements vs main: 140 - 82 - 118  [0.585] 340
Started game 344 of 2000000 (main vs time-management-improvements)
Finished game 341 (time-management-improvements vs main): 0-1 {Black wins by adjudication}
Score of time-management-improvements vs main: 140 - 83 - 118  [0.584] 341
Started game 345 of 2000000 (time-management-improvements vs main)
Finished game 342 (main vs time-management-improvements): 0-1 {Black wins by adjudication}
Score of time-management-improvements vs main: 141 - 83 - 118  [0.585] 342
Started game 346 of 2000000 (main vs time-management-improvements)
Finished game 343 (time-management-improvements vs main): 1/2-1/2 {Draw by 3-fold repetition}
Score of time-management-improvements vs main: 141 - 83 - 119  [0.585] 343
Started game 347 of 2000000 (time-management-improvements vs main)
Finished game 346 (main vs time-management-improvements): 0-1 {Black mates}
Score of time-management-improvements vs main: 142 - 83 - 119  [0.586] 344
Started game 348 of 2000000 (main vs time-management-improvements)
Finished game 345 (time-management-improvements vs main): 1/2-1/2 {Draw by 3-fold repetition}
Score of time-management-improvements vs main: 142 - 83 - 120  [0.586] 345
Started game 349 of 2000000 (time-management-improvements vs main)
Finished game 344 (main vs time-management-improvements): 1/2-1/2 {Draw by 3-fold repetition}
Score of time-management-improvements vs main: 142 - 83 - 121  [0.585] 346
Started game 350 of 2000000 (main vs time-management-improvements)
Finished game 348 (main vs time-management-improvements): 1/2-1/2 {Draw by 3-fold repetition}
Score of time-management-improvements vs main: 142 - 83 - 122  [0.585] 347
Started game 351 of 2000000 (time-management-improvements vs main)
Finished game 350 (main vs time-management-improvements): 1/2-1/2 {Draw by 3-fold repetition}
Score of time-management-improvements vs main: 142 - 83 - 123  [0.585] 348
Started game 352 of 2000000 (main vs time-management-improvements)
Finished game 347 (time-management-improvements vs main): 1/2-1/2 {Draw by 3-fold repetition}
Score of time-management-improvements vs main: 142 - 83 - 124  [0.585] 349
Started game 353 of 2000000 (time-management-improvements vs main)
Finished game 349 (time-management-improvements vs main): 1-0 {White wins by adjudication}
Score of time-management-improvements vs main: 143 - 83 - 124  [0.586] 350
Started game 354 of 2000000 (main vs time-management-improvements)
Finished game 351 (time-management-improvements vs main): 0-1 {Black wins by adjudication}
Score of time-management-improvements vs main: 143 - 84 - 124  [0.584] 351
Started game 355 of 2000000 (time-management-improvements vs main)
Finished game 352 (main vs time-management-improvements): 0-1 {Black wins by adjudication}
Score of time-management-improvements vs main: 144 - 84 - 124  [0.585] 352
Started game 356 of 2000000 (main vs time-management-improvements)
Finished game 353 (time-management-improvements vs main): 1-0 {White wins by adjudication}
Score of time-management-improvements vs main: 145 - 84 - 124  [0.586] 353
Started game 357 of 2000000 (time-management-improvements vs main)
Finished game 355 (time-management-improvements vs main): 1/2-1/2 {Draw by 3-fold repetition}
Score of time-management-improvements vs main: 145 - 84 - 125  [0.586] 354
Started game 358 of 2000000 (main vs time-management-improvements)
Finished game 354 (main vs time-management-improvements): 0-1 {Black wins by adjudication}
Score of time-management-improvements vs main: 146 - 84 - 125  [0.587] 355
Started game 359 of 2000000 (time-management-improvements vs main)
Finished game 356 (main vs time-management-improvements): 0-1 {Black wins by adjudication}
Score of time-management-improvements vs main: 147 - 84 - 125  [0.588] 356
Started game 360 of 2000000 (main vs time-management-improvements)
Finished game 357 (time-management-improvements vs main): 1-0 {White wins by adjudication}
Score of time-management-improvements vs main: 148 - 84 - 125  [0.590] 357
Started game 361 of 2000000 (time-management-improvements vs main)
Finished game 358 (main vs time-management-improvements): 1/2-1/2 {Draw by 3-fold repetition}
Score of time-management-improvements vs main: 148 - 84 - 126  [0.589] 358
Started game 362 of 2000000 (main vs time-management-improvements)
Finished game 362 (main vs time-management-improvements): 0-1 {Black wins by adjudication}
Score of time-management-improvements vs main: 149 - 84 - 126  [0.591] 359
Started game 363 of 2000000 (time-management-improvements vs main)
Finished game 359 (time-management-improvements vs main): 1-0 {White wins by adjudication}
Score of time-management-improvements vs main: 150 - 84 - 126  [0.592] 360
Started game 364 of 2000000 (main vs time-management-improvements)
Finished game 361 (time-management-improvements vs main): 1-0 {White wins by adjudication}
Score of time-management-improvements vs main: 151 - 84 - 126  [0.593] 361
Started game 365 of 2000000 (time-management-improvements vs main)
Finished game 365 (time-management-improvements vs main): 1-0 {White mates}
Score of time-management-improvements vs main: 152 - 84 - 126  [0.594] 362
Started game 366 of 2000000 (main vs time-management-improvements)
Finished game 360 (main vs time-management-improvements): 0-1 {Black wins by adjudication}
Score of time-management-improvements vs main: 153 - 84 - 126  [0.595] 363
Started game 367 of 2000000 (time-management-improvements vs main)
Finished game 364 (main vs time-management-improvements): 1/2-1/2 {Draw by adjudication}
Score of time-management-improvements vs main: 153 - 84 - 127  [0.595] 364
Started game 368 of 2000000 (main vs time-management-improvements)
Finished game 363 (time-management-improvements vs main): 1/2-1/2 {Draw by 3-fold repetition}
Score of time-management-improvements vs main: 153 - 84 - 128  [0.595] 365
Started game 369 of 2000000 (time-management-improvements vs main)
Finished game 366 (main vs time-management-improvements): 1-0 {White wins by adjudication}
Score of time-management-improvements vs main: 153 - 85 - 128  [0.593] 366
Started game 370 of 2000000 (main vs time-management-improvements)
Finished game 367 (time-management-improvements vs main): 0-1 {Black wins by adjudication}
Score of time-management-improvements vs main: 153 - 86 - 128  [0.591] 367
Started game 371 of 2000000 (time-management-improvements vs main)
Finished game 368 (main vs time-management-improvements): 0-1 {Black wins by adjudication}
Score of time-management-improvements vs main: 154 - 86 - 128  [0.592] 368
Started game 372 of 2000000 (main vs time-management-improvements)
Finished game 369 (time-management-improvements vs main): 0-1 {Black wins by adjudication}
Score of time-management-improvements vs main: 154 - 87 - 128  [0.591] 369
Started game 373 of 2000000 (time-management-improvements vs main)
Finished game 371 (time-management-improvements vs main): 0-1 {Black wins by adjudication}
Score of time-management-improvements vs main: 154 - 88 - 128  [0.589] 370
Started game 374 of 2000000 (main vs time-management-improvements)
Finished game 372 (main vs time-management-improvements): 0-1 {Black wins by adjudication}
Score of time-management-improvements vs main: 155 - 88 - 128  [0.590] 371
Started game 375 of 2000000 (time-management-improvements vs main)
Finished game 370 (main vs time-management-improvements): 0-1 {Black wins by adjudication}
Score of time-management-improvements vs main: 156 - 88 - 128  [0.591] 372
Started game 376 of 2000000 (main vs time-management-improvements)
Finished game 376 (main vs time-management-improvements): 0-1 {Black wins by adjudication}
Score of time-management-improvements vs main: 157 - 88 - 128  [0.592] 373
Started game 377 of 2000000 (time-management-improvements vs main)
Finished game 374 (main vs time-management-improvements): 0-1 {Black wins by adjudication}
Score of time-management-improvements vs main: 158 - 88 - 128  [0.594] 374
Started game 378 of 2000000 (main vs time-management-improvements)
Finished game 375 (time-management-improvements vs main): 0-1 {Black wins by adjudication}
Score of time-management-improvements vs main: 158 - 89 - 128  [0.592] 375
Started game 379 of 2000000 (time-management-improvements vs main)
Finished game 373 (time-management-improvements vs main): 1-0 {White wins by adjudication}
Score of time-management-improvements vs main: 159 - 89 - 128  [0.593] 376
Started game 380 of 2000000 (main vs time-management-improvements)
Finished game 377 (time-management-improvements vs main): 1-0 {White wins by adjudication}
Score of time-management-improvements vs main: 160 - 89 - 128  [0.594] 377
Started game 381 of 2000000 (time-management-improvements vs main)
Finished game 378 (main vs time-management-improvements): 0-1 {Black wins by adjudication}
Score of time-management-improvements vs main: 161 - 89 - 128  [0.595] 378
Started game 382 of 2000000 (main vs time-management-improvements)
Finished game 379 (time-management-improvements vs main): 0-1 {Black wins by adjudication}
Score of time-management-improvements vs main: 161 - 90 - 128  [0.594] 379
Started game 383 of 2000000 (time-management-improvements vs main)
Finished game 381 (time-management-improvements vs main): 1/2-1/2 {Draw by 3-fold repetition}
Score of time-management-improvements vs main: 161 - 90 - 129  [0.593] 380
Started game 384 of 2000000 (main vs time-management-improvements)
Finished game 382 (main vs time-management-improvements): 1-0 {White wins by adjudication}
Score of time-management-improvements vs main: 161 - 91 - 129  [0.592] 381
Started game 385 of 2000000 (time-management-improvements vs main)
Finished game 380 (main vs time-management-improvements): 0-1 {Black wins by adjudication}
Score of time-management-improvements vs main: 162 - 91 - 129  [0.593] 382
Started game 386 of 2000000 (main vs time-management-improvements)
Finished game 384 (main vs time-management-improvements): 0-1 {Black wins by adjudication}
Score of time-management-improvements vs main: 163 - 91 - 129  [0.594] 383
Started game 387 of 2000000 (time-management-improvements vs main)
Finished game 383 (time-management-improvements vs main): 1/2-1/2 {Draw by 3-fold repetition}
Score of time-management-improvements vs main: 163 - 91 - 130  [0.594] 384
Started game 388 of 2000000 (main vs time-management-improvements)
Finished game 385 (time-management-improvements vs main): 1-0 {White wins by adjudication}
Score of time-management-improvements vs main: 164 - 91 - 130  [0.595] 385
Started game 389 of 2000000 (time-management-improvements vs main)
Finished game 386 (main vs time-management-improvements): 1-0 {White wins by adjudication}
Score of time-management-improvements vs main: 164 - 92 - 130  [0.593] 386
Started game 390 of 2000000 (main vs time-management-improvements)
Finished game 387 (time-management-improvements vs main): 1-0 {White wins by adjudication}
Score of time-management-improvements vs main: 165 - 92 - 130  [0.594] 387
Started game 391 of 2000000 (time-management-improvements vs main)
Finished game 388 (main vs time-management-improvements): 0-1 {Black wins by adjudication}
Score of time-management-improvements vs main: 166 - 92 - 130  [0.595] 388
Started game 392 of 2000000 (main vs time-management-improvements)
Finished game 390 (main vs time-management-improvements): 1/2-1/2 {Draw by 3-fold repetition}
Score of time-management-improvements vs main: 166 - 92 - 131  [0.595] 389
Started game 393 of 2000000 (time-management-improvements vs main)
Finished game 389 (time-management-improvements vs main): 1/2-1/2 {Draw by insufficient mating material}
Score of time-management-improvements vs main: 166 - 92 - 132  [0.595] 390
Started game 394 of 2000000 (main vs time-management-improvements)
Finished game 391 (time-management-improvements vs main): 1/2-1/2 {Draw by 3-fold repetition}
Score of time-management-improvements vs main: 166 - 92 - 133  [0.595] 391
Started game 395 of 2000000 (time-management-improvements vs main)
Finished game 393 (time-management-improvements vs main): 1-0 {White wins by adjudication}
Score of time-management-improvements vs main: 167 - 92 - 133  [0.596] 392
Started game 396 of 2000000 (main vs time-management-improvements)
Finished game 394 (main vs time-management-improvements): 0-1 {Black wins by adjudication}
Score of time-management-improvements vs main: 168 - 92 - 133  [0.597] 393
Started game 397 of 2000000 (time-management-improvements vs main)
Finished game 392 (main vs time-management-improvements): 1-0 {White wins by adjudication}
Score of time-management-improvements vs main: 168 - 93 - 133  [0.595] 394
Started game 398 of 2000000 (main vs time-management-improvements)
Finished game 398 (main vs time-management-improvements): 0-1 {Black wins by adjudication}
Score of time-management-improvements vs main: 169 - 93 - 133  [0.596] 395
Started game 399 of 2000000 (time-management-improvements vs main)
Finished game 396 (main vs time-management-improvements): 0-1 {Black wins by adjudication}
Score of time-management-improvements vs main: 170 - 93 - 133  [0.597] 396
Started game 400 of 2000000 (main vs time-management-improvements)
Finished game 397 (time-management-improvements vs main): 0-1 {Black wins by adjudication}
Score of time-management-improvements vs main: 170 - 94 - 133  [0.596] 397
Started game 401 of 2000000 (time-management-improvements vs main)
Finished game 399 (time-management-improvements vs main): 0-1 {Black wins by adjudication}
Score of time-management-improvements vs main: 170 - 95 - 133  [0.594] 398
Started game 402 of 2000000 (main vs time-management-improvements)
Finished game 395 (time-management-improvements vs main): 1-0 {White wins by adjudication}
Score of time-management-improvements vs main: 171 - 95 - 133  [0.595] 399
Started game 403 of 2000000 (time-management-improvements vs main)
Finished game 403 (time-management-improvements vs main): 0-1 {Black wins by adjudication}
Score of time-management-improvements vs main: 171 - 96 - 133  [0.594] 400
Started game 404 of 2000000 (main vs time-management-improvements)
Finished game 401 (time-management-improvements vs main): 1/2-1/2 {Draw by adjudication}
Score of time-management-improvements vs main: 171 - 96 - 134  [0.594] 401
Started game 405 of 2000000 (time-management-improvements vs main)
Finished game 402 (main vs time-management-improvements): 0-1 {Black wins by adjudication}
Score of time-management-improvements vs main: 172 - 96 - 134  [0.595] 402
Started game 406 of 2000000 (main vs time-management-improvements)
Finished game 400 (main vs time-management-improvements): 1/2-1/2 {Draw by 3-fold repetition}
Score of time-management-improvements vs main: 172 - 96 - 135  [0.594] 403
Started game 407 of 2000000 (time-management-improvements vs main)
Finished game 404 (main vs time-management-improvements): 1-0 {White wins by adjudication}
Score of time-management-improvements vs main: 172 - 97 - 135  [0.593] 404
Started game 408 of 2000000 (main vs time-management-improvements)
Finished game 406 (main vs time-management-improvements): 0-1 {Black wins by adjudication}
Score of time-management-improvements vs main: 173 - 97 - 135  [0.594] 405
Started game 409 of 2000000 (time-management-improvements vs main)
Finished game 407 (time-management-improvements vs main): 1-0 {White wins by adjudication}
Score of time-management-improvements vs main: 174 - 97 - 135  [0.595] 406
Started game 410 of 2000000 (main vs time-management-improvements)
Finished game 405 (time-management-improvements vs main): 1/2-1/2 {Draw by 3-fold repetition}
Score of time-management-improvements vs main: 174 - 97 - 136  [0.595] 407
Started game 411 of 2000000 (time-management-improvements vs main)
Finished game 408 (main vs time-management-improvements): 1-0 {White wins by adjudication}
Score of time-management-improvements vs main: 174 - 98 - 136  [0.593] 408
Started game 412 of 2000000 (main vs time-management-improvements)
Finished game 411 (time-management-improvements vs main): 1-0 {White wins by adjudication}
Score of time-management-improvements vs main: 175 - 98 - 136  [0.594] 409
Started game 413 of 2000000 (time-management-improvements vs main)
Finished game 409 (time-management-improvements vs main): 1/2-1/2 {Draw by adjudication}
Score of time-management-improvements vs main: 175 - 98 - 137  [0.594] 410
Started game 414 of 2000000 (main vs time-management-improvements)
Finished game 410 (main vs time-management-improvements): 1-0 {White wins by adjudication}
Score of time-management-improvements vs main: 175 - 99 - 137  [0.592] 411
Started game 415 of 2000000 (time-management-improvements vs main)
Finished game 412 (main vs time-management-improvements): 0-1 {Black wins by adjudication}
Score of time-management-improvements vs main: 176 - 99 - 137  [0.593] 412
Started game 416 of 2000000 (main vs time-management-improvements)
Finished game 413 (time-management-improvements vs main): 1-0 {White wins by adjudication}
Score of time-management-improvements vs main: 177 - 99 - 137  [0.594] 413
Started game 417 of 2000000 (time-management-improvements vs main)
Finished game 414 (main vs time-management-improvements): 1-0 {White wins by adjudication}
Score of time-management-improvements vs main: 177 - 100 - 137  [0.593] 414
Started game 418 of 2000000 (main vs time-management-improvements)
Finished game 415 (time-management-improvements vs main): 1/2-1/2 {Draw by 3-fold repetition}
Score of time-management-improvements vs main: 177 - 100 - 138  [0.593] 415
Started game 419 of 2000000 (time-management-improvements vs main)
Finished game 416 (main vs time-management-improvements): 1-0 {White wins by adjudication}
Score of time-management-improvements vs main: 177 - 101 - 138  [0.591] 416
Started game 420 of 2000000 (main vs time-management-improvements)
Finished game 418 (main vs time-management-improvements): 0-1 {Black wins by adjudication}
Score of time-management-improvements vs main: 178 - 101 - 138  [0.592] 417
Started game 421 of 2000000 (time-management-improvements vs main)
Finished game 420 (main vs time-management-improvements): 0-1 {Black wins by adjudication}
Score of time-management-improvements vs main: 179 - 101 - 138  [0.593] 418
Started game 422 of 2000000 (main vs time-management-improvements)
Finished game 417 (time-management-improvements vs main): 1-0 {White wins by adjudication}
Score of time-management-improvements vs main: 180 - 101 - 138  [0.594] 419
Started game 423 of 2000000 (time-management-improvements vs main)
Finished game 419 (time-management-improvements vs main): 1-0 {White wins by adjudication}
Score of time-management-improvements vs main: 181 - 101 - 138  [0.595] 420
Started game 424 of 2000000 (main vs time-management-improvements)
Finished game 421 (time-management-improvements vs main): 1-0 {White wins by adjudication}
Score of time-management-improvements vs main: 182 - 101 - 138  [0.596] 421
Started game 425 of 2000000 (time-management-improvements vs main)
Finished game 423 (time-management-improvements vs main): 0-1 {Black wins by adjudication}
Score of time-management-improvements vs main: 182 - 102 - 138  [0.595] 422
Started game 426 of 2000000 (main vs time-management-improvements)
Finished game 424 (main vs time-management-improvements): 0-1 {Black wins by adjudication}
Score of time-management-improvements vs main: 183 - 102 - 138  [0.596] 423
Started game 427 of 2000000 (time-management-improvements vs main)
Finished game 422 (main vs time-management-improvements): 1/2-1/2 {Draw by 3-fold repetition}
Score of time-management-improvements vs main: 183 - 102 - 139  [0.596] 424
Started game 428 of 2000000 (main vs time-management-improvements)
Finished game 425 (time-management-improvements vs main): 1-0 {White wins by adjudication}
Score of time-management-improvements vs main: 184 - 102 - 139  [0.596] 425
Started game 429 of 2000000 (time-management-improvements vs main)
Finished game 426 (main vs time-management-improvements): 1/2-1/2 {Draw by 3-fold repetition}
Score of time-management-improvements vs main: 184 - 102 - 140  [0.596] 426
Started game 430 of 2000000 (main vs time-management-improvements)
Finished game 427 (time-management-improvements vs main): 0-1 {Black wins by adjudication}
Score of time-management-improvements vs main: 184 - 103 - 140  [0.595] 427
Started game 431 of 2000000 (time-management-improvements vs main)
Finished game 430 (main vs time-management-improvements): 1-0 {White wins by adjudication}
Score of time-management-improvements vs main: 184 - 104 - 140  [0.593] 428
Started game 432 of 2000000 (main vs time-management-improvements)
Finished game 428 (main vs time-management-improvements): 1-0 {White wins by adjudication}
Score of time-management-improvements vs main: 184 - 105 - 140  [0.592] 429
Started game 433 of 2000000 (time-management-improvements vs main)
Finished game 431 (time-management-improvements vs main): 1-0 {White wins by adjudication}
Score of time-management-improvements vs main: 185 - 105 - 140  [0.593] 430
Started game 434 of 2000000 (main vs time-management-improvements)
Finished game 429 (time-management-improvements vs main): 1/2-1/2 {Draw by 3-fold repetition}
Score of time-management-improvements vs main: 185 - 105 - 141  [0.593] 431
Started game 435 of 2000000 (time-management-improvements vs main)
Finished game 432 (main vs time-management-improvements): 1-0 {White wins by adjudication}
Score of time-management-improvements vs main: 185 - 106 - 141  [0.591] 432
Started game 436 of 2000000 (main vs time-management-improvements)
Finished game 434 (main vs time-management-improvements): 1/2-1/2 {Draw by 3-fold repetition}
Score of time-management-improvements vs main: 185 - 106 - 142  [0.591] 433
Started game 437 of 2000000 (time-management-improvements vs main)
Finished game 433 (time-management-improvements vs main): 1/2-1/2 {Draw by 3-fold repetition}
Score of time-management-improvements vs main: 185 - 106 - 143  [0.591] 434
Started game 438 of 2000000 (main vs time-management-improvements)
Finished game 435 (time-management-improvements vs main): 1-0 {White wins by adjudication}
Score of time-management-improvements vs main: 186 - 106 - 143  [0.592] 435
Started game 439 of 2000000 (time-management-improvements vs main)
Finished game 436 (main vs time-management-improvements): 0-1 {Black wins by adjudication}
Score of time-management-improvements vs main: 187 - 106 - 143  [0.593] 436
Started game 440 of 2000000 (main vs time-management-improvements)
Finished game 439 (time-management-improvements vs main): 0-1 {Black wins by adjudication}
Score of time-management-improvements vs main: 187 - 107 - 143  [0.592] 437
Started game 441 of 2000000 (time-management-improvements vs main)
Finished game 438 (main vs time-management-improvements): 1/2-1/2 {Draw by 3-fold repetition}
Score of time-management-improvements vs main: 187 - 107 - 144  [0.591] 438
Started game 442 of 2000000 (main vs time-management-improvements)
Finished game 437 (time-management-improvements vs main): 1/2-1/2 {Draw by 3-fold repetition}
Score of time-management-improvements vs main: 187 - 107 - 145  [0.591] 439
Started game 443 of 2000000 (time-management-improvements vs main)
Finished game 440 (main vs time-management-improvements): 1-0 {White wins by adjudication}
Score of time-management-improvements vs main: 187 - 108 - 145  [0.590] 440
Started game 444 of 2000000 (main vs time-management-improvements)
Finished game 441 (time-management-improvements vs main): 1-0 {White wins by adjudication}
Score of time-management-improvements vs main: 188 - 108 - 145  [0.591] 441
Started game 445 of 2000000 (time-management-improvements vs main)
Finished game 442 (main vs time-management-improvements): 0-1 {Black wins by adjudication}
Score of time-management-improvements vs main: 189 - 108 - 145  [0.592] 442
Started game 446 of 2000000 (main vs time-management-improvements)
Finished game 443 (time-management-improvements vs main): 1/2-1/2 {Draw by 3-fold repetition}
Score of time-management-improvements vs main: 189 - 108 - 146  [0.591] 443
Started game 447 of 2000000 (time-management-improvements vs main)
Finished game 444 (main vs time-management-improvements): 0-1 {Black wins by adjudication}
Score of time-management-improvements vs main: 190 - 108 - 146  [0.592] 444
Started game 448 of 2000000 (main vs time-management-improvements)
Finished game 445 (time-management-improvements vs main): 1/2-1/2 {Draw by 3-fold repetition}
Score of time-management-improvements vs main: 190 - 108 - 147  [0.592] 445
Started game 449 of 2000000 (time-management-improvements vs main)
Finished game 447 (time-management-improvements vs main): 0-1 {Black wins by adjudication}
Score of time-management-improvements vs main: 190 - 109 - 147  [0.591] 446
Started game 450 of 2000000 (main vs time-management-improvements)
Finished game 446 (main vs time-management-improvements): 0-1 {Black wins by adjudication}
Score of time-management-improvements vs main: 191 - 109 - 147  [0.592] 447
Started game 451 of 2000000 (time-management-improvements vs main)
Finished game 449 (time-management-improvements vs main): 1-0 {White wins by adjudication}
Score of time-management-improvements vs main: 192 - 109 - 147  [0.593] 448
Started game 452 of 2000000 (main vs time-management-improvements)
Finished game 448 (main vs time-management-improvements): 0-1 {Black wins by adjudication}
Score of time-management-improvements vs main: 193 - 109 - 147  [0.594] 449
Started game 453 of 2000000 (time-management-improvements vs main)
Finished game 451 (time-management-improvements vs main): 0-1 {Black wins by adjudication}
Score of time-management-improvements vs main: 193 - 110 - 147  [0.592] 450
Started game 454 of 2000000 (main vs time-management-improvements)
Finished game 452 (main vs time-management-improvements): 0-1 {Black wins by adjudication}
Score of time-management-improvements vs main: 194 - 110 - 147  [0.593] 451
Started game 455 of 2000000 (time-management-improvements vs main)
Finished game 450 (main vs time-management-improvements): 0-1 {Black wins by adjudication}
Score of time-management-improvements vs main: 195 - 110 - 147  [0.594] 452
Started game 456 of 2000000 (main vs time-management-improvements)
Finished game 453 (time-management-improvements vs main): 1-0 {White wins by adjudication}
Score of time-management-improvements vs main: 196 - 110 - 147  [0.595] 453
Started game 457 of 2000000 (time-management-improvements vs main)
Finished game 454 (main vs time-management-improvements): 1-0 {White wins by adjudication}
Score of time-management-improvements vs main: 196 - 111 - 147  [0.594] 454
Started game 458 of 2000000 (main vs time-management-improvements)
Finished game 456 (main vs time-management-improvements): 1-0 {White mates}
Score of time-management-improvements vs main: 196 - 112 - 147  [0.592] 455
Started game 459 of 2000000 (time-management-improvements vs main)
Finished game 455 (time-management-improvements vs main): 0-1 {Black wins by adjudication}
Score of time-management-improvements vs main: 196 - 113 - 147  [0.591] 456
Started game 460 of 2000000 (main vs time-management-improvements)
Finished game 457 (time-management-improvements vs main): 1-0 {White wins by adjudication}
Score of time-management-improvements vs main: 197 - 113 - 147  [0.592] 457
Started game 461 of 2000000 (time-management-improvements vs main)
Finished game 458 (main vs time-management-improvements): 0-1 {Black wins by adjudication}
Score of time-management-improvements vs main: 198 - 113 - 147  [0.593] 458
Started game 462 of 2000000 (main vs time-management-improvements)
Finished game 459 (time-management-improvements vs main): 1-0 {White mates}
Score of time-management-improvements vs main: 199 - 113 - 147  [0.594] 459
Started game 463 of 2000000 (time-management-improvements vs main)
Finished game 460 (main vs time-management-improvements): 1/2-1/2 {Draw by 3-fold repetition}
Score of time-management-improvements vs main: 199 - 113 - 148  [0.593] 460
Started game 464 of 2000000 (main vs time-management-improvements)
Finished game 461 (time-management-improvements vs main): 0-1 {Black wins by adjudication}
Score of time-management-improvements vs main: 199 - 114 - 148  [0.592] 461
Started game 465 of 2000000 (time-management-improvements vs main)
Finished game 462 (main vs time-management-improvements): 1-0 {White wins by adjudication}
Score of time-management-improvements vs main: 199 - 115 - 148  [0.591] 462
Started game 466 of 2000000 (main vs time-management-improvements)
Finished game 464 (main vs time-management-improvements): 0-1 {Black wins by adjudication}
Score of time-management-improvements vs main: 200 - 115 - 148  [0.592] 463
Started game 467 of 2000000 (time-management-improvements vs main)
Finished game 463 (time-management-improvements vs main): 0-1 {Black wins by adjudication}
Score of time-management-improvements vs main: 200 - 116 - 148  [0.591] 464
Started game 468 of 2000000 (main vs time-management-improvements)
Finished game 465 (time-management-improvements vs main): 1-0 {White wins by adjudication}
Score of time-management-improvements vs main: 201 - 116 - 148  [0.591] 465
Started game 469 of 2000000 (time-management-improvements vs main)
Finished game 466 (main vs time-management-improvements): 0-1 {Black wins by adjudication}
Score of time-management-improvements vs main: 202 - 116 - 148  [0.592] 466
Started game 470 of 2000000 (main vs time-management-improvements)
Finished game 467 (time-management-improvements vs main): 1-0 {White wins by adjudication}
Score of time-management-improvements vs main: 203 - 116 - 148  [0.593] 467
Started game 471 of 2000000 (time-management-improvements vs main)
Finished game 469 (time-management-improvements vs main): 1-0 {White wins by adjudication}
Score of time-management-improvements vs main: 204 - 116 - 148  [0.594] 468
Started game 472 of 2000000 (main vs time-management-improvements)
Finished game 468 (main vs time-management-improvements): 1/2-1/2 {Draw by 3-fold repetition}
Score of time-management-improvements vs main: 204 - 116 - 149  [0.594] 469
Started game 473 of 2000000 (time-management-improvements vs main)
Finished game 470 (main vs time-management-improvements): 0-1 {Black wins by adjudication}
Score of time-management-improvements vs main: 205 - 116 - 149  [0.595] 470
Started game 474 of 2000000 (main vs time-management-improvements)
Finished game 473 (time-management-improvements vs main): 1-0 {White wins by adjudication}
Score of time-management-improvements vs main: 206 - 116 - 149  [0.596] 471
Started game 475 of 2000000 (time-management-improvements vs main)
Finished game 472 (main vs time-management-improvements): 0-1 {Black wins by adjudication}
Score of time-management-improvements vs main: 207 - 116 - 149  [0.596] 472
Started game 476 of 2000000 (main vs time-management-improvements)
Finished game 471 (time-management-improvements vs main): 1/2-1/2 {Draw by 3-fold repetition}
Score of time-management-improvements vs main: 207 - 116 - 150  [0.596] 473
Started game 477 of 2000000 (time-management-improvements vs main)
Finished game 474 (main vs time-management-improvements): 1-0 {White wins by adjudication}
Score of time-management-improvements vs main: 207 - 117 - 150  [0.595] 474
Started game 478 of 2000000 (main vs time-management-improvements)
Finished game 475 (time-management-improvements vs main): 1-0 {White wins by adjudication}
Score of time-management-improvements vs main: 208 - 117 - 150  [0.596] 475
Started game 479 of 2000000 (time-management-improvements vs main)
Finished game 477 (time-management-improvements vs main): 1/2-1/2 {Draw by 3-fold repetition}
Score of time-management-improvements vs main: 208 - 117 - 151  [0.596] 476
Started game 480 of 2000000 (main vs time-management-improvements)
Finished game 478 (main vs time-management-improvements): 1/2-1/2 {Draw by 3-fold repetition}
Score of time-management-improvements vs main: 208 - 117 - 152  [0.595] 477
Started game 481 of 2000000 (time-management-improvements vs main)
Finished game 476 (main vs time-management-improvements): 0-1 {Black wins by adjudication}
Score of time-management-improvements vs main: 209 - 117 - 152  [0.596] 478
Started game 482 of 2000000 (main vs time-management-improvements)
Finished game 479 (time-management-improvements vs main): 0-1 {Black wins by adjudication}
Score of time-management-improvements vs main: 209 - 118 - 152  [0.595] 479
Started game 483 of 2000000 (time-management-improvements vs main)
Finished game 480 (main vs time-management-improvements): 1/2-1/2 {Draw by 3-fold repetition}
Score of time-management-improvements vs main: 209 - 118 - 153  [0.595] 480
Started game 484 of 2000000 (main vs time-management-improvements)
Finished game 481 (time-management-improvements vs main): 1-0 {White wins by adjudication}
Score of time-management-improvements vs main: 210 - 118 - 153  [0.596] 481
Started game 485 of 2000000 (time-management-improvements vs main)
Finished game 482 (main vs time-management-improvements): 1/2-1/2 {Draw by 3-fold repetition}
Score of time-management-improvements vs main: 210 - 118 - 154  [0.595] 482
Started game 486 of 2000000 (main vs time-management-improvements)
Finished game 485 (time-management-improvements vs main): 1/2-1/2 {Draw by 3-fold repetition}
Score of time-management-improvements vs main: 210 - 118 - 155  [0.595] 483
Started game 487 of 2000000 (time-management-improvements vs main)
Finished game 486 (main vs time-management-improvements): 0-1 {Black wins by adjudication}
Score of time-management-improvements vs main: 211 - 118 - 155  [0.596] 484
Started game 488 of 2000000 (main vs time-management-improvements)
Finished game 483 (time-management-improvements vs main): 1-0 {White wins by adjudication}
Score of time-management-improvements vs main: 212 - 118 - 155  [0.597] 485
Started game 489 of 2000000 (time-management-improvements vs main)
Finished game 484 (main vs time-management-improvements): 1/2-1/2 {Draw by 3-fold repetition}
Score of time-management-improvements vs main: 212 - 118 - 156  [0.597] 486
Started game 490 of 2000000 (main vs time-management-improvements)
Finished game 487 (time-management-improvements vs main): 1/2-1/2 {Draw by 3-fold repetition}
Score of time-management-improvements vs main: 212 - 118 - 157  [0.597] 487
Started game 491 of 2000000 (time-management-improvements vs main)
Finished game 488 (main vs time-management-improvements): 0-1 {Black wins by adjudication}
Score of time-management-improvements vs main: 213 - 118 - 157  [0.597] 488
Started game 492 of 2000000 (main vs time-management-improvements)
Finished game 489 (time-management-improvements vs main): 0-1 {Black wins by adjudication}
Score of time-management-improvements vs main: 213 - 119 - 157  [0.596] 489
Started game 493 of 2000000 (time-management-improvements vs main)
Finished game 492 (main vs time-management-improvements): 0-1 {Black wins by adjudication}
Score of time-management-improvements vs main: 214 - 119 - 157  [0.597] 490
Started game 494 of 2000000 (main vs time-management-improvements)
Finished game 490 (main vs time-management-improvements): 1-0 {White wins by adjudication}
Score of time-management-improvements vs main: 214 - 120 - 157  [0.596] 491
Started game 495 of 2000000 (time-management-improvements vs main)
Finished game 491 (time-management-improvements vs main): 1/2-1/2 {Draw by 3-fold repetition}
Score of time-management-improvements vs main: 214 - 120 - 158  [0.596] 492
Started game 496 of 2000000 (main vs time-management-improvements)
Finished game 493 (time-management-improvements vs main): 1/2-1/2 {Draw by 3-fold repetition}
Score of time-management-improvements vs main: 214 - 120 - 159  [0.595] 493
Started game 497 of 2000000 (time-management-improvements vs main)
Finished game 494 (main vs time-management-improvements): 0-1 {Black wins by adjudication}
Score of time-management-improvements vs main: 215 - 120 - 159  [0.596] 494
Started game 498 of 2000000 (main vs time-management-improvements)
Finished game 495 (time-management-improvements vs main): 1-0 {White wins by adjudication}
Score of time-management-improvements vs main: 216 - 120 - 159  [0.597] 495
Started game 499 of 2000000 (time-management-improvements vs main)
Finished game 497 (time-management-improvements vs main): 1/2-1/2 {Draw by 3-fold repetition}
Score of time-management-improvements vs main: 216 - 120 - 160  [0.597] 496
Started game 500 of 2000000 (main vs time-management-improvements)
Finished game 496 (main vs time-management-improvements): 0-1 {Black wins by adjudication}
Score of time-management-improvements vs main: 217 - 120 - 160  [0.598] 497
Started game 501 of 2000000 (time-management-improvements vs main)
Finished game 498 (main vs time-management-improvements): 0-1 {Black mates}
Score of time-management-improvements vs main: 218 - 120 - 160  [0.598] 498
Started game 502 of 2000000 (main vs time-management-improvements)
Finished game 499 (time-management-improvements vs main): 0-1 {Black wins by adjudication}
Score of time-management-improvements vs main: 218 - 121 - 160  [0.597] 499
Started game 503 of 2000000 (time-management-improvements vs main)
Finished game 501 (time-management-improvements vs main): 1-0 {White wins by adjudication}
Score of time-management-improvements vs main: 219 - 121 - 160  [0.598] 500
Started game 504 of 2000000 (main vs time-management-improvements)
Finished game 500 (main vs time-management-improvements): 1/2-1/2 {Draw by 3-fold repetition}
Score of time-management-improvements vs main: 219 - 121 - 161  [0.598] 501
Started game 505 of 2000000 (time-management-improvements vs main)
Finished game 502 (main vs time-management-improvements): 0-1 {Black wins by adjudication}
Score of time-management-improvements vs main: 220 - 121 - 161  [0.599] 502
Started game 506 of 2000000 (main vs time-management-improvements)
Finished game 504 (main vs time-management-improvements): 0-1 {Black wins by adjudication}
Score of time-management-improvements vs main: 221 - 121 - 161  [0.599] 503
Started game 507 of 2000000 (time-management-improvements vs main)
Finished game 503 (time-management-improvements vs main): 0-1 {Black wins by adjudication}
Score of time-management-improvements vs main: 221 - 122 - 161  [0.598] 504
Started game 508 of 2000000 (main vs time-management-improvements)
Finished game 505 (time-management-improvements vs main): 1/2-1/2 {Draw by 3-fold repetition}
Score of time-management-improvements vs main: 221 - 122 - 162  [0.598] 505
Started game 509 of 2000000 (time-management-improvements vs main)
Finished game 507 (time-management-improvements vs main): 1-0 {White mates}
Score of time-management-improvements vs main: 222 - 122 - 162  [0.599] 506
Started game 510 of 2000000 (main vs time-management-improvements)
Finished game 506 (main vs time-management-improvements): 0-1 {Black wins by adjudication}
Score of time-management-improvements vs main: 223 - 122 - 162  [0.600] 507
Started game 511 of 2000000 (time-management-improvements vs main)
Finished game 508 (main vs time-management-improvements): 1/2-1/2 {Draw by 3-fold repetition}
Score of time-management-improvements vs main: 223 - 122 - 163  [0.599] 508
Started game 512 of 2000000 (main vs time-management-improvements)
Finished game 511 (time-management-improvements vs main): 1-0 {White wins by adjudication}
Score of time-management-improvements vs main: 224 - 122 - 163  [0.600] 509
Started game 513 of 2000000 (time-management-improvements vs main)
Finished game 509 (time-management-improvements vs main): 1-0 {White wins by adjudication}
Score of time-management-improvements vs main: 225 - 122 - 163  [0.601] 510
Started game 514 of 2000000 (main vs time-management-improvements)
Finished game 510 (main vs time-management-improvements): 1/2-1/2 {Draw by 3-fold repetition}
Score of time-management-improvements vs main: 225 - 122 - 164  [0.601] 511
Started game 515 of 2000000 (time-management-improvements vs main)
Finished game 513 (time-management-improvements vs main): 1/2-1/2 {Draw by 3-fold repetition}
Score of time-management-improvements vs main: 225 - 122 - 165  [0.601] 512
Started game 516 of 2000000 (main vs time-management-improvements)
Finished game 512 (main vs time-management-improvements): 0-1 {Black wins by adjudication}
Score of time-management-improvements vs main: 226 - 122 - 165  [0.601] 513
Started game 517 of 2000000 (time-management-improvements vs main)
Finished game 516 (main vs time-management-improvements): 0-1 {Black wins by adjudication}
Score of time-management-improvements vs main: 227 - 122 - 165  [0.602] 514
Started game 518 of 2000000 (main vs time-management-improvements)
Finished game 515 (time-management-improvements vs main): 1/2-1/2 {Draw by 3-fold repetition}
Score of time-management-improvements vs main: 227 - 122 - 166  [0.602] 515
Started game 519 of 2000000 (time-management-improvements vs main)
Finished game 517 (time-management-improvements vs main): 1-0 {White wins by adjudication}
Score of time-management-improvements vs main: 228 - 122 - 166  [0.603] 516
Started game 520 of 2000000 (main vs time-management-improvements)
Finished game 514 (main vs time-management-improvements): 1-0 {White wins by adjudication}
Score of time-management-improvements vs main: 228 - 123 - 166  [0.602] 517
Started game 521 of 2000000 (time-management-improvements vs main)
Finished game 519 (time-management-improvements vs main): 1-0 {White mates}
Score of time-management-improvements vs main: 229 - 123 - 166  [0.602] 518
Started game 522 of 2000000 (main vs time-management-improvements)
Finished game 520 (main vs time-management-improvements): 1-0 {White wins by adjudication}
Score of time-management-improvements vs main: 229 - 124 - 166  [0.601] 519
Started game 523 of 2000000 (time-management-improvements vs main)
Finished game 521 (time-management-improvements vs main): 1-0 {White mates}
Score of time-management-improvements vs main: 230 - 124 - 166  [0.602] 520
Started game 524 of 2000000 (main vs time-management-improvements)
Finished game 518 (main vs time-management-improvements): 0-1 {Black wins by adjudication}
Score of time-management-improvements vs main: 231 - 124 - 166  [0.603] 521
Started game 525 of 2000000 (time-management-improvements vs main)
Finished game 522 (main vs time-management-improvements): 0-1 {Black wins by adjudication}
Score of time-management-improvements vs main: 232 - 124 - 166  [0.603] 522
Started game 526 of 2000000 (main vs time-management-improvements)
Finished game 524 (main vs time-management-improvements): 1/2-1/2 {Draw by 3-fold repetition}
Score of time-management-improvements vs main: 232 - 124 - 167  [0.603] 523
Started game 527 of 2000000 (time-management-improvements vs main)
Finished game 523 (time-management-improvements vs main): 1/2-1/2 {Draw by 3-fold repetition}
Score of time-management-improvements vs main: 232 - 124 - 168  [0.603] 524
Started game 528 of 2000000 (main vs time-management-improvements)
Finished game 525 (time-management-improvements vs main): 1-0 {White wins by adjudication}
Score of time-management-improvements vs main: 233 - 124 - 168  [0.604] 525
Started game 529 of 2000000 (time-management-improvements vs main)
Finished game 527 (time-management-improvements vs main): 1/2-1/2 {Draw by 3-fold repetition}
Score of time-management-improvements vs main: 233 - 124 - 169  [0.604] 526
Started game 530 of 2000000 (main vs time-management-improvements)
Finished game 528 (main vs time-management-improvements): 1-0 {White wins by adjudication}
Score of time-management-improvements vs main: 233 - 125 - 169  [0.602] 527
Started game 531 of 2000000 (time-management-improvements vs main)
Finished game 526 (main vs time-management-improvements): 1/2-1/2 {Draw by 3-fold repetition}
Score of time-management-improvements vs main: 233 - 125 - 170  [0.602] 528
Started game 532 of 2000000 (main vs time-management-improvements)
Finished game 529 (time-management-improvements vs main): 1-0 {White wins by adjudication}
Score of time-management-improvements vs main: 234 - 125 - 170  [0.603] 529
Started game 533 of 2000000 (time-management-improvements vs main)
Finished game 530 (main vs time-management-improvements): 1-0 {White wins by adjudication}
Score of time-management-improvements vs main: 234 - 126 - 170  [0.602] 530
Started game 534 of 2000000 (main vs time-management-improvements)
Finished game 532 (main vs time-management-improvements): 1/2-1/2 {Draw by 3-fold repetition}
Score of time-management-improvements vs main: 234 - 126 - 171  [0.602] 531
Started game 535 of 2000000 (time-management-improvements vs main)
Finished game 533 (time-management-improvements vs main): 1-0 {White wins by adjudication}
Score of time-management-improvements vs main: 235 - 126 - 171  [0.602] 532
Started game 536 of 2000000 (main vs time-management-improvements)
Finished game 531 (time-management-improvements vs main): 1-0 {White wins by adjudication}
Score of time-management-improvements vs main: 236 - 126 - 171  [0.603] 533
Started game 537 of 2000000 (time-management-improvements vs main)
Finished game 536 (main vs time-management-improvements): 1/2-1/2 {Draw by 3-fold repetition}
Score of time-management-improvements vs main: 236 - 126 - 172  [0.603] 534
Started game 538 of 2000000 (main vs time-management-improvements)
Finished game 534 (main vs time-management-improvements): 1/2-1/2 {Draw by 3-fold repetition}
Score of time-management-improvements vs main: 236 - 126 - 173  [0.603] 535
Started game 539 of 2000000 (time-management-improvements vs main)
Finished game 537 (time-management-improvements vs main): 1-0 {White wins by adjudication}
Score of time-management-improvements vs main: 237 - 126 - 173  [0.604] 536
Started game 540 of 2000000 (main vs time-management-improvements)
Finished game 539 (time-management-improvements vs main): 1-0 {White wins by adjudication}
Score of time-management-improvements vs main: 238 - 126 - 173  [0.604] 537
Started game 541 of 2000000 (time-management-improvements vs main)
Finished game 535 (time-management-improvements vs main): 1-0 {White wins by adjudication}
Score of time-management-improvements vs main: 239 - 126 - 173  [0.605] 538
Started game 542 of 2000000 (main vs time-management-improvements)
Finished game 538 (main vs time-management-improvements): 0-1 {Black wins by adjudication}
Score of time-management-improvements vs main: 240 - 126 - 173  [0.606] 539
Started game 543 of 2000000 (time-management-improvements vs main)
Finished game 540 (main vs time-management-improvements): 1-0 {White wins by adjudication}
Score of time-management-improvements vs main: 240 - 127 - 173  [0.605] 540
Started game 544 of 2000000 (main vs time-management-improvements)
Finished game 541 (time-management-improvements vs main): 1-0 {White wins by adjudication}
Score of time-management-improvements vs main: 241 - 127 - 173  [0.605] 541
Started game 545 of 2000000 (time-management-improvements vs main)
Finished game 543 (time-management-improvements vs main): 1-0 {White wins by adjudication}
Score of time-management-improvements vs main: 242 - 127 - 173  [0.606] 542
Started game 546 of 2000000 (main vs time-management-improvements)
Finished game 544 (main vs time-management-improvements): 1/2-1/2 {Draw by 3-fold repetition}
Score of time-management-improvements vs main: 242 - 127 - 174  [0.606] 543
Started game 547 of 2000000 (time-management-improvements vs main)
Finished game 545 (time-management-improvements vs main): 0-1 {Black wins by adjudication}
Score of time-management-improvements vs main: 242 - 128 - 174  [0.605] 544
Started game 548 of 2000000 (main vs time-management-improvements)
Finished game 542 (main vs time-management-improvements): 1/2-1/2 {Draw by insufficient mating material}
Score of time-management-improvements vs main: 242 - 128 - 175  [0.605] 545
Started game 549 of 2000000 (time-management-improvements vs main)
Finished game 546 (main vs time-management-improvements): 1/2-1/2 {Draw by 3-fold repetition}
Score of time-management-improvements vs main: 242 - 128 - 176  [0.604] 546
Started game 550 of 2000000 (main vs time-management-improvements)
Finished game 547 (time-management-improvements vs main): 0-1 {Black wins by adjudication}
Score of time-management-improvements vs main: 242 - 129 - 176  [0.603] 547
Started game 551 of 2000000 (time-management-improvements vs main)
Finished game 548 (main vs time-management-improvements): 0-1 {Black wins by adjudication}
Score of time-management-improvements vs main: 243 - 129 - 176  [0.604] 548
Started game 552 of 2000000 (main vs time-management-improvements)
Finished game 549 (time-management-improvements vs main): 0-1 {Black wins by adjudication}
Score of time-management-improvements vs main: 243 - 130 - 176  [0.603] 549
Started game 553 of 2000000 (time-management-improvements vs main)
Finished game 550 (main vs time-management-improvements): 0-1 {Black wins by adjudication}
Score of time-management-improvements vs main: 244 - 130 - 176  [0.604] 550
Started game 554 of 2000000 (main vs time-management-improvements)
Finished game 551 (time-management-improvements vs main): 0-1 {Black wins by adjudication}
Score of time-management-improvements vs main: 244 - 131 - 176  [0.603] 551
Started game 555 of 2000000 (time-management-improvements vs main)
Finished game 552 (main vs time-management-improvements): 1/2-1/2 {Draw by 3-fold repetition}
Score of time-management-improvements vs main: 244 - 131 - 177  [0.602] 552
Started game 556 of 2000000 (main vs time-management-improvements)
Finished game 553 (time-management-improvements vs main): 0-1 {Black wins by adjudication}
Score of time-management-improvements vs main: 244 - 132 - 177  [0.601] 553
Started game 557 of 2000000 (time-management-improvements vs main)
Finished game 554 (main vs time-management-improvements): 0-1 {Black wins by adjudication}
Score of time-management-improvements vs main: 245 - 132 - 177  [0.602] 554
Started game 558 of 2000000 (main vs time-management-improvements)
Finished game 555 (time-management-improvements vs main): 1-0 {White wins by adjudication}
Score of time-management-improvements vs main: 246 - 132 - 177  [0.603] 555
Started game 559 of 2000000 (time-management-improvements vs main)
Finished game 558 (main vs time-management-improvements): 1-0 {White wins by adjudication}
Score of time-management-improvements vs main: 246 - 133 - 177  [0.602] 556
Started game 560 of 2000000 (main vs time-management-improvements)
Finished game 557 (time-management-improvements vs main): 0-1 {Black wins by adjudication}
Score of time-management-improvements vs main: 246 - 134 - 177  [0.601] 557
Started game 561 of 2000000 (time-management-improvements vs main)
Finished game 559 (time-management-improvements vs main): 0-1 {Black wins by adjudication}
Score of time-management-improvements vs main: 246 - 135 - 177  [0.599] 558
Started game 562 of 2000000 (main vs time-management-improvements)
Finished game 556 (main vs time-management-improvements): 0-1 {Black wins by adjudication}
Score of time-management-improvements vs main: 247 - 135 - 177  [0.600] 559
Started game 563 of 2000000 (time-management-improvements vs main)
Finished game 560 (main vs time-management-improvements): 1/2-1/2 {Draw by 3-fold repetition}
Score of time-management-improvements vs main: 247 - 135 - 178  [0.600] 560
Started game 564 of 2000000 (main vs time-management-improvements)
Finished game 562 (main vs time-management-improvements): 1/2-1/2 {Draw by 3-fold repetition}
Score of time-management-improvements vs main: 247 - 135 - 179  [0.600] 561
Started game 565 of 2000000 (time-management-improvements vs main)
Finished game 563 (time-management-improvements vs main): 1-0 {White wins by adjudication}
Score of time-management-improvements vs main: 248 - 135 - 179  [0.601] 562
Started game 566 of 2000000 (main vs time-management-improvements)
Finished game 561 (time-management-improvements vs main): 1-0 {White wins by adjudication}
Score of time-management-improvements vs main: 249 - 135 - 179  [0.601] 563
Started game 567 of 2000000 (time-management-improvements vs main)
Finished game 565 (time-management-improvements vs main): 1-0 {White wins by adjudication}
Score of time-management-improvements vs main: 250 - 135 - 179  [0.602] 564
Started game 568 of 2000000 (main vs time-management-improvements)
Finished game 567 (time-management-improvements vs main): 1-0 {White wins by adjudication}
Score of time-management-improvements vs main: 251 - 135 - 179  [0.603] 565
Started game 569 of 2000000 (time-management-improvements vs main)
Finished game 566 (main vs time-management-improvements): 1/2-1/2 {Draw by 3-fold repetition}
Score of time-management-improvements vs main: 251 - 135 - 180  [0.602] 566
Started game 570 of 2000000 (main vs time-management-improvements)
Finished game 568 (main vs time-management-improvements): 0-1 {Black wins by adjudication}
Score of time-management-improvements vs main: 252 - 135 - 180  [0.603] 567
Started game 571 of 2000000 (time-management-improvements vs main)
Finished game 564 (main vs time-management-improvements): 1/2-1/2 {Draw by 3-fold repetition}
Score of time-management-improvements vs main: 252 - 135 - 181  [0.603] 568
Started game 572 of 2000000 (main vs time-management-improvements)
Finished game 569 (time-management-improvements vs main): 1-0 {White wins by adjudication}
Score of time-management-improvements vs main: 253 - 135 - 181  [0.604] 569
Started game 573 of 2000000 (time-management-improvements vs main)
Finished game 570 (main vs time-management-improvements): 0-1 {Black wins by adjudication}
Score of time-management-improvements vs main: 254 - 135 - 181  [0.604] 570
Started game 574 of 2000000 (main vs time-management-improvements)
Finished game 572 (main vs time-management-improvements): 1/2-1/2 {Draw by 3-fold repetition}
Score of time-management-improvements vs main: 254 - 135 - 182  [0.604] 571
Started game 575 of 2000000 (time-management-improvements vs main)
Finished game 573 (time-management-improvements vs main): 1-0 {White mates}
Score of time-management-improvements vs main: 255 - 135 - 182  [0.605] 572
Started game 576 of 2000000 (main vs time-management-improvements)
Finished game 571 (time-management-improvements vs main): 1-0 {White wins by adjudication}
Score of time-management-improvements vs main: 256 - 135 - 182  [0.606] 573
Started game 577 of 2000000 (time-management-improvements vs main)
Finished game 574 (main vs time-management-improvements): 1/2-1/2 {Draw by 3-fold repetition}
Score of time-management-improvements vs main: 256 - 135 - 183  [0.605] 574
Started game 578 of 2000000 (main vs time-management-improvements)
Finished game 575 (time-management-improvements vs main): 1-0 {White wins by adjudication}
Score of time-management-improvements vs main: 257 - 135 - 183  [0.606] 575
Started game 579 of 2000000 (time-management-improvements vs main)
Finished game 577 (time-management-improvements vs main): 1/2-1/2 {Draw by 3-fold repetition}
Score of time-management-improvements vs main: 257 - 135 - 184  [0.606] 576
Started game 580 of 2000000 (main vs time-management-improvements)
Finished game 576 (main vs time-management-improvements): 0-1 {Black wins by adjudication}
Score of time-management-improvements vs main: 258 - 135 - 184  [0.607] 577
Started game 581 of 2000000 (time-management-improvements vs main)
Finished game 578 (main vs time-management-improvements): 1/2-1/2 {Draw by 3-fold repetition}
Score of time-management-improvements vs main: 258 - 135 - 185  [0.606] 578
Started game 582 of 2000000 (main vs time-management-improvements)
Finished game 579 (time-management-improvements vs main): 1-0 {White wins by adjudication}
Score of time-management-improvements vs main: 259 - 135 - 185  [0.607] 579
Started game 583 of 2000000 (time-management-improvements vs main)
Finished game 581 (time-management-improvements vs main): 0-1 {Black wins by adjudication}
Score of time-management-improvements vs main: 259 - 136 - 185  [0.606] 580
Started game 584 of 2000000 (main vs time-management-improvements)
Finished game 580 (main vs time-management-improvements): 1-0 {White wins by adjudication}
Score of time-management-improvements vs main: 259 - 137 - 185  [0.605] 581
Started game 585 of 2000000 (time-management-improvements vs main)
Finished game 583 (time-management-improvements vs main): 1-0 {White wins by adjudication}
Score of time-management-improvements vs main: 260 - 137 - 185  [0.606] 582
Started game 586 of 2000000 (main vs time-management-improvements)
Finished game 585 (time-management-improvements vs main): 1-0 {White wins by adjudication}
Score of time-management-improvements vs main: 261 - 137 - 185  [0.606] 583
Started game 587 of 2000000 (time-management-improvements vs main)
Finished game 582 (main vs time-management-improvements): 1/2-1/2 {Draw by 3-fold repetition}
Score of time-management-improvements vs main: 261 - 137 - 186  [0.606] 584
Started game 588 of 2000000 (main vs time-management-improvements)
Finished game 584 (main vs time-management-improvements): 0-1 {Black wins by adjudication}
Score of time-management-improvements vs main: 262 - 137 - 186  [0.607] 585
Started game 589 of 2000000 (time-management-improvements vs main)
Finished game 586 (main vs time-management-improvements): 0-1 {Black wins by adjudication}
Score of time-management-improvements vs main: 263 - 137 - 186  [0.608] 586
Started game 590 of 2000000 (main vs time-management-improvements)
Finished game 589 (time-management-improvements vs main): 1-0 {White wins by adjudication}
Score of time-management-improvements vs main: 264 - 137 - 186  [0.608] 587
Started game 591 of 2000000 (time-management-improvements vs main)
Finished game 587 (time-management-improvements vs main): 1-0 {White wins by adjudication}
Score of time-management-improvements vs main: 265 - 137 - 186  [0.609] 588
Started game 592 of 2000000 (main vs time-management-improvements)
Finished game 590 (main vs time-management-improvements): 0-1 {Black wins by adjudication}
Score of time-management-improvements vs main: 266 - 137 - 186  [0.610] 589
Started game 593 of 2000000 (time-management-improvements vs main)
Finished game 588 (main vs time-management-improvements): 0-1 {Black wins by adjudication}
Score of time-management-improvements vs main: 267 - 137 - 186  [0.610] 590
Started game 594 of 2000000 (main vs time-management-improvements)
Finished game 591 (time-management-improvements vs main): 1-0 {White wins by adjudication}
Score of time-management-improvements vs main: 268 - 137 - 186  [0.611] 591
Started game 595 of 2000000 (time-management-improvements vs main)
Finished game 592 (main vs time-management-improvements): 1-0 {White wins by adjudication}
Score of time-management-improvements vs main: 268 - 138 - 186  [0.610] 592
Started game 596 of 2000000 (main vs time-management-improvements)
Finished game 594 (main vs time-management-improvements): 0-1 {Black wins by adjudication}
Score of time-management-improvements vs main: 269 - 138 - 186  [0.610] 593
Started game 597 of 2000000 (time-management-improvements vs main)
Finished game 593 (time-management-improvements vs main): 0-1 {Black wins by adjudication}
Score of time-management-improvements vs main: 269 - 139 - 186  [0.609] 594
Started game 598 of 2000000 (main vs time-management-improvements)
Finished game 596 (main vs time-management-improvements): 0-1 {Black wins by adjudication}
Score of time-management-improvements vs main: 270 - 139 - 186  [0.610] 595
Started game 599 of 2000000 (time-management-improvements vs main)
Finished game 595 (time-management-improvements vs main): 1-0 {White wins by adjudication}
Score of time-management-improvements vs main: 271 - 139 - 186  [0.611] 596
Started game 600 of 2000000 (main vs time-management-improvements)
Finished game 598 (main vs time-management-improvements): 1/2-1/2 {Draw by 3-fold repetition}
Score of time-management-improvements vs main: 271 - 139 - 187  [0.611] 597
Started game 601 of 2000000 (time-management-improvements vs main)
Finished game 597 (time-management-improvements vs main): 0-1 {Black wins by adjudication}
Score of time-management-improvements vs main: 271 - 140 - 187  [0.610] 598
Started game 602 of 2000000 (main vs time-management-improvements)
Finished game 600 (main vs time-management-improvements): 0-1 {Black wins by adjudication}
Score of time-management-improvements vs main: 272 - 140 - 187  [0.610] 599
Started game 603 of 2000000 (time-management-improvements vs main)
Finished game 602 (main vs time-management-improvements): 0-1 {Black wins by adjudication}
Score of time-management-improvements vs main: 273 - 140 - 187  [0.611] 600
Started game 604 of 2000000 (main vs time-management-improvements)
Finished game 601 (time-management-improvements vs main): 1-0 {White wins by adjudication}
Score of time-management-improvements vs main: 274 - 140 - 187  [0.611] 601
Started game 605 of 2000000 (time-management-improvements vs main)
Finished game 599 (time-management-improvements vs main): 1/2-1/2 {Draw by 3-fold repetition}
Score of time-management-improvements vs main: 274 - 140 - 188  [0.611] 602
Started game 606 of 2000000 (main vs time-management-improvements)
Finished game 603 (time-management-improvements vs main): 1/2-1/2 {Draw by 3-fold repetition}
Score of time-management-improvements vs main: 274 - 140 - 189  [0.611] 603
Started game 607 of 2000000 (time-management-improvements vs main)
Finished game 605 (time-management-improvements vs main): 1-0 {White wins by adjudication}
Score of time-management-improvements vs main: 275 - 140 - 189  [0.612] 604
Started game 608 of 2000000 (main vs time-management-improvements)
Finished game 606 (main vs time-management-improvements): 0-1 {Black wins by adjudication}
Score of time-management-improvements vs main: 276 - 140 - 189  [0.612] 605
Started game 609 of 2000000 (time-management-improvements vs main)
Finished game 607 (time-management-improvements vs main): 1-0 {White wins by adjudication}
Score of time-management-improvements vs main: 277 - 140 - 189  [0.613] 606
Started game 610 of 2000000 (main vs time-management-improvements)
Finished game 604 (main vs time-management-improvements): 0-1 {Black mates}
Score of time-management-improvements vs main: 278 - 140 - 189  [0.614] 607
Started game 611 of 2000000 (time-management-improvements vs main)
Finished game 608 (main vs time-management-improvements): 0-1 {Black wins by adjudication}
Score of time-management-improvements vs main: 279 - 140 - 189  [0.614] 608
Started game 612 of 2000000 (main vs time-management-improvements)
Finished game 610 (main vs time-management-improvements): 1/2-1/2 {Draw by 3-fold repetition}
Score of time-management-improvements vs main: 279 - 140 - 190  [0.614] 609
Started game 613 of 2000000 (time-management-improvements vs main)
Finished game 609 (time-management-improvements vs main): 1-0 {White wins by adjudication}
Score of time-management-improvements vs main: 280 - 140 - 190  [0.615] 610
Started game 614 of 2000000 (main vs time-management-improvements)
Finished game 611 (time-management-improvements vs main): 0-1 {Black wins by adjudication}
Score of time-management-improvements vs main: 280 - 141 - 190  [0.614] 611
Started game 615 of 2000000 (time-management-improvements vs main)
Finished game 612 (main vs time-management-improvements): 0-1 {Black wins by adjudication}
Score of time-management-improvements vs main: 281 - 141 - 190  [0.614] 612
Started game 616 of 2000000 (main vs time-management-improvements)
Finished game 613 (time-management-improvements vs main): 1-0 {White wins by adjudication}
Score of time-management-improvements vs main: 282 - 141 - 190  [0.615] 613
Started game 617 of 2000000 (time-management-improvements vs main)
Finished game 615 (time-management-improvements vs main): 1/2-1/2 {Draw by 3-fold repetition}
Score of time-management-improvements vs main: 282 - 141 - 191  [0.615] 614
Started game 618 of 2000000 (main vs time-management-improvements)
Finished game 614 (main vs time-management-improvements): 0-1 {Black wins by adjudication}
Score of time-management-improvements vs main: 283 - 141 - 191  [0.615] 615
Finished game 618 (main vs time-management-improvements): * {No result}
Score of time-management-improvements vs main: 283 - 141 - 191  [0.615] 615
Finished game 617 (time-management-improvements vs main): * {No result}
Score of time-management-improvements vs main: 283 - 141 - 191  [0.615] 615
Finished game 616 (main vs time-management-improvements): * {No result}
Score of time-management-improvements vs main: 283 - 141 - 191  [0.615] 615
...      time-management-improvements playing White: 133 - 78 - 97  [0.589] 308
...      time-management-improvements playing Black: 150 - 63 - 94  [0.642] 307
...      White vs Black: 196 - 228 - 191  [0.474] 615
Elo difference: 81.7 +/- 23.1, LOS: 100.0 %, DrawRatio: 31.1 %
SPRT: llr 2.96 (100.4%), lbound -2.94, ubound 2.94 - H1 was accepted

Player: time-management-improvements
   "Draw by 3-fold repetition": 179
   "Draw by adjudication": 8
   "Draw by insufficient mating material": 4
   "Loss: Black wins by adjudication": 78
   "Loss: White mates": 2
   "Loss: White wins by adjudication": 61
   "No result": 3
   "Win: Black mates": 3
   "Win: Black wins by adjudication": 147
   "Win: White mates": 11
   "Win: White wins by adjudication": 122
Player: main
   "Draw by 3-fold repetition": 179
   "Draw by adjudication": 8
   "Draw by insufficient mating material": 4
   "Loss: Black mates": 3
   "Loss: Black wins by adjudication": 147
   "Loss: White mates": 11
   "Loss: White wins by adjudication": 122
   "No result": 3
   "Win: Black wins by adjudication": 78
   "Win: White mates": 2
   "Win: White wins by adjudication": 61
Finished match
